kepoi_name,koi_disposition,koi_period,koi_duration,koi_depth,koi_prad,koi_insol,koi_teq,koi_impact,koi_model_snr,koi_steff,koi_slogg,koi_srad,koi_kepmag
K00752.01,CONFIRMED,9.48803557,2.9575,615.8,2.26,93.59,793.0,0.146,35.8,5455.0,4.467,0.927,15.347
K00752.02,CONFIRMED,54.4183827,4.507,874.8,2.83,9.11,443.0,0.586,25.8,5455.0,4.467,0.927,15.347
K00753.01,CANDIDATE,19.89913995,1.7822,10829.0,14.6,39.3,638.0,0.969,76.3,5853.0,4.544,0.868,15.436
K00754.01,FALSE POSITIVE,1.736952453,2.40641,8079.2,33.46,891.96,1395.0,1.276,505.6,5805.0,4.564,0.791,15.597
K00755.01,CONFIRMED,2.525591777,1.6545,603.3,2.75,926.16,1406.0,0.701,40.9,6031.0,4.438,1.046,15.509
K00756.01,CONFIRMED,11.09432054,4.5945,1517.5,3.9,114.81,835.0,0.538,66.5,6046.0,4.486,0.972,15.714
K00756.02,CONFIRMED,4.13443512,3.1402,686.0,2.77,427.65,1160.0,0.762,40.2,6046.0,4.486,0.972,15.714
K00756.03,CONFIRMED,2.56658897,2.429,226.5,1.59,807.74,1360.0,0.755,15.0,6046.0,4.486,0.972,15.714
K00114.01,FALSE POSITIVE,7.36178958,5.022,233.7,39.21,767.22,1342.0,1.169,47.7,6227.0,3.986,1.958,12.66
K00757.01,CONFIRMED,16.06864674,3.5347,4914.3,5.76,30.75,600.0,0.052,161.9,5031.0,4.485,0.848,15.841
K00001.01,CONFIRMED,2.470613377,1.74319,14230.9,13.04,761.46,1339.0,0.818,4304.3,5820.0,4.457,0.964,11.338
K00002.01,CONFIRMED,2.204735417,3.88864,6674.7,16.1,4148.92,2048.0,0.224,5945.9,6440.0,4.019,1.952,10.463
K00010.01,CONFIRMED,3.522498429,3.19843,9145.7,14.59,1264.67,1521.0,0.631,1741.5,6225.0,4.169,1.451,13.563
K00112.02,CONFIRMED,3.709214104,2.6302,131.1,1.16,500.46,1206.0,0.051,50.6,5833.0,4.407,1.022,12.772
K00742.01,FALSE POSITIVE,11.521446064,3.6399,17984.3,150.51,75.88,753.0,2.483,622.1,5795.0,4.554,0.848,15.472
K00743.01,FALSE POSITIVE,19.40393776,12.2155,8918.7,7.18,17.69,523.0,0.804,214.7,5043.0,4.591,0.68,15.487
K00744.01,FALSE POSITIVE,19.221388942,4.79843,74284.0,49.29,55.97,698.0,1.065,2317.0,6117.0,4.496,0.947,15.341
K00745.01,FALSE POSITIVE,16.46983774,9.4378,10478.9,7.94,29.61,595.0,0.292,303.4,5152.0,4.517,0.786,15.788
K00746.01,CONFIRMED,9.27358173,3.2875,1288.3,2.47,41.85,649.0,0.387,87.2,4856.0,4.583,0.696,15.302
K00747.01,CONFIRMED,6.02930329,1.5821,1912.7,2.85,50.04,678.0,0.258,65.4,4537.0,4.648,0.672,15.784
K00748.01,FALSE POSITIVE,2.696370652,3.6129,397.9,1.58,305.34,1066.0,0.044,48.2,4989.0,4.504,0.819,15.269
K00749.01,CONFIRMED,5.349553819,3.0278,831.0,2.55,168.99,919.0,0.092,60.6,5185.0,4.44,0.91,15.416
K00749.02,CONFIRMED,3.94105221,2.5984,363.3,1.7,253.15,1018.0,0.226,28.9,5185.0,4.44,0.91,15.416
K00749.03,CONFIRMED,8.10904807,3.596,217.4,1.3,97.03,800.0,0.025,14.1,5185.0,4.44,0.91,15.416
K00113.01,FALSE POSITIVE,386.6030528,6.8057,24926.6,41.5,1.84,297.0,0.9765,994.0,5543.0,4.081,1.58,12.394
K00750.01,CONFIRMED,21.67699193,3.4555,857.2,2.95,18.64,530.0,0.896,34.3,4954.0,4.5,0.828,15.377
K00751.01,CONFIRMED,4.99677968,2.1717,934.7,2.78,166.95,917.0,0.71,28.2,5339.0,4.552,0.847,15.861
K00769.01,CONFIRMED,4.280963604,2.875,750.8,2.3,247.87,1012.0,0.424,61.8,5644.0,4.564,0.831,15.356
K00770.01,FALSE POSITIVE,1.50635409,1.5155,2211.7,4.53,1054.12,1452.0,0.86,181.1,5714.0,4.563,0.831,15.525
K00771.01,FALSE POSITIVE,670.645531,53.412,18090.6,14.14,0.35,196.0,0.701,642.7,5520.0,4.466,0.983,15.207
K00772.01,FALSE POSITIVE,61.2563628,7.633,5123.3,39.87,15.43,505.0,1.248,85.3,6144.0,4.402,1.091,15.25
K00773.01,CONFIRMED,38.3775486,5.588,724.2,2.82,18.53,529.0,0.468,34.7,5481.0,4.369,1.036,15.172
K00757.02,CONFIRMED,41.19725502,4.6297,2213.9,3.86,8.76,439.0,0.045,51.2,5031.0,4.485,0.848,15.841
K00757.03,CONFIRMED,6.252962249,2.5819,1036.9,2.65,108.3,823.0,0.105,47.1,5031.0,4.485,0.848,15.841
K00758.01,CONFIRMED,16.01308419,3.2554,1121.9,3.1,29.31,593.0,0.799,33.2,5015.0,4.499,0.826,15.39
K00759.01,CONFIRMED,32.62876672,4.7971,1804.8,3.36,15.55,506.0,0.021,80.0,5586.0,4.56,0.798,15.082
K00759.02,CONFIRMED,91.7732862,6.473,652.0,2.12,3.92,359.0,0.606,19.1,5586.0,4.56,0.798,15.082
K00760.01,CONFIRMED,4.959319244,2.22739,9802.0,12.21,349.4,1103.0,0.831,696.5,5712.0,4.359,1.082,15.263
K00761.01,FALSE POSITIVE,2.701287801,3.3827,860.4,6.54,527.81,1222.0,1.016,48.3,5550.0,4.468,0.91,15.54
K00762.01,CONFIRMED,4.49876511,3.7362,460.0,2.1,389.62,1133.0,0.312,29.5,6075.0,4.486,0.969,15.395
K00763.01,FALSE POSITIVE,19.651209505,5.2514,11766.3,12.42,67.03,730.0,0.723,513.4,6074.0,4.391,1.063,15.536
K00115.01,CONFIRMED,5.412203927,2.9472,601.6,2.94,337.68,1093.0,0.787,166.7,5779.0,4.339,1.087,12.791
K00764.01,CONFIRMED,41.43958662,10.5989,2793.1,5.5,16.72,516.0,0.355,141.1,5468.0,4.367,1.046,15.4
K00765.01,CONFIRMED,8.35389523,2.2514,1041.6,2.52,91.9,790.0,0.023,43.4,5592.0,4.582,0.787,15.317
K00766.01,CONFIRMED,4.125543472,3.1744,1487.3,4.43,565.35,1243.0,0.597,128.6,6174.0,4.417,1.103,15.506
K00767.01,CONFIRMED,2.816504904,2.50587,16813.7,12.21,521.13,1219.0,0.105,1406.8,5532.0,4.452,0.955,15.052
K00768.01,FALSE POSITIVE,33.93373447,14.561,8503.7,7.34,8.11,430.0,0.812,236.1,5040.0,4.628,0.705,15.716
K00786.01,CONFIRMED,3.689920099,2.6557,426.7,1.89,408.99,1147.0,0.151,35.6,5880.0,4.518,0.917,15.242
K00787.01,CONFIRMED,4.431238488,3.15,1010.9,3.25,351.23,1104.0,0.405,71.1,5714.0,4.428,1.015,15.367
K00787.02,CONFIRMED,11.37936986,2.6255,1023.5,3.95,99.68,806.0,0.911,37.9,5714.0,4.428,1.015,15.367
K00788.01,CONFIRMED,26.39432897,3.573,1510.9,3.07,13.49,489.0,0.602,48.2,5129.0,4.595,0.763,15.234
K00116.01,CONFIRMED,13.57078281,3.3539,511.7,2.64,89.61,785.0,0.866,88.4,5854.0,4.406,1.012,12.882
K00115.02,CONFIRMED,7.12594387,3.0014,192.4,1.79,233.31,997.0,0.898,47.1,5779.0,4.339,1.087,12.791
K00774.01,FALSE POSITIVE,7.442652004,2.3078,24446.2,15.03,206.78,967.0,0.137,835.6,6108.0,4.469,0.956,15.27
K00775.01,CONFIRMED,16.38489988,3.0249,1127.1,2.0,8.35,433.0,0.001,28.9,4126.0,4.661,0.615,15.095
K00775.02,CONFIRMED,7.8774163,2.0805,1306.1,2.16,22.18,553.0,0.041,38.7,4126.0,4.661,0.615,15.095
K00775.03,CONFIRMED,36.4454001,4.007,1122.3,1.99,2.88,332.0,0.028,21.7,4126.0,4.661,0.615,15.095
K00776.01,CONFIRMED,3.728732147,2.683,5226.5,6.02,258.34,1023.0,0.558,345.2,5497.0,4.577,0.809,15.523
K00777.01,CANDIDATE,40.4195037,3.362,6256.0,7.51,11.29,467.0,0.911,36.9,5446.0,4.507,0.781,15.487
K00778.01,CONFIRMED,2.243380573,1.1196,821.7,1.99,107.6,822.0,0.915,38.9,4149.0,4.698,0.564,15.135
K00779.01,FALSE POSITIVE,10.405998015,6.5036,14488.8,11.23,113.94,833.0,0.324,745.2,5746.0,4.393,0.924,15.562
K00780.01,CONFIRMED,2.337437946,1.9982,971.2,2.34,311.16,1070.0,0.28,82.4,5005.0,4.595,0.765,15.334
K00780.02,CANDIDATE,7.2406612,0.558,556.4,19.45,68.63,734.0,1.198,13.7,5005.0,4.595,0.765,15.334
K00115.03,CANDIDATE,3.43591631,3.133,23.2,0.55,617.61,1272.0,0.624,8.7,5779.0,4.339,1.087,12.791
K00781.01,CONFIRMED,11.59822233,2.5237,2804.5,2.65,5.82,396.0,0.679,71.0,3688.0,4.79,0.473,15.937
K00782.01,CONFIRMED,6.575315881,4.3084,2793.3,5.31,251.38,1015.0,0.39,221.1,5992.0,4.415,0.989,15.312
K00783.01,CONFIRMED,7.275040844,7.5377,3001.0,4.86,113.64,833.0,0.547,312.1,5485.0,4.556,0.867,15.08
K00784.01,CONFIRMED,19.27153892,2.7594,1219.8,1.93,5.66,393.0,0.031,37.1,4077.0,4.702,0.56,15.385
K00784.02,CONFIRMED,10.06524317,1.369,1053.3,1.91,13.43,488.0,0.628,30.3,4077.0,4.702,0.56,15.385
K00785.01,CONFIRMED,12.3935651,3.8896,916.6,2.66,49.68,677.0,0.883,35.8,5557.0,4.603,0.75,15.505
K00116.02,CONFIRMED,43.84439721,6.802,615.2,2.87,18.77,531.0,0.852,83.7,5854.0,4.406,1.012,12.882
K00798.01,FALSE POSITIVE,3.341913228,3.813,725.3,21.55,268.67,1032.0,1.213,39.0,5295.0,4.551,0.811,15.629
K00799.01,FALSE POSITIVE,1.626630225,2.1145,1620.6,32.43,1355.88,1547.0,1.26,103.6,5735.0,4.41,0.973,15.279
K00800.01,CONFIRMED,2.711504086,3.0099,837.5,3.12,960.79,1420.0,0.023,64.5,6214.0,4.442,1.076,15.541
K00800.02,CONFIRMED,7.21203748,4.0491,950.4,3.32,260.58,1025.0,0.012,51.5,6214.0,4.442,1.076,15.541
K00789.01,FALSE POSITIVE,14.1798187,2.505,459.9,1.88,60.35,711.0,0.1601,11.2,5799.0,4.539,0.878,15.727
K00790.01,CONFIRMED,8.47237911,2.7245,1123.5,2.59,75.44,751.0,0.022,47.6,5354.0,4.587,0.788,15.339
K00790.02,CONFIRMED,60.4189369,5.039,931.3,2.36,5.49,390.0,0.094,20.1,5354.0,4.587,0.788,15.339
K00791.01,CONFIRMED,12.611904345,5.1497,6105.6,7.4,76.15,753.0,0.55,277.2,5795.0,4.508,0.919,15.14
K00792.01,FALSE POSITIVE,1.433769925,1.8868,1976.3,46.58,3209.29,1920.0,1.268,112.6,6017.0,4.22,1.339,15.122
K00793.01,FALSE POSITIVE,10.31872301,3.836,871.7,28.59,139.26,876.0,1.215,38.2,5927.0,4.409,1.06,15.065
K00794.01,CONFIRMED,2.539183147,2.4282,382.1,2.06,743.09,1332.0,0.238,38.9,5519.0,4.35,1.062,15.026
K00795.01,CONFIRMED,6.770300385,2.0844,1304.0,2.77,102.87,812.0,0.838,50.8,5653.0,4.656,0.679,15.591
K00796.01,FALSE POSITIVE,0.444291966,2.0792,10967.4,27.51,2706.26,1836.0,1.258,299.7,5255.0,4.678,0.636,15.748
K00797.01,CANDIDATE,10.181584004,3.5089,5741.1,7.73,102.91,812.0,0.92,183.6,5988.0,4.541,0.836,15.657
K00812.02,CONFIRMED,20.06036336,3.3203,1494.7,1.96,4.0,361.0,0.556,35.2,3950.0,4.754,0.493,15.954
K00812.03,CONFIRMED,46.1842039,4.758,1394.7,1.83,1.32,273.0,0.013,26.0,3950.0,4.754,0.493,15.954
K00116.04,CONFIRMED,23.9800854,5.351,104.0,1.31,41.94,649.0,0.95,17.1,5854.0,4.406,1.012,12.882
K00812.04,CONFIRMED,7.82502168,2.186,520.8,1.2,14.05,494.0,0.708,15.9,3950.0,4.754,0.493,15.954
K00813.01,CONFIRMED,3.895936525,2.3111,8544.8,7.34,241.62,1005.0,0.524,370.8,5557.0,4.592,0.774,15.725
K00814.01,CONFIRMED,22.36646466,5.228,986.8,2.32,19.45,536.0,0.4,32.1,5395.0,4.615,0.734,15.583
K00801.01,CONFIRMED,1.625522174,2.38963,7969.0,9.73,1467.41,1579.0,0.076,799.7,5539.0,4.322,1.106,15.001
K00802.01,CANDIDATE,19.620346923,2.0038,21724.6,13.6,40.39,643.0,0.458,340.5,5710.0,4.492,0.905,15.562
K00803.01,FALSE POSITIVE,7.544039,6.222,322.6,17.47,116.46,838.0,1.175,14.2,5657.0,4.567,0.824,15.559
K00804.01,CONFIRMED,9.02930689,3.1449,1019.8,2.57,77.75,757.0,0.024,53.9,5349.0,4.526,0.82,15.387
K00805.01,FALSE POSITIVE,10.328035714,7.7915,16917.7,13.28,119.31,843.0,0.281,636.8,5627.0,4.359,1.024,15.646
K00806.01,CONFIRMED,143.2063047,8.9302,10565.7,8.9,2.14,308.0,0.379,138.8,5485.0,4.556,0.867,15.403
K00116.03,CONFIRMED,6.164876,3.262,55.8,0.79,256.35,1021.0,0.646,14.4,5854.0,4.406,1.012,12.882
K00806.02,CONFIRMED,60.32494216,6.6188,20280.4,12.19,6.77,411.0,0.224,347.2,5485.0,4.556,0.867,15.403
K00806.03,CONFIRMED,29.1598615,4.803,488.0,1.91,17.85,524.0,0.3619,11.6,5485.0,4.556,0.867,15.403
K00807.01,FALSE POSITIVE,1.540397253,2.1541,816.1,25.69,1105.68,1470.0,1.225,38.8,5663.0,4.53,0.915,15.974
K00808.01,FALSE POSITIVE,2.99025443,5.414,589.2,1.7,168.45,918.0,0.014,48.5,4667.0,4.578,0.731,15.842
K00809.01,CONFIRMED,1.594745374,1.9604,15044.5,11.3,1329.42,1539.0,0.514,1009.3,5934.0,4.491,0.893,15.53
K00810.01,CONFIRMED,4.783002698,2.335,1008.7,2.5,145.48,886.0,0.003,70.6,5170.0,4.574,0.807,15.119
K00811.01,CONFIRMED,20.50588921,4.0595,2105.5,3.41,17.06,518.0,0.26,78.5,4905.0,4.544,0.761,15.398
K00812.01,CONFIRMED,3.340218842,1.9104,1632.6,2.03,43.73,656.0,0.466,71.6,3950.0,4.754,0.493,15.954
K00828.01,FALSE POSITIVE,2.507089906,2.0067,1339.2,30.26,730.47,1326.0,1.255,64.9,5926.0,4.506,0.939,15.555
K00829.01,CONFIRMED,18.64932728,4.4056,893.6,3.12,57.13,701.0,0.08,46.1,5775.0,4.405,1.053,15.386
K00117.02,CONFIRMED,4.90144976,4.1654,140.7,1.7,598.74,1262.0,0.529,50.6,5847.0,4.191,1.402,12.487
K00829.02,CONFIRMED,9.75192101,4.793,418.0,2.76,135.66,870.0,0.949,28.5,5775.0,4.405,1.053,15.386
K00829.03,CONFIRMED,38.5576546,5.794,993.0,4.02,21.71,550.0,0.911,39.7,5775.0,4.405,1.053,15.386
K00830.01,CONFIRMED,3.525632539,2.59959,22335.0,11.58,213.12,975.0,0.12,1996.7,5150.0,4.572,0.793,15.224
K00815.01,CANDIDATE,34.84398644,2.9315,4523.6,7.61,16.1,511.0,0.934,76.8,5509.0,4.482,0.871,15.684
K00816.01,CONFIRMED,7.748094239,3.5957,2472.1,5.52,204.39,964.0,0.517,113.2,5973.0,4.439,1.085,15.67
K00817.01,CONFIRMED,23.96793669,3.827,1182.3,1.8,2.77,329.0,0.416,27.5,3747.0,4.728,0.524,15.414
K00817.02,CONFIRMED,8.29561738,1.3421,824.3,1.82,11.39,469.0,0.888,17.9,3747.0,4.728,0.524,15.414
K00818.01,CONFIRMED,8.11437482,2.2736,1558.0,2.1,10.55,460.0,0.573,56.4,3692.0,4.753,0.517,15.877
K00819.01,FALSE POSITIVE,38.036729482,4.34617,82871.6,27.5,14.81,500.0,0.501,1300.0,5575.0,4.521,0.932,15.472
K00820.01,CANDIDATE,4.64090031,35.512,2450.6,30.09,421.08,1155.0,1.28,296.9,6463.0,4.5,0.826,15.27
K00011.01,FALSE POSITIVE,3.747838198,5.0642,616.0,13.65,266.76,1031.0,1.121,138.2,5514.0,4.569,0.826,13.496
K00117.01,CONFIRMED,14.74914825,6.0995,430.2,2.89,137.91,874.0,0.173,107.4,5847.0,4.191,1.402,12.487
K00821.01,CONFIRMED,21.81295996,4.3791,1175.4,3.38,39.33,639.0,0.053,37.8,5601.0,4.41,0.999,15.54
K00822.01,FALSE POSITIVE,7.91936937,3.3148,15148.1,10.34,104.0,814.0,0.733,389.0,5690.0,4.588,0.776,15.805
K00823.01,CANDIDATE,1.028436523,1.8606,8098.0,72.77,3400.48,1947.0,1.5734,89.6,6228.0,4.428,0.99,15.202
K00824.01,CONFIRMED,15.37562369,3.3169,15337.0,11.01,30.54,600.0,0.692,166.0,4986.0,4.496,0.833,16.422
K00825.01,CONFIRMED,8.10363271,3.161,887.9,2.11,52.82,687.0,0.047,39.3,4861.0,4.574,0.732,15.289
K00825.02,CONFIRMED,4.71510843,2.506,417.5,1.46,108.84,823.0,0.258,21.3,4861.0,4.574,0.732,15.289
K00826.01,CONFIRMED,6.365839713,2.9721,780.7,2.44,165.33,914.0,0.524,70.8,5776.0,4.554,0.849,15.09
K00827.01,FALSE POSITIVE,5.97581754,3.065,962.4,3.86,284.25,1047.0,0.941,50.3,6108.0,4.471,0.997,15.546
K00839.01,FALSE POSITIVE,2.446737317,4.7211,1177.9,26.25,597.19,1261.0,1.241,110.2,5764.0,4.548,0.863,15.021
K00840.01,CONFIRMED,3.04033046,1.8411,10858.8,8.99,257.29,1021.0,0.736,568.2,5035.0,4.519,0.791,15.028
K00841.01,CONFIRMED,15.33528675,3.897,3081.4,5.0,32.67,610.0,0.773,86.6,5251.0,4.581,0.817,15.855
K00117.04,CONFIRMED,7.95825328,4.377,50.0,1.06,314.15,1074.0,0.706,14.7,5847.0,4.191,1.402,12.487
K00841.02,CONFIRMED,31.33046135,5.176,5073.8,6.5,12.61,481.0,0.798,117.2,5251.0,4.581,0.817,15.855
K00831.01,FALSE POSITIVE,3.9043425,3.831,16228.4,12.28,351.05,1104.0,0.709,323.4,5810.0,4.526,0.898,15.016
K00832.01,FALSE POSITIVE,9.286358079,3.49949,44791.4,17.61,95.03,796.0,0.377,1671.1,5670.0,4.523,0.821,15.365
K00833.01,FALSE POSITIVE,3.951405455,2.1862,2453.9,31.44,388.71,1133.0,1.276,117.2,6046.0,4.539,0.869,15.446
K00834.01,CONFIRMED,23.65369415,8.2183,3341.8,7.89,67.65,731.0,0.008,266.3,5739.0,4.191,1.384,15.084
K00834.02,CONFIRMED,13.23352214,6.7372,504.6,3.06,146.67,888.0,0.014,49.1,5739.0,4.191,1.384,15.084
K00834.03,CONFIRMED,6.15560285,4.9843,285.0,2.32,406.94,1146.0,0.235,35.1,5739.0,4.191,1.384,15.084
K00834.04,CONFIRMED,2.090811305,3.388,115.9,1.62,1718.04,1642.0,0.746,19.9,5739.0,4.191,1.384,15.084
K00117.03,CONFIRMED,3.180027898,3.5797,120.3,1.53,1066.86,1458.0,0.196,50.4,5847.0,4.191,1.402,12.487
K00834.05,CONFIRMED,50.4467417,7.159,370.3,2.67,24.64,568.0,0.379,19.4,5739.0,4.191,1.384,15.084
K00835.01,CONFIRMED,11.76307164,2.9076,1037.3,2.35,33.99,616.0,0.048,48.9,4959.0,4.603,0.756,15.208
K00835.02,CONFIRMED,56.2279271,3.57,862.7,2.37,4.22,366.0,0.7,20.9,4959.0,4.603,0.756,15.208
K00836.01,FALSE POSITIVE,2.384052875,3.0918,1268.1,17.06,244.87,1010.0,1.178,50.5,4794.0,4.58,0.701,15.836
K00837.01,CONFIRMED,7.953547,2.6312,875.4,2.25,55.37,696.0,0.3,38.4,4768.0,4.536,0.779,15.66
K00837.02,CONFIRMED,4.14451656,2.3421,391.8,1.48,132.08,864.0,0.004,22.8,4768.0,4.536,0.779,15.66
K00838.01,FALSE POSITIVE,4.859386384,2.2757,6044.3,38.33,364.23,1114.0,1.259,269.7,6072.0,4.47,0.988,15.311
K00850.01,CONFIRMED,10.526294577,2.5211,9768.0,8.24,61.16,713.0,0.644,482.3,5386.0,4.553,0.793,15.305
K00851.01,CONFIRMED,4.583520948,2.7055,3812.1,5.39,274.98,1038.0,0.045,99.5,5815.0,4.54,0.877,15.287
K00852.01,CONFIRMED,3.76181843,3.5176,510.6,2.66,372.62,1121.0,0.926,35.9,5653.0,4.472,0.949,15.257
K00853.01,CONFIRMED,8.20396958,2.9667,1024.4,3.01,71.5,742.0,0.823,54.4,5015.0,4.499,0.826,15.376
K00853.02,CONFIRMED,14.49645186,4.016,647.5,3.01,33.48,613.0,0.97,25.7,5015.0,4.499,0.826,15.376
K00841.03,CONFIRMED,6.54626149,2.75,655.9,2.19,101.78,810.0,0.644,24.8,5251.0,4.581,0.817,15.855
K00842.01,CONFIRMED,12.71809866,3.0957,1149.4,2.31,23.6,562.0,0.427,52.7,4702.0,4.592,0.686,15.389
K00842.02,CONFIRMED,36.06588163,4.3246,1563.8,2.64,5.88,397.0,0.26,51.7,4702.0,4.592,0.686,15.389
K00843.01,CONFIRMED,4.190425659,2.8589,2877.4,6.21,547.9,1234.0,0.458,240.6,6073.0,4.392,1.135,15.27
K00844.01,CONFIRMED,3.709870784,3.0694,2020.3,4.35,415.1,1151.0,0.023,116.1,5727.0,4.463,0.978,15.581
K00845.01,CONFIRMED,16.3297527,6.271,1187.5,3.75,66.08,727.0,0.791,74.6,5878.0,4.444,0.987,15.447
K00846.01,CONFIRMED,27.807566216,4.21587,25391.1,13.84,22.24,554.0,0.782,748.1,5862.0,4.584,0.785,15.482
K00847.01,CONFIRMED,80.8723469,11.195,3604.6,7.59,9.88,452.0,0.527,160.9,5510.0,4.222,1.238,15.201
K00848.01,FALSE POSITIVE,3.166465862,2.9381,4357.2,26.82,196.31,954.0,1.266,122.1,4968.0,4.575,0.704,15.999
K00118.01,CONFIRMED,24.99324319,5.9409,269.6,2.29,60.88,712.0,0.686,62.0,5718.0,4.181,1.317,12.377
K00849.01,CONFIRMED,10.35533116,3.1775,750.6,2.47,86.22,777.0,0.029,49.2,5501.0,4.462,0.918,15.018
K00867.01,CONFIRMED,16.08518937,3.984,1442.4,3.68,33.43,613.0,0.867,62.6,5239.0,4.523,0.826,15.219
K00868.01,CANDIDATE,235.9986399,8.2284,20714.6,10.59,0.29,188.0,0.778,271.8,4245.0,4.627,0.657,15.172
K00869.01,CONFIRMED,7.49018305,2.7297,1123.6,2.56,76.06,753.0,0.02,53.0,5103.0,4.562,0.787,15.599
K00869.02,CONFIRMED,36.2761238,4.7865,1572.6,3.03,9.29,445.0,0.035,45.5,5103.0,4.562,0.787,15.599
K00869.03,CONFIRMED,17.46087931,2.2641,812.4,2.32,24.6,568.0,0.594,22.6,5103.0,4.562,0.787,15.599
K00854.01,CONFIRMED,56.0560754,4.685,1626.0,1.94,0.69,233.0,0.018,27.4,3593.0,4.757,0.491,15.849
K00855.01,CONFIRMED,41.408316686,5.0264,22838.9,11.38,9.93,453.0,0.377,907.8,5522.0,4.586,0.747,15.196
K00856.01,CANDIDATE,39.74893077,7.3051,15178.9,14.21,21.87,552.0,0.881,561.1,6122.0,4.487,0.964,15.344
K00857.01,CONFIRMED,5.715425977,2.5242,908.1,2.47,123.03,850.0,0.348,59.4,5237.0,4.572,0.826,15.086
K00119.01,CONFIRMED,49.18394185,11.3364,1646.2,8.2,47.4,669.0,0.035,355.7,5626.0,3.907,2.057,12.654
K00857.02,CONFIRMED,20.0261412,1.611,421.2,2.28,23.14,559.0,0.957,10.7,5237.0,4.572,0.826,15.086
K00858.01,CANDIDATE,13.61014819,2.594,5732.9,19.02,68.29,733.0,1.081,184.1,5697.0,4.46,0.903,15.06
K00859.01,FALSE POSITIVE,10.44331991,2.743,1159.8,2.66,46.94,667.0,0.23,51.7,4947.0,4.516,0.802,15.546
K00861.01,CONFIRMED,2.237489571,1.8119,315.8,1.41,427.17,1160.0,0.128,30.7,5265.0,4.58,0.81,15.001
K00862.01,FALSE POSITIVE,5.851520671,3.11058,33003.6,14.62,155.89,901.0,0.211,1630.4,5532.0,4.53,0.806,15.33
K00863.01,CONFIRMED,3.167893418,2.1814,781.2,2.62,526.23,1221.0,0.026,64.8,5895.0,4.503,0.94,15.533
K00864.01,CONFIRMED,4.311780262,2.7251,1154.0,3.11,274.84,1038.0,0.196,86.1,5527.0,4.484,0.927,15.604
K00864.02,CONFIRMED,20.0504494,4.556,840.9,2.69,35.44,622.0,0.383,37.8,5527.0,4.484,0.927,15.604
K00864.03,CONFIRMED,9.76734503,1.6585,569.1,2.67,92.46,791.0,0.9,21.1,5527.0,4.484,0.927,15.604
K00865.01,CANDIDATE,119.0207044,8.1405,7430.5,8.98,4.25,366.0,0.076,223.5,5453.0,4.342,1.062,15.085
K00119.02,CONFIRMED,190.3200468,15.284,1141.7,7.78,7.8,426.0,0.812,139.3,5626.0,3.907,2.057,12.654
K00866.01,FALSE POSITIVE,2.861159894,1.8832,1014.3,4.37,797.1,1355.0,0.965,58.3,6126.0,4.458,1.021,15.618
K00880.01,CONFIRMED,26.44439337,3.9783,1843.5,3.91,23.54,562.0,0.03,88.0,5427.0,4.463,0.929,15.158
K00880.02,CONFIRMED,51.53997972,6.3994,3644.3,5.51,9.67,450.0,0.183,155.5,5427.0,4.463,0.929,15.158
K00880.03,CONFIRMED,5.902245782,2.9003,702.3,2.43,173.74,926.0,0.209,59.3,5427.0,4.463,0.929,15.158
K00880.04,CONFIRMED,2.382951591,1.8876,391.6,1.86,583.01,1253.0,0.479,41.4,5427.0,4.463,0.929,15.158
K00881.01,CONFIRMED,21.02250608,4.1072,1772.5,3.07,17.48,521.0,0.036,62.4,5067.0,4.585,0.75,15.859
K00869.04,CONFIRMED,3.219814777,2.0642,488.2,1.69,234.93,998.0,0.06,30.5,5103.0,4.562,0.787,15.599
K00870.01,CONFIRMED,5.912273234,2.3254,961.4,1.73,27.72,585.0,0.17,62.8,4072.0,4.696,0.57,15.036
K00870.02,CONFIRMED,8.98581901,2.8606,881.3,1.65,15.9,509.0,0.008,51.8,4072.0,4.696,0.57,15.036
K00871.01,CANDIDATE,12.940668656,2.4845,42450.0,22.94,64.64,723.0,0.897,307.5,5875.0,4.572,0.809,15.215
K00120.01,FALSE POSITIVE,20.5452375,2.517,218.5,2.41,71.57,742.0,0.95,18.5,5670.0,4.206,1.264,12.003
K00872.01,CONFIRMED,33.60123371,4.4056,7425.9,8.46,14.22,495.0,0.67,247.9,5149.0,4.447,0.93,15.262
K00872.02,CONFIRMED,6.76652928,2.9004,450.7,1.97,120.48,845.0,0.429,29.2,5149.0,4.447,0.93,15.262
K00873.01,CONFIRMED,4.347288783,2.1024,451.6,2.36,449.79,1174.0,0.025,39.7,5754.0,4.345,1.122,15.024
K00874.01,CONFIRMED,4.601811819,2.2607,755.9,2.35,152.91,896.0,0.567,60.8,4986.0,4.496,0.833,15.024
K00874.02,CONFIRMED,11.18719905,3.252,353.6,1.55,46.65,667.0,0.387,21.9,4986.0,4.496,0.833,15.024
K00875.01,CONFIRMED,4.220965778,3.0854,2260.0,2.62,29.68,595.0,0.705,157.8,3837.0,4.747,0.517,15.692
K00876.01,FALSE POSITIVE,6.998099523,2.0488,20285.0,588.66,125.22,853.0,7.361,192.3,5612.0,4.566,0.829,15.877
K00877.01,CONFIRMED,5.95489993,2.3892,1410.7,2.33,38.52,635.0,0.327,87.2,4261.0,4.641,0.633,15.019
K00877.02,CONFIRMED,12.03987488,2.7363,1250.6,2.18,15.06,502.0,0.286,57.6,4261.0,4.641,0.633,15.019
K00877.03,CONFIRMED,20.83762895,2.3734,439.0,1.42,7.24,418.0,0.706,14.9,4261.0,4.641,0.633,15.019
K00121.01,FALSE POSITIVE,8.8111022,5.0683,401.1,63.66,904.92,1399.0,1.223,76.8,6200.0,3.8,2.404,12.759
K00878.01,CONFIRMED,23.58917143,5.073,1200.7,3.16,13.34,487.0,0.926,53.3,4919.0,4.566,0.721,15.316
K00123.01,CONFIRMED,6.481633073,3.784,298.5,2.54,406.25,1145.0,0.833,125.6,5945.0,4.213,1.302,12.365
K00892.01,CONFIRMED,10.37168928,3.035,1254.9,3.2,63.68,720.0,0.537,64.5,5121.0,4.457,0.888,15.193
K00892.02,CONFIRMED,3.96996298,1.1757,299.2,1.78,229.37,992.0,0.836,15.0,5121.0,4.457,0.888,15.193
K00893.01,CONFIRMED,4.40841331,5.012,549.4,2.66,398.0,1139.0,0.899,45.1,6007.0,4.457,0.961,15.662
K00894.01,FALSE POSITIVE,7.9426176,6.703,1590.7,4.68,140.57,878.0,0.942,60.4,5811.0,4.521,0.926,15.26
K00881.02,CONFIRMED,226.8904775,7.558,3136.4,4.53,0.73,236.0,0.731,46.8,5067.0,4.585,0.75,15.859
K00882.01,FALSE POSITIVE,1.956811408,2.1958,24905.0,21.58,357.16,1109.0,1.091,125.4,5209.0,4.657,0.603,15.533
K00883.01,CANDIDATE,2.688899233,2.11275,37491.6,12.04,175.76,929.0,0.001,1011.6,4820.0,4.667,0.639,15.766
K00884.01,CONFIRMED,9.439459486,2.8979,3036.1,4.16,52.32,686.0,0.049,175.2,5097.0,4.597,0.779,15.067
K00122.01,CONFIRMED,11.523067458,3.8757,507.3,3.13,174.81,927.0,0.0,142.0,5644.0,4.162,1.411,12.346
K00884.02,CONFIRMED,20.47748843,2.8364,1382.4,2.92,18.65,530.0,0.497,52.7,5097.0,4.597,0.779,15.067
K00884.03,CONFIRMED,3.336123113,1.9616,516.3,1.74,209.79,970.0,0.252,41.6,5097.0,4.597,0.779,15.067
K00886.01,CONFIRMED,8.01078456,2.312,1333.6,1.72,9.9,453.0,0.192,48.5,3713.0,4.779,0.47,15.847
K00886.02,CONFIRMED,12.07134205,4.3224,759.2,1.29,5.74,395.0,0.014,31.0,3713.0,4.779,0.47,15.847
K00886.03,CONFIRMED,20.99587872,2.6333,767.3,1.3,2.74,328.0,0.228,18.2,3713.0,4.779,0.47,15.847
K00887.01,CONFIRMED,7.41113177,2.5242,620.5,2.45,158.11,905.0,0.712,50.4,5849.0,4.517,0.919,15.031
K00888.01,FALSE POSITIVE,1.000747038,0.9967,1823.5,4.14,1635.2,1620.0,0.908,147.4,5472.0,4.499,0.79,15.419
K00889.01,CONFIRMED,8.884922995,2.07004,16053.4,10.51,83.21,770.0,0.069,388.2,5332.0,4.5,0.843,15.264
K00890.01,CONFIRMED,8.09888906,4.20241,6911.1,8.95,223.19,986.0,0.018,435.9,6214.0,4.442,1.076,15.261
K00891.01,CONFIRMED,10.00653012,5.344,936.1,3.52,139.21,876.0,0.862,71.9,6063.0,4.47,1.001,15.063
K00012.01,CONFIRMED,17.855221681,7.41287,9065.2,13.16,163.04,911.0,0.075,915.7,6823.0,4.308,1.367,11.353
K00901.01,CANDIDATE,12.732624065,2.2083,6465.7,4.87,8.22,432.0,0.811,210.5,3950.0,4.721,0.541,15.75
K00902.01,CANDIDATE,83.92494032,6.7904,7958.7,4.78,0.62,226.0,0.658,182.1,3960.0,4.746,0.509,15.754
K00903.01,CONFIRMED,5.007316661,4.2362,6932.3,6.96,234.28,998.0,0.344,431.4,5865.0,4.563,0.827,15.813
K00904.01,CONFIRMED,2.211116989,1.6485,724.2,1.85,177.19,931.0,0.69,42.6,4500.0,4.656,0.646,15.791
K00904.02,CONFIRMED,27.9541337,3.95,942.5,1.9,6.04,400.0,0.063,25.4,4500.0,4.656,0.646,15.791
K00124.01,CONFIRMED,12.69104387,3.7727,252.1,2.57,244.3,1008.0,0.008,60.2,5869.0,4.024,1.626,12.935
K00895.01,FALSE POSITIVE,4.409409243,3.8636,12861.0,10.95,347.06,1101.0,0.028,85.8,5600.0,4.368,0.975,15.403
K00896.01,CONFIRMED,16.23947096,4.0374,2590.7,4.14,30.14,598.0,0.043,123.8,5191.0,4.564,0.837,15.258
K00896.02,CONFIRMED,6.308201629,2.9785,1328.5,2.96,106.44,819.0,0.03,86.2,5191.0,4.564,0.837,15.258
K00897.01,CONFIRMED,2.052349884,2.0778,14280.6,13.12,1183.18,1497.0,0.437,1072.1,5855.0,4.393,1.08,15.257
K00898.01,CONFIRMED,9.7704486,2.4517,1897.8,2.23,10.59,460.0,0.09,58.0,3906.0,4.73,0.509,15.777
K00898.02,CONFIRMED,5.169804269,2.153,1037.4,1.66,24.75,569.0,0.351,41.4,3906.0,4.73,0.509,15.777
K00123.02,CONFIRMED,21.22261195,6.5093,366.0,2.48,83.56,771.0,0.02,114.9,5945.0,4.213,1.302,12.365
K00898.03,CONFIRMED,20.09017037,4.154,1432.1,2.25,4.05,362.0,0.886,36.9,3906.0,4.73,0.509,15.777
K00899.01,CONFIRMED,7.11373257,2.1764,807.6,1.16,8.01,429.0,0.334,44.4,3561.0,4.855,0.411,15.234
K00899.02,CONFIRMED,3.306551643,1.8177,509.2,0.91,22.19,554.0,0.001,37.8,3561.0,4.855,0.411,15.234
K00899.03,CONFIRMED,15.36845737,2.4714,756.1,1.11,2.86,332.0,0.115,30.9,3561.0,4.855,0.411,15.234
K00900.01,CONFIRMED,13.81020318,3.048,1309.7,4.56,113.75,833.0,0.791,46.2,5942.0,4.327,1.142,15.425
K00911.01,CONFIRMED,4.093578461,2.5833,538.6,2.85,461.07,1182.0,0.93,36.4,6077.0,4.471,0.999,15.399
K00911.02,CONFIRMED,105.145959,8.593,685.4,3.43,6.09,401.0,0.964,15.4,6077.0,4.471,0.999,15.399
K00912.01,CONFIRMED,10.8484518,2.9993,1675.6,2.34,14.66,499.0,0.21,64.5,4201.0,4.682,0.591,15.058
K00912.02,CONFIRMED,6.66833241,1.915,362.3,1.18,28.06,587.0,0.644,14.2,4201.0,4.682,0.591,15.058
K00913.01,CONFIRMED,4.082274889,3.23015,17859.2,10.55,251.48,1016.0,0.093,1669.1,5655.0,4.581,0.794,15.198
K00914.01,CANDIDATE,3.886655224,3.1646,581.6,1.87,246.29,1010.0,0.649,48.1,5662.0,4.61,0.738,15.371
K00904.03,CONFIRMED,42.1406089,5.083,895.5,1.85,3.49,349.0,0.045,21.6,4500.0,4.656,0.646,15.791
K00904.04,CONFIRMED,4.617490562,2.2618,575.8,1.62,66.47,728.0,0.649,28.1,4500.0,4.656,0.646,15.791
K00904.05,CONFIRMED,10.19849255,2.4283,634.1,1.75,23.11,559.0,0.714,21.4,4500.0,4.656,0.646,15.791
K00905.01,FALSE POSITIVE,5.795063956,3.2496,1692.9,4.33,192.74,950.0,0.949,119.4,5865.0,4.563,0.827,15.289
K00906.01,CONFIRMED,7.15681552,2.5882,867.0,2.47,88.23,782.0,0.45,47.7,5029.0,4.494,0.838,15.46
K00906.02,CONFIRMED,17.64830851,2.0873,763.3,2.43,26.49,579.0,0.653,23.8,5029.0,4.494,0.838,15.46
K00906.03,CONFIRMED,4.14810719,2.535,175.2,1.08,182.76,938.0,0.093,12.9,5029.0,4.494,0.838,15.46
K00907.01,CONFIRMED,16.51410989,4.1575,973.5,2.72,43.57,655.0,0.395,55.9,5527.0,4.488,0.866,15.223
K00907.02,CONFIRMED,30.1329298,5.172,1015.8,3.14,19.55,536.0,0.839,44.8,5527.0,4.488,0.866,15.223
K00907.03,CONFIRMED,4.79090809,2.603,251.3,1.36,227.24,990.0,0.11,21.2,5527.0,4.488,0.866,15.223
K00124.02,CONFIRMED,31.71981013,4.819,363.4,3.09,71.97,743.0,0.125,63.1,5869.0,4.024,1.626,12.935
K00907.04,CONFIRMED,99.6415962,4.448,952.5,2.64,3.97,360.0,0.028,22.7,5527.0,4.488,0.866,15.223
K00908.01,CONFIRMED,4.708326451,3.16114,7912.7,10.6,431.02,1162.0,0.061,633.4,5560.0,4.246,1.21,15.113
K00909.01,FALSE POSITIVE,16.37198661,3.8449,4147.6,540.37,8.71,438.0,9.303,54.5,4187.0,4.656,0.592,15.654
K00910.01,CONFIRMED,5.392026903,2.9804,1151.4,2.68,123.33,850.0,0.314,77.4,5198.0,4.589,0.801,15.651
K00928.01,CANDIDATE,2.494170338,1.1221,863.7,2.42,480.19,1194.0,0.095,69.2,5569.0,4.566,0.829,15.251
K00929.01,CONFIRMED,6.491682808,4.301,7163.3,9.66,301.54,1062.0,0.535,502.3,6123.0,4.413,1.107,15.649
K00930.01,FALSE POSITIVE,3.044770796,10.0134,1695.0,24.54,317.36,1076.0,1.252,203.5,5525.0,4.603,0.753,15.621
K00931.01,CONFIRMED,3.855603916,3.2179,16652.7,13.61,508.65,1212.0,0.348,1173.9,6033.0,4.46,1.046,15.272
K00932.01,FALSE POSITIVE,3.855599139,3.183,1030.9,3.57,425.74,1158.0,0.864,90.1,5936.0,4.501,0.965,15.054
K00125.01,CONFIRMED,38.47876629,5.04169,23530.0,13.26,13.01,484.0,0.003,1077.8,5510.0,4.539,0.879,13.779
K00915.01,FALSE POSITIVE,37.601661282,8.30604,59130.1,27.22,31.86,606.0,0.408,1667.3,6140.0,4.354,1.096,15.505
K00916.01,CONFIRMED,3.314947362,1.8007,1398.2,3.94,421.03,1155.0,0.799,123.5,5609.0,4.481,0.944,15.142
K00917.01,FALSE POSITIVE,6.71969089,3.0231,969.7,4.37,194.18,952.0,0.985,45.4,5931.0,4.479,0.866,15.172
K00918.01,CONFIRMED,39.6431552,6.5292,15663.8,10.98,11.74,472.0,0.062,690.3,5231.0,4.455,0.9,15.011
K00919.01,FALSE POSITIVE,51.42598578,16.9422,66067.7,29.66,21.4,549.0,0.203,1843.8,6257.0,4.41,1.147,15.631
K00920.01,CONFIRMED,21.80451611,3.4097,1144.9,2.6,20.48,543.0,0.751,49.9,5481.0,4.629,0.708,15.067
K00921.01,CONFIRMED,10.28194593,3.4366,1110.7,2.53,50.6,680.0,0.168,55.0,5196.0,4.593,0.775,15.532
K00921.02,CONFIRMED,18.11993039,4.2309,1506.9,2.95,23.77,563.0,0.206,60.7,5196.0,4.593,0.775,15.532
K00921.03,CONFIRMED,3.78402867,1.9012,426.1,1.7,191.78,949.0,0.691,25.6,5196.0,4.593,0.775,15.532
K00922.01,CONFIRMED,5.15448142,3.228,697.5,2.94,204.1,964.0,0.933,48.1,5431.0,4.457,0.884,15.365
K00126.01,FALSE POSITIVE,33.80364366,11.4813,13494.4,20.7,72.71,745.0,0.023,529.9,5855.0,3.999,1.796,13.109
K00923.01,CONFIRMED,5.743469797,3.4412,1240.2,3.13,219.95,982.0,0.001,79.7,5897.0,4.531,0.891,15.543
K00924.01,CANDIDATE,39.4759093,2.968,1012.6,4.06,26.13,577.0,0.938,26.6,6225.0,4.45,1.031,15.229
K00925.01,FALSE POSITIVE,19.974485239,4.23479,40293.1,26.56,56.84,700.0,0.886,1398.8,6108.0,4.471,0.997,15.217
K00926.01,CONFIRMED,3.166353562,3.3129,1473.4,3.82,621.92,1273.0,0.032,128.3,6007.0,4.47,0.998,15.603
K00927.01,FALSE POSITIVE,23.899634407,3.81881,20953.1,44.04,42.8,652.0,1.245,547.8,6192.0,4.503,0.924,15.453
K00939.01,CONFIRMED,3.388012244,2.6849,280.1,2.11,705.93,1315.0,0.433,30.6,5553.0,4.221,1.25,15.065
K00939.02,CONFIRMED,5.83909761,3.1915,273.6,2.06,341.48,1097.0,0.341,25.2,5553.0,4.221,1.25,15.065
K00939.03,CONFIRMED,1.620467654,2.1888,159.6,1.57,1893.42,1681.0,0.271,22.7,5553.0,4.221,1.25,15.065
K00939.04,CONFIRMED,10.6816951,3.605,307.8,2.3,152.75,897.0,0.646,21.9,5553.0,4.221,1.25,15.065
K00940.01,CONFIRMED,6.104849417,4.6912,2090.3,3.18,89.25,784.0,0.041,293.7,5085.0,4.584,0.712,15.017
K00127.01,CONFIRMED,3.578780566,2.91089,11382.2,10.43,406.6,1145.0,0.079,1838.4,5524.0,4.421,0.994,13.938
K00933.01,FALSE POSITIVE,3.187067566,3.119,1037.4,23.88,319.76,1079.0,1.234,37.2,5450.0,4.552,0.811,15.653
K00934.01,CONFIRMED,5.826657508,2.9183,1539.1,4.09,248.57,1013.0,0.033,81.1,5561.0,4.362,1.06,15.843
K00934.02,CONFIRMED,12.41216347,3.739,611.3,2.58,90.65,787.0,0.021,25.6,5561.0,4.362,1.06,15.843
K00934.03,CONFIRMED,18.74649011,3.895,796.8,3.05,52.38,686.0,0.508,26.7,5561.0,4.362,1.06,15.843
K00935.01,CONFIRMED,20.86021229,5.1937,1910.5,5.5,87.76,781.0,0.066,117.0,6035.0,4.22,1.257,15.237
K00935.02,CONFIRMED,42.63427848,6.1998,1719.3,5.22,33.82,615.0,0.142,78.7,6035.0,4.22,1.257,15.237
K00935.03,CONFIRMED,87.6476068,8.871,1009.6,4.0,12.94,484.0,0.147,37.5,6035.0,4.22,1.257,15.237
K00935.04,CANDIDATE,9.61731426,3.8692,234.0,1.94,246.13,1010.0,0.331,18.2,6035.0,4.22,1.257,15.237
K00936.01,CONFIRMED,9.467821474,2.4327,2237.0,2.13,6.47,407.0,0.081,124.7,3582.0,4.807,0.458,15.073
K00936.02,CONFIRMED,0.893040969,1.0981,741.7,1.24,151.14,893.0,0.009,87.8,3582.0,4.807,0.458,15.073
K00128.01,CONFIRMED,4.942783419,3.25346,11144.7,10.62,244.42,1008.0,0.566,2040.7,5514.0,4.459,0.978,13.758
K00937.01,CONFIRMED,20.83426731,4.0454,988.4,2.74,29.62,595.0,0.256,45.1,5537.0,4.549,0.88,15.412
K00938.01,CONFIRMED,9.94602357,3.3862,994.5,3.12,100.34,807.0,0.035,51.0,5344.0,4.365,1.013,15.596
K00938.02,CONFIRMED,1.04562195,1.8955,213.0,1.45,2031.84,1710.0,0.037,25.3,5344.0,4.365,1.013,15.596
K00938.03,CONFIRMED,5.71462396,2.336,297.8,1.78,210.16,971.0,0.503,16.7,5344.0,4.365,1.013,15.596
K00145.01,FALSE POSITIVE,102.9641952,15.735,1896.7,39.0,95.4,797.0,0.922,86.1,5047.0,3.066,7.119,13.608
K01102.02,CONFIRMED,8.14515981,5.073,446.8,3.43,287.91,1050.0,0.965,32.2,5896.0,4.197,1.24,14.925
K01102.03,CONFIRMED,18.9985279,4.529,430.7,43.17,93.03,792.0,1.3,16.9,5896.0,4.197,1.24,14.925
K01102.04,CONFIRMED,4.24439049,3.282,174.0,2.07,686.99,1305.0,0.949,15.1,5896.0,4.197,1.24,14.925
K01103.01,CANDIDATE,90.1240507,11.649,3020.3,7.12,13.09,485.0,0.698,57.9,6520.0,4.375,1.215,14.96
K00150.02,CONFIRMED,28.5742692,4.9427,824.9,2.32,19.83,538.0,0.068,97.1,5551.0,4.508,0.812,13.771
K01168.01,CANDIDATE,856.672115,23.144,858.1,3.87,0.81,242.0,0.1158,39.2,6449.0,4.232,1.309,13.997
K01169.01,CANDIDATE,0.689210173,1.6169,195.0,1.32,3362.71,1943.0,0.154,93.4,5630.0,4.505,0.954,13.248
K01170.01,CONFIRMED,7.34373964,1.1784,574.4,1.84,117.5,839.0,0.185,32.2,5757.0,4.597,0.762,14.657
K01171.01,FALSE POSITIVE,0.445277068,3.539,186.7,35.74,10177.11,2562.0,1.2962,28.9,6167.0,4.444,1.064,15.343
K00966.01,FALSE POSITIVE,0.379463865,0.86896,1973.3,59.56,19256.81,3000.0,1.246,458.6,5075.0,3.892,1.783,13.787
K00967.01,FALSE POSITIVE,9.88047978,2.78458,18541.0,23.6,129.45,860.0,1.02,534.5,6113.0,4.512,0.917,15.212
K00968.01,FALSE POSITIVE,4.6484156,38.1939,128.4,5.06,6152.88,2259.0,0.968,91.7,6980.0,3.577,3.482,10.963
K00969.01,FALSE POSITIVE,17.512014768,1.8248,4511.7,13.66,98.77,804.0,0.994,322.3,6224.0,4.33,1.132,12.336
K00970.01,CANDIDATE,3.9886021,1.7376,673.5,34.39,23135.72,3145.0,0.06,37.1,4813.0,2.472,13.652,6.974
K00971.01,CANDIDATE,0.533059312,1.8621,1495.8,133.56,277887.7,5862.0,1.263,179.6,8523.0,3.559,4.051,7.748
K01044.01,FALSE POSITIVE,0.525154153,2.1441,747.5,23.61,4391.51,2073.0,1.226,116.1,5582.0,4.497,0.846,15.058
K01045.01,FALSE POSITIVE,1.303861044,4.0541,598.2,27.85,1595.19,1610.0,1.258,140.6,5758.0,4.475,0.902,13.555
K01046.01,FALSE POSITIVE,0.73452496,6.7,,,,,,,,,,13.22
K01047.01,FALSE POSITIVE,2.55549176,9.083,113.8,23.35,701.68,1312.0,1.228,24.3,5948.0,4.508,0.901,14.554
K00014.01,FALSE POSITIVE,2.947376671,2.0911,433.2,403.59,7903.84,2404.0,2.641,62.3,8090.0,4.002,2.234,10.47
K00139.01,CONFIRMED,224.7789355,11.1899,3487.5,7.67,2.92,333.0,0.652,235.7,5873.0,4.293,1.235,13.492
K01104.01,FALSE POSITIVE,0.890110752,0.8774,321.5,1.25,838.42,1372.0,0.216,19.6,4768.0,4.628,0.711,15.723
K01105.01,FALSE POSITIVE,5.76573396,2.924,248.0,7.47,3518.78,1964.0,0.708,22.2,5772.0,3.364,4.434,14.313
K01106.01,CONFIRMED,7.42608123,3.6379,443.3,2.47,273.78,1037.0,0.097,37.5,6049.0,4.353,1.176,14.818
K01106.02,CONFIRMED,15.9868932,4.158,178.5,1.62,98.51,803.0,0.533,10.9,6049.0,4.353,1.176,14.818
K01107.01,FALSE POSITIVE,0.73094589,4.32,250.2,17.12,3248.17,1922.0,1.169,37.5,5901.0,4.553,0.848,15.401
K01108.01,CONFIRMED,18.92537246,3.9835,640.9,13.92,443.58,1171.0,0.806,41.0,4941.0,3.317,4.885,14.604
K01172.01,FALSE POSITIVE,0.933749106,4.256,186.2,3.22,15822.49,2863.0,0.736,136.3,6215.0,3.849,2.188,13.079
K01173.01,FALSE POSITIVE,2.037440623,3.442,118.6,1.19,1448.05,1572.0,0.715,27.0,6253.0,4.415,1.015,14.187
K01174.01,CANDIDATE,129995.7784,9.408,1474.9,2.99,0.0,25.0,0.7127,35.7,4500.0,4.572,0.726,13.447
K01175.01,CONFIRMED,31.5925809,13.566,145.1,1.78,53.09,688.0,0.283,25.5,5676.0,4.1,1.487,13.29
K01175.02,CONFIRMED,17.157236,11.284,110.4,1.55,119.87,844.0,0.238,23.6,5676.0,4.1,1.487,13.29
K01176.01,CONFIRMED,1.97376085,1.82542,30222.4,8.78,76.1,753.0,0.337,1252.5,3807.0,4.762,0.503,15.715
K00972.01,CONFIRMED,13.118962443,4.3045,372.2,8.25,2310.43,1768.0,0.042,267.4,7221.0,3.488,4.24,9.275
K00133.01,FALSE POSITIVE,4.618767792,5.9957,4399.1,7.48,442.78,1170.0,0.766,270.1,6013.0,4.381,1.033,13.652
K00972.02,CANDIDATE,7.82187328,3.8417,42.2,2.78,4601.71,2101.0,0.005,37.2,7221.0,3.488,4.24,9.275
K00974.01,CANDIDATE,53.5057611,10.5616,195.6,2.52,49.16,675.0,0.46,71.2,6247.0,4.016,1.762,9.582
K00975.01,CONFIRMED,2.785821236,3.5599,68.9,1.69,2388.98,1784.0,0.893,53.6,6202.0,4.026,1.733,8.224
K00976.01,FALSE POSITIVE,52.56901867,6.7507,26900.0,78.54,69.62,737.0,1.197,184.3,7240.0,4.178,1.717,9.729
K01048.01,FALSE POSITIVE,3.411758679,3.158,570.6,14.71,51.85,684.0,1.213,35.6,3995.0,4.71,0.561,15.258
K01049.01,FALSE POSITIVE,0.525426427,1.0801,324.6,1.45,4349.62,2069.0,0.113,63.6,5791.0,4.575,0.802,14.797
K01050.01,CONFIRMED,1.269091415,1.4647,340.9,1.41,740.47,1331.0,0.412,73.5,5041.0,4.576,0.766,13.999
K01050.02,CONFIRMED,2.853133997,1.465,277.1,1.36,251.77,1016.0,0.698,39.7,5041.0,4.576,0.766,13.999
K01051.01,CONFIRMED,6.79685353,3.1702,393.1,2.01,222.91,985.0,0.62,29.8,6061.0,4.486,0.97,15.391
K00146.01,FALSE POSITIVE,8.667822346,4.9658,2121.9,67.37,681.39,1303.0,1.276,187.6,6266.0,3.923,1.889,13.03
K01108.02,CONFIRMED,1.475323222,2.3155,154.9,5.88,13331.51,2740.0,0.136,27.2,4941.0,3.317,4.885,14.604
K01108.03,CONFIRMED,4.15246118,2.5755,223.4,7.62,3354.56,1941.0,0.639,24.5,4941.0,3.317,4.885,14.604
K01109.01,FALSE POSITIVE,6.7210783,7.46,,,,,,,,,,14.792
K01110.01,CONFIRMED,8.7348852,4.49,270.7,1.59,148.62,890.0,0.314,24.8,5982.0,4.493,0.96,14.794
K01111.01,FALSE POSITIVE,10.26547688,3.733,399.6,1.81,83.13,770.0,0.69,20.1,5699.0,4.553,0.853,15.212
K00151.01,CANDIDATE,13.4471791,3.0454,1428.2,5.24,122.34,848.0,0.963,105.3,6276.0,4.405,1.041,14.0
K01177.01,FALSE POSITIVE,3.305577989,2.5903,17971.0,25.89,263.55,1027.0,1.145,39.6,5534.0,4.629,0.707,15.537
K01178.01,FALSE POSITIVE,4.800653901,9.0419,15304.4,16.91,778.45,1347.0,0.785,298.0,6715.0,4.347,1.241,13.32
K01179.01,FALSE POSITIVE,15.06649901,5.9885,36348.0,56.44,177.96,932.0,1.018,154.6,5751.0,4.028,1.626,13.855
K01180.01,FALSE POSITIVE,34.82008158,11.1711,18847.8,11.36,10.49,459.0,0.663,882.6,5114.0,4.522,0.784,15.187
K01181.01,FALSE POSITIVE,0.651784374,2.0141,2779.3,33.65,4500.59,2090.0,1.224,195.2,5555.0,4.375,1.061,14.997
K00977.01,FALSE POSITIVE,1.353771892,7.012,1349.1,430.99,136609.48,4903.0,1.203,76.7,4283.0,2.012,15.76,10.523
K00978.01,FALSE POSITIVE,18.95491633,24.249,867.5,71.39,397.48,1139.0,1.228,249.3,6362.0,3.761,2.534,10.988
K00979.01,FALSE POSITIVE,4.348866254,3.2797,625.6,2436.69,401588.95,6421.0,1.187,56.3,3598.0,0.65,101.451,10.68
K00980.01,FALSE POSITIVE,47.93094546,2.6897,2144.4,68.02,158.41,905.0,1.272,221.1,8214.0,4.104,1.938,10.376
K00981.01,FALSE POSITIVE,3.99751422,3.686,32.8,2.98,5563.95,2203.0,0.0303,6.1,5066.0,3.122,5.324,10.733
K00982.01,FALSE POSITIVE,1.592633181,5.5605,633.1,1.56,290.51,1053.0,0.003,66.9,4506.0,4.626,0.651,15.47
K00134.01,CONFIRMED,67.5923754,12.249,4158.1,12.1,28.2,588.0,0.728,60.9,6038.0,4.082,1.744,13.675
K01052.01,CONFIRMED,17.02902786,4.645,568.9,2.54,76.66,755.0,0.202,29.8,5839.0,4.327,1.067,15.381
K01052.02,CONFIRMED,6.84619236,3.529,246.8,1.67,258.41,1022.0,0.077,17.7,5839.0,4.327,1.067,15.381
K01052.03,CONFIRMED,67.8321638,7.358,507.8,2.39,12.14,476.0,0.027,15.5,5839.0,4.327,1.067,15.381
K01052.04,CONFIRMED,43.1312147,3.198,447.8,2.39,22.21,554.0,0.67,11.8,5839.0,4.327,1.067,15.381
K01053.01,CONFIRMED,1.224866441,1.7086,196.0,1.54,2174.33,1741.0,0.286,21.1,5553.0,4.32,1.107,15.376
K01112.01,CONFIRMED,37.8102649,8.733,570.3,2.33,24.27,566.0,0.061,35.2,6085.0,4.451,0.973,14.633
K01113.01,CONFIRMED,25.93406406,4.6142,414.5,2.48,55.1,695.0,0.014,42.2,5952.0,4.287,1.225,13.703
K01113.02,CONFIRMED,83.4463485,6.536,503.0,2.73,11.59,471.0,0.058,36.1,5952.0,4.287,1.225,13.703
K01114.01,FALSE POSITIVE,7.04710032,2.926,400.9,25.2,223.84,986.0,1.195,24.0,5766.0,4.363,1.068,14.928
K01115.01,CONFIRMED,12.99204853,6.0175,270.6,2.03,132.94,866.0,0.091,38.7,5765.0,4.236,1.242,13.974
K01182.01,FALSE POSITIVE,11.11620211,4.211,4843.9,8.96,125.21,853.0,0.937,115.3,6122.0,4.471,0.996,15.38
K01183.01,FALSE POSITIVE,1.922861499,3.5734,1916.2,5.09,884.12,1392.0,0.943,103.4,5778.0,4.531,0.911,14.942
K01184.01,FALSE POSITIVE,0.635445336,1.8592,2547.4,19.0,451.42,1177.0,1.253,182.2,3920.0,4.7,0.55,15.432
K01185.01,FALSE POSITIVE,1.665784138,1.8946,2006.2,97.27,11424.49,2636.0,1.27,148.0,6261.0,3.686,2.789,11.84
K01186.01,FALSE POSITIVE,55.6639167,23.546,3414.4,34.14,8.38,434.0,1.298,103.4,5587.0,4.528,0.853,15.593
K00152.01,CONFIRMED,52.09081627,8.6388,2894.1,7.14,29.07,592.0,0.065,243.5,6198.0,4.237,1.324,13.914
K00983.01,FALSE POSITIVE,7.1548608,7.694,780.4,7.41,1141.57,1482.0,0.9848,24.2,7443.0,4.166,1.739,12.616
K00984.01,CONFIRMED,4.28746668,1.5693,790.1,2.29,186.31,942.0,0.374,19.4,5296.0,4.576,0.815,11.631
K00985.01,FALSE POSITIVE,2.002779769,2.231,260.5,1.42,696.4,1311.0,0.242,22.2,5346.0,4.44,0.892,14.606
K00986.01,CONFIRMED,8.18739443,3.0472,517.6,1.92,88.36,782.0,0.377,38.4,5251.0,4.494,0.849,14.138
K00986.02,CONFIRMED,76.0498163,7.158,445.9,1.75,4.53,372.0,0.015,17.4,5251.0,4.494,0.849,14.138
K00139.02,CONFIRMED,3.341799486,2.9254,178.2,1.67,798.41,1356.0,0.426,48.8,5873.0,4.293,1.235,13.492
K01054.01,FALSE POSITIVE,3.3226948,3.568,78.7,15.33,52428.3,3859.0,0.4722,8.6,5234.0,2.41,16.959,11.899
K01055.01,FALSE POSITIVE,36.97708808,4.737,1269.9,38.6,31.08,602.0,1.246,59.2,5589.0,4.193,1.239,13.698
K01056.01,FALSE POSITIVE,1.851409163,10.232,232.5,20.42,5090.14,2154.0,1.1117,54.4,7117.0,4.176,1.469,13.473
K01057.01,FALSE POSITIVE,1.303859704,2.8239,36.7,0.98,7759.2,2393.0,0.674,34.7,6802.0,4.103,1.521,11.558
K00147.01,FALSE POSITIVE,145.5624926,5.4126,2931.6,40.15,5.33,387.0,1.274,58.1,6148.0,4.346,1.095,13.884
K01116.01,CONFIRMED,3.749105745,1.9826,182.6,1.68,428.25,1160.0,0.942,38.0,5751.0,4.447,0.983,13.333
K01117.01,CONFIRMED,11.08956602,6.2877,148.1,3.51,965.62,1422.0,0.02,38.9,6353.0,3.698,2.867,12.808
K01118.01,CANDIDATE,7.37290344,2.172,205.2,2.67,240.11,1004.0,0.993,19.1,5973.0,4.371,1.07,13.835
K01119.01,FALSE POSITIVE,7.24476126,2.3145,58.0,0.65,116.02,837.0,0.04,27.2,5370.0,4.494,0.874,11.157
K01193.01,CANDIDATE,119.0624882,3.1188,5372.3,10.4,4.26,366.0,0.968,71.6,5697.0,4.392,0.92,15.289
K01194.01,CONFIRMED,8.70798309,2.4904,1419.6,2.01,20.59,543.0,0.063,28.1,4362.0,4.722,0.554,15.842
K01194.02,CANDIDATE,14.8623076,3.161,840.0,1.57,10.08,454.0,0.324,14.4,4362.0,4.722,0.554,15.842
K01194.03,CONFIRMED,4.17634276,2.335,531.5,1.23,54.8,694.0,0.142,14.9,4362.0,4.722,0.554,15.842
K00152.02,CONFIRMED,27.40229859,6.8491,747.5,3.63,68.46,734.0,0.022,79.3,6198.0,4.237,1.324,13.914
K00987.01,CONFIRMED,3.179267286,1.0246,200.9,1.21,347.01,1101.0,0.171,41.0,5511.0,4.554,0.857,12.55
K00988.01,CONFIRMED,10.38122447,2.715,801.5,2.18,48.37,672.0,0.319,41.9,5095.0,4.566,0.78,13.562
K00988.02,CONFIRMED,24.5709023,3.587,764.2,2.82,15.33,505.0,0.945,26.3,5095.0,4.566,0.78,13.562
K00989.01,FALSE POSITIVE,81.221876,4.1135,9883.0,16.59,5.2,385.0,1.01,63.0,5619.0,4.536,0.874,15.488
K00989.02,FALSE POSITIVE,0.817026268,2.0799,1145.5,2.92,2386.13,1784.0,0.01,121.1,5619.0,4.536,0.874,15.488
K00135.01,CONFIRMED,3.024092505,2.8021,7765.0,12.14,1162.54,1489.0,0.424,1225.3,6063.0,4.261,1.358,13.958
K01058.01,FALSE POSITIVE,5.670155713,0.9361,536.7,5.85,3.21,341.0,1.267,37.3,3337.0,5.126,0.183,13.783
K01059.01,CONFIRMED,1.022678654,1.3712,129.2,1.14,2138.47,1734.0,0.019,21.6,5366.0,4.363,1.02,14.803
K01060.01,CONFIRMED,12.10968709,6.3461,284.7,2.98,240.8,1005.0,0.924,33.4,6021.0,4.093,1.458,14.348
K01060.02,CONFIRMED,4.75796103,4.66,124.5,1.7,835.65,1372.0,0.621,20.9,6021.0,4.093,1.458,14.348
K01060.03,CONFIRMED,20.4972755,8.536,242.9,2.96,119.42,843.0,0.966,22.8,6021.0,4.093,1.458,14.348
K01119.02,FALSE POSITIVE,13.55480534,2.288,48.3,0.62,50.41,679.0,0.497,16.5,5370.0,4.494,0.874,11.157
K01120.01,FALSE POSITIVE,29.74454668,23.2842,66894.0,20.06,10.1,455.0,0.337,765.0,4889.0,4.569,0.788,11.753
K01121.01,FALSE POSITIVE,14.15402428,4.47001,61625.1,53.25,86.13,777.0,1.1,930.3,5850.0,4.404,1.037,12.932
K01122.01,FALSE POSITIVE,0.844786082,3.5289,2468.5,35.27,2846.03,1864.0,1.297,245.6,5705.0,4.452,0.915,15.363
K01123.01,FALSE POSITIVE,0.848483947,1.4451,1907.4,32.11,3117.82,1908.0,1.264,185.0,5941.0,4.504,0.936,15.323
K01124.01,FALSE POSITIVE,11.99097576,5.7401,2124.3,37.47,141.63,880.0,1.269,102.8,6110.0,4.352,1.072,14.977
K01199.01,CONFIRMED,53.5292702,5.668,1086.1,2.28,3.48,348.0,0.346,34.5,4736.0,4.624,0.708,14.887
K01200.01,FALSE POSITIVE,0.393726813,2.95,564.6,24.17,12661.53,2705.0,1.1898,64.8,6277.0,4.449,1.031,15.025
K01201.01,CONFIRMED,2.757584622,0.9267,563.1,1.01,33.79,615.0,0.093,19.6,3683.0,4.84,0.424,15.597
K01202.01,CONFIRMED,0.928310036,1.1899,376.2,1.16,365.72,1115.0,0.181,22.6,4109.0,4.672,0.602,15.854
K00152.03,CONFIRMED,13.48457668,5.0197,653.5,3.39,176.29,929.0,0.011,80.8,6198.0,4.237,1.324,13.914
K01203.01,CONFIRMED,31.8841473,6.122,910.0,3.7,23.82,563.0,0.938,25.3,5779.0,4.477,0.974,15.368
K00989.03,CANDIDATE,16.15811112,6.049,2319.8,86.13,44.83,660.0,1.8572,52.8,5619.0,4.536,0.874,15.488
K00990.01,FALSE POSITIVE,67.69213907,51.349,25457.2,175.98,448.21,1173.0,0.5581,1328.2,5355.0,2.754,10.703,10.7
K00991.01,CONFIRMED,12.06222962,2.0584,300.2,1.62,74.8,750.0,0.392,32.4,5547.0,4.451,0.933,13.581
K00992.01,CONFIRMED,9.93146307,5.678,398.6,2.41,177.83,931.0,0.037,26.2,5782.0,4.28,1.22,15.214
K00993.01,CONFIRMED,21.85362905,3.439,355.6,1.75,34.57,618.0,0.676,23.0,5830.0,4.54,0.876,14.246
K01060.04,CONFIRMED,8.19345065,5.234,115.4,1.74,405.75,1144.0,0.815,15.7,6021.0,4.093,1.458,14.348
K00140.01,FALSE POSITIVE,19.97867,10.168,944.3,6.85,788.02,1351.0,0.923,86.2,9651.0,4.229,1.895,13.849
K01061.01,CONFIRMED,41.8059544,6.057,434.4,2.02,19.02,533.0,0.029,28.3,5907.0,4.445,0.973,14.502
K01062.01,FALSE POSITIVE,15.45158184,2.406,85.3,2.02,643.83,1285.0,0.636,21.0,7839.0,4.08,2.069,11.798
K01063.01,FALSE POSITIVE,89.698168533,5.5418,273106.0,102.08,22.33,554.0,0.684,3420.3,6214.0,4.021,1.583,13.624
K01064.01,FALSE POSITIVE,1.187352427,4.999,20703.0,67.35,6067.3,2251.0,1.222,717.4,6424.0,4.186,1.489,13.623
K00015.01,FALSE POSITIVE,3.012476582,3.1424,1138.5,65.25,7471.65,2371.0,1.261,253.4,8601.0,4.137,2.031,12.403
K00148.01,CONFIRMED,4.77800306,2.7361,473.0,1.85,177.79,932.0,0.02,115.4,5192.0,4.489,0.873,13.04
K01125.01,FALSE POSITIVE,7.814839231,3.0122,2010.3,5.33,156.74,903.0,0.945,100.0,5887.0,4.499,0.931,15.452
K01126.01,FALSE POSITIVE,29.7452499,22.695,778.9,3.6,22.74,557.0,0.941,55.9,5334.0,4.372,1.004,15.259
K01127.01,CONFIRMED,5.32667299,3.4045,611.4,2.26,242.97,1007.0,0.043,34.1,5831.0,4.517,0.921,15.808
K01187.01,FALSE POSITIVE,0.741057213,1.05299,1996.3,26.67,2128.29,1730.0,1.26,251.9,5496.0,4.592,0.776,14.489
K01188.01,FALSE POSITIVE,2.988085455,3.68,802.8,21.81,348.05,1101.0,1.216,48.2,5497.0,4.577,0.809,15.381
K01189.01,FALSE POSITIVE,2.783883492,2.4546,903.9,67.17,3304.55,1934.0,1.255,86.1,6028.0,3.835,2.147,14.216
K01190.01,FALSE POSITIVE,0.393727296,3.02,903.5,23.05,5746.51,2216.0,1.228,82.4,5628.0,4.575,0.808,15.856
K01191.01,CONFIRMED,8.17242644,3.902,864.3,3.29,127.95,858.0,0.926,37.0,5705.0,4.499,0.905,15.24
K01192.01,CANDIDATE,1295.362215,28.297,8708.0,57.82,0.19,169.0,1.3935,164.0,5609.0,4.346,1.048,14.215
K00993.02,CONFIRMED,13.0607936,3.215,236.6,1.45,68.66,734.0,0.718,19.4,5830.0,4.54,0.876,14.246
K00994.01,CANDIDATE,4.2989201,2.747,237.6,2.12,283.62,1046.0,0.972,20.0,5300.0,4.385,0.986,14.613
K00995.01,FALSE POSITIVE,25.9518461,14.581,1058.5,22.32,17.37,521.0,1.22,65.8,5372.0,4.584,0.796,14.576
K00996.01,FALSE POSITIVE,25.9518536,14.755,2017.9,24.6,14.09,494.0,1.25,79.4,5198.0,4.604,0.742,15.342
K00997.01,FALSE POSITIVE,5.68628739,17.573,5559.7,4.5,297.81,1059.0,0.8548,414.4,6052.0,4.442,0.956,14.378
K00136.01,FALSE POSITIVE,15.663886949,2.4775,5144.4,27.36,298.77,1060.0,0.985,175.9,5996.0,3.901,2.221,13.439
K01065.01,FALSE POSITIVE,4.020628573,4.4085,20901.0,16.94,543.92,1232.0,0.827,282.6,6210.0,4.45,1.033,15.472
K01066.01,CANDIDATE,5.714817603,3.14126,12294.8,9.29,187.27,943.0,0.096,537.7,5695.0,4.526,0.842,15.623
K01067.01,FALSE POSITIVE,185.02288222,4.87326,43546.7,49.82,4.89,379.0,1.004,938.2,6025.0,4.237,1.367,14.685
K01068.01,FALSE POSITIVE,2.897432135,3.1793,1223.7,14.35,5240.0,2170.0,0.967,73.9,5970.0,3.619,2.994,15.036
K01069.01,CONFIRMED,8.70420525,2.9385,1074.9,2.86,74.13,748.0,0.5,74.0,5074.0,4.474,0.863,15.07
K01127.02,CONFIRMED,8.1280933,3.727,224.1,1.39,138.51,875.0,0.357,10.7,5831.0,4.517,0.921,15.808
K01127.03,CANDIDATE,2.83668931,3.031,166.1,1.19,562.48,1242.0,0.33,12.1,5831.0,4.517,0.921,15.808
K01128.01,CONFIRMED,0.974868896,1.6191,197.6,1.16,1605.87,1612.0,0.12,82.6,5487.0,4.563,0.832,13.507
K01129.01,CONFIRMED,4.89721006,1.812,274.4,1.48,157.93,904.0,0.66,16.9,5093.0,4.483,0.847,15.456
K01130.01,FALSE POSITIVE,2.757794163,2.7644,39043.0,20.05,542.43,1231.0,0.8,349.2,5747.0,4.514,0.891,15.235
K01132.01,FALSE POSITIVE,1.914158508,3.2917,7829.2,13.63,1730.47,1646.0,0.942,124.6,6289.0,4.407,1.118,14.446
K01196.01,FALSE POSITIVE,3.98216698,2.396,381.3,3.32,842.48,1374.0,0.775,27.1,5570.0,4.066,1.548,15.035
K01197.01,FALSE POSITIVE,0.643794198,1.5662,456.7,19.51,3852.91,2011.0,1.193,53.7,5958.0,4.561,0.83,15.103
K01198.01,CONFIRMED,16.08832318,5.731,597.8,3.42,138.64,875.0,0.648,31.3,6157.0,4.224,1.33,15.319
K01198.02,CONFIRMED,10.30067919,4.885,271.8,2.2,251.55,1015.0,0.004,16.4,6157.0,4.224,1.33,15.319
K01198.03,CONFIRMED,35.6757453,7.381,471.2,3.02,47.96,671.0,0.61,18.5,6157.0,4.224,1.33,15.319
K01198.04,CANDIDATE,1.00861677,0.91,,,,,,,,,,15.319
K00998.01,FALSE POSITIVE,161.78832712,5.31,87750.0,36.14,4.68,375.0,0.267,704.5,6018.0,4.327,1.212,15.661
K00999.01,CONFIRMED,16.56806842,4.2647,1331.4,2.54,21.27,548.0,0.164,41.9,4987.0,4.602,0.716,15.391
K00999.02,CONFIRMED,47.3329299,2.708,931.5,2.18,5.25,386.0,0.43,14.0,4987.0,4.602,0.716,15.391
K01000.01,FALSE POSITIVE,0.856895349,1.3078,82.2,0.82,2960.82,1881.0,0.554,33.1,6021.0,4.537,0.873,13.098
K01001.01,CONFIRMED,40.8065333,13.135,313.9,3.71,83.75,772.0,0.016,54.8,6207.0,3.963,2.097,13.038
K01069.02,CONFIRMED,2.46697039,1.6345,308.7,1.56,398.42,1139.0,0.574,29.5,5074.0,4.474,0.863,15.07
K00141.01,CANDIDATE,2.624234833,1.3874,2607.0,5.11,434.31,1164.0,0.781,361.1,5340.0,4.514,0.899,13.687
K01070.01,CONFIRMED,6.61836309,3.6813,549.1,2.98,304.65,1066.0,0.043,31.5,5529.0,4.19,1.294,15.59
K01070.02,CONFIRMED,107.7214092,8.042,1396.2,4.75,7.39,421.0,0.003,30.5,5529.0,4.19,1.294,15.59
K01070.03,CANDIDATE,92.77779,6.64,359.0,1.92,6.7,410.0,0.0174,5.2,5888.0,4.444,1.019,15.59
K01133.01,FALSE POSITIVE,5.251916208,4.9095,10624.3,37.15,194.17,952.0,1.256,146.3,5542.0,4.52,0.872,15.756
K00148.02,CONFIRMED,9.673958488,3.2641,952.7,2.63,69.42,736.0,0.194,178.0,5192.0,4.489,0.873,13.04
K01134.01,FALSE POSITIVE,100.3039228,8.702,5450.0,29.55,2.26,313.0,1.256,63.2,5055.0,4.566,0.772,15.783
K01134.02,FALSE POSITIVE,200.61103346,7.13,,,,,,,,,,15.783
K01135.01,FALSE POSITIVE,0.986620248,3.9722,1345.8,43.98,6719.67,2308.0,1.252,117.7,6243.0,4.176,1.385,15.022
K01136.01,FALSE POSITIVE,1.63484631,6.11,,,17098.4,,,,,,,12.647
K01203.02,CONFIRMED,14.12847677,3.685,628.7,2.73,70.5,739.0,0.811,23.0,5779.0,4.477,0.974,15.368
K01203.03,CONFIRMED,48.6478543,5.464,641.8,4.14,13.57,489.0,0.988,12.2,5779.0,4.477,0.974,15.368
K01204.01,CONFIRMED,8.39842977,6.344,340.1,2.0,221.66,984.0,0.573,28.0,6309.0,4.441,1.044,15.291
K01205.01,CONFIRMED,8.63847391,5.4566,395.9,5.99,958.35,1419.0,0.049,38.6,5684.0,3.657,3.046,14.507
K01206.01,CANDIDATE,422.917678,31.274,1367.7,5.89,1.73,292.0,0.7887,61.7,5796.0,4.12,1.444,13.642
K01001.02,CONFIRMED,140.10765,18.503,266.8,3.42,16.17,511.0,0.019,29.0,6207.0,3.963,2.097,13.038
K01002.01,CONFIRMED,3.4815917,1.8069,135.2,1.17,421.61,1156.0,0.076,23.4,5405.0,4.374,1.022,13.615
K01003.01,FALSE POSITIVE,8.360616221,7.5385,28066.3,40.35,601.6,1263.0,0.21,425.6,5463.0,3.79,2.445,16.209
K01004.01,FALSE POSITIVE,1.838514968,2.7391,2721.7,4.86,974.1,1426.0,0.045,63.7,5751.0,4.508,0.94,15.373
K01005.01,CONFIRMED,35.61760233,8.4559,4634.9,5.17,10.19,456.0,0.009,155.0,5123.0,4.523,0.779,15.703
K01071.01,FALSE POSITIVE,1.09206833,1.8596,219.2,1.29,1588.89,1611.0,0.469,45.5,5639.0,4.551,0.859,14.495
K01072.01,CONFIRMED,10.12805158,3.517,477.4,1.95,81.77,767.0,0.753,38.0,5676.0,4.548,0.82,14.743
K01073.01,FALSE POSITIVE,1.613001111,2.394,104.1,1.25,1878.1,1680.0,0.448,19.3,5580.0,4.223,1.205,13.945
K01074.01,CONFIRMED,3.770551475,3.8077,12440.0,12.05,679.75,1302.0,0.053,100.8,6322.0,4.426,1.075,15.439
K01075.01,FALSE POSITIVE,1.343767797,1.9405,4702.6,18.66,11675.38,2654.0,0.891,269.8,6324.0,3.8,2.312,13.056
K01076.01,FALSE POSITIVE,29.12436474,3.4209,6496.0,15.25,3.81,356.0,1.181,63.4,4457.0,4.767,0.481,15.187
K01138.01,FALSE POSITIVE,31.82814583,2.917,4456.8,35.8,23.97,564.0,1.276,78.7,5908.0,4.507,0.92,15.582
K01139.01,FALSE POSITIVE,3.629442796,5.63,426.6,3.28,1001.35,1434.0,0.97,76.4,6506.0,4.336,1.217,13.055
K01140.01,FALSE POSITIVE,0.553261874,0.8875,1038.1,97.36,43709.08,3689.0,1.246,202.2,5679.0,3.565,3.142,13.501
K01141.01,CONFIRMED,5.72812616,2.0295,643.4,1.38,24.74,569.0,0.22,20.8,3968.0,4.714,0.548,15.95
K01142.01,CONFIRMED,3.75574267,2.2911,417.4,1.58,215.46,977.0,0.127,27.9,5311.0,4.588,0.788,15.764
K01143.01,FALSE POSITIVE,7.44042933,2.991,547.3,2.74,144.12,883.0,0.968,34.0,5815.0,4.54,0.877,15.24
K00941.01,CONFIRMED,6.581477136,3.0896,2318.9,4.56,142.63,881.0,0.137,116.2,5188.0,4.4,0.973,15.471
K00129.01,CONFIRMED,24.669192732,7.03515,7382.3,77.76,1150.61,1485.0,0.073,603.0,5313.0,2.936,9.327,13.224
K00941.02,CONFIRMED,2.382652873,1.8888,705.4,2.74,553.53,1237.0,0.682,45.5,5188.0,4.4,0.973,15.471
K00941.03,CONFIRMED,24.66461416,2.8579,2398.8,5.34,24.53,567.0,0.8,56.7,5188.0,4.4,0.973,15.471
K00942.01,CONFIRMED,11.51517167,2.006,1357.4,2.9,43.96,657.0,0.311,53.2,5177.0,4.59,0.798,15.386
K00137.01,CONFIRMED,7.641567589,3.41018,2269.7,4.91,154.25,899.0,0.027,437.5,5356.0,4.338,1.055,13.549
K01006.01,FALSE POSITIVE,30.6113932,3.576,3472.0,19.68,2.38,317.0,1.264,37.5,3900.0,4.727,0.534,15.97
K01007.01,CONFIRMED,7.40742502,3.675,442.0,2.01,183.15,938.0,0.03,23.1,5922.0,4.474,0.961,15.242
K01008.01,FALSE POSITIVE,569.934135,4.1904,18904.0,38.98,1.81,296.0,0.919,66.7,5367.0,3.783,2.057,14.645
K01009.01,FALSE POSITIVE,5.09246539,3.659,254.0,1.17,119.7,844.0,0.161,17.1,5037.0,4.547,0.751,15.162
K01010.01,FALSE POSITIVE,110.61576622,5.0,,,,,,,,,,13.62
K01077.01,FALSE POSITIVE,1.103971357,0.926,317.9,1.37,1109.79,1471.0,0.52,21.7,5409.0,4.609,0.746,15.732
K00142.01,CONFIRMED,10.916108342,3.6496,1479.0,3.93,78.19,758.0,0.7699,302.2,5575.0,4.521,0.932,13.113
K01078.01,CONFIRMED,3.353732008,1.4598,1264.7,1.65,33.76,615.0,0.051,47.8,3789.0,4.781,0.46,15.438
K01078.02,CONFIRMED,6.877446033,1.3692,1632.3,2.05,12.95,484.0,0.79,39.6,3789.0,4.781,0.46,15.438
K01078.03,CONFIRMED,28.46464804,2.6657,1629.8,1.87,1.95,301.0,0.035,28.9,3789.0,4.781,0.46,15.438
K01079.01,FALSE POSITIVE,0.293630085,2.3857,2017.7,26.35,9283.34,2503.0,1.2329,170.0,5665.0,4.554,0.843,15.822
K00148.03,CONFIRMED,42.89645024,5.6897,555.3,2.0,9.54,448.0,0.007,66.8,5192.0,4.489,0.873,13.04
K01144.01,FALSE POSITIVE,2.44199803,2.759,251.7,1.44,638.05,1282.0,0.856,27.2,5970.0,4.564,0.796,15.282
K01145.01,CANDIDATE,30.5872153,5.3698,464.8,2.32,35.08,621.0,0.013,33.1,5944.0,4.38,1.082,14.143
K01146.01,CONFIRMED,7.09712124,2.1059,369.5,0.74,7.73,425.0,0.05,18.3,3569.0,4.861,0.389,15.649
K01147.01,FALSE POSITIVE,2.6827683,2.957,79.8,1.19,1366.57,1551.0,0.769,26.7,6180.0,4.262,1.223,13.475
K00943.01,CONFIRMED,3.601465336,2.2753,777.7,2.31,232.65,996.0,0.021,50.7,5052.0,4.48,0.855,15.733
K00944.01,FALSE POSITIVE,3.108251172,2.5048,1867.7,4.43,340.69,1096.0,0.9,156.5,5330.0,4.495,0.847,15.361
K00945.01,CONFIRMED,25.8474958,5.985,537.4,2.4,48.23,672.0,0.054,27.3,6297.0,4.448,1.031,15.083
K00945.02,CONFIRMED,40.715561,6.894,680.9,2.7,26.34,578.0,0.008,28.9,6297.0,4.448,1.031,15.083
K00946.01,FALSE POSITIVE,20.42720701,3.447,1273.0,4.42,48.72,674.0,0.956,36.7,6014.0,4.494,0.958,15.163
K01011.01,FALSE POSITIVE,6.198273591,7.53837,47302.6,19.81,222.23,985.0,0.343,2561.1,6038.0,4.524,0.898,15.67
K01012.01,FALSE POSITIVE,1.023471798,2.3499,861.4,3.78,2103.09,1727.0,0.974,63.0,5741.0,4.491,0.893,15.381
K01013.01,FALSE POSITIVE,0.51872711,1.252,714.1,19.07,3537.27,1965.0,1.199,93.3,5572.0,4.597,0.762,15.348
K01014.01,CONFIRMED,17.31711739,3.1518,1473.0,2.04,10.07,454.0,0.684,35.9,4719.0,4.753,0.502,15.759
K01015.01,CONFIRMED,9.42889884,4.4481,565.4,4.39,432.9,1163.0,0.011,50.4,5897.0,3.98,1.86,14.5
K01080.01,FALSE POSITIVE,1.096583368,2.1188,308.5,1.35,1119.9,1474.0,0.421,44.3,5222.0,4.528,0.763,14.867
K01081.01,CANDIDATE,9.95639775,5.615,510.5,28.15,158.42,905.0,1.222,32.9,6161.0,4.454,1.053,15.22
K01082.01,CONFIRMED,6.50327035,2.591,418.3,1.67,98.81,804.0,0.08,19.0,4999.0,4.49,0.843,15.692
K01082.02,CONFIRMED,4.09667624,2.19,302.3,1.42,182.9,938.0,0.142,16.2,4999.0,4.49,0.843,15.692
K01082.03,CONFIRMED,1.196548464,1.2592,224.6,1.25,945.12,1414.0,0.332,16.5,4999.0,4.49,0.843,15.692
K01148.01,CONFIRMED,11.47609015,5.046,182.3,2.07,221.34,984.0,0.755,27.7,6071.0,4.202,1.41,13.908
K01148.02,CONFIRMED,25.2630467,6.22,125.5,1.71,77.24,756.0,0.743,14.3,6071.0,4.202,1.41,13.908
K01149.01,FALSE POSITIVE,7.1688266,1.29,,,,,,,,,,15.602
K01150.01,CONFIRMED,0.677374687,1.8361,76.7,0.9,4572.56,2099.0,0.132,38.7,5718.0,4.395,1.037,13.326
K01151.01,CONFIRMED,10.43547031,3.4167,210.2,1.22,78.35,759.0,0.174,36.7,5528.0,4.499,0.853,13.404
K01151.02,CONFIRMED,7.41084314,3.245,124.1,0.94,123.4,850.0,0.064,25.6,5528.0,4.499,0.853,13.404
K00947.01,CONFIRMED,28.59914031,3.6567,1585.1,1.83,1.87,298.0,0.009,53.8,3755.0,4.781,0.461,15.19
K00948.01,CONFIRMED,24.58716355,3.984,907.5,2.37,18.72,530.0,0.648,35.6,5474.0,4.605,0.749,15.598
K00130.01,FALSE POSITIVE,34.193600311,5.41382,13714.8,21.95,86.74,778.0,0.625,1405.6,6129.0,3.991,1.786,13.325
K00949.01,CONFIRMED,12.53248222,4.0168,1145.9,3.24,85.15,775.0,0.668,66.7,5997.0,4.522,0.904,15.485
K00950.01,CANDIDATE,31.201692472,2.15663,34513.7,8.31,1.59,286.0,0.001,607.4,3748.0,4.796,0.449,15.798
K00951.01,CONFIRMED,13.19720694,3.4872,2141.4,4.18,40.03,642.0,0.568,116.2,4954.0,4.462,0.885,15.223
K00137.02,CONFIRMED,14.85890852,3.5252,3269.0,5.94,63.52,720.0,0.255,456.8,5356.0,4.338,1.055,13.549
K01015.02,CONFIRMED,4.08897299,3.585,157.9,2.36,1317.96,1537.0,0.374,19.0,5897.0,3.98,1.86,14.5
K01016.01,FALSE POSITIVE,2.866680334,1.1264,712.4,2.93,282.64,1045.0,0.968,43.0,5238.0,4.598,0.764,15.028
K01017.01,CONFIRMED,17.44486016,4.445,826.9,3.24,50.32,679.0,0.871,46.0,5568.0,4.413,0.966,15.007
K01018.01,FALSE POSITIVE,8.30697421,2.76,158.7,37.99,570.93,1246.0,1.151,17.4,5300.0,3.69,2.124,13.838
K01019.01,FALSE POSITIVE,2.49705175,3.79,,,,,,,,,,10.266
K01083.01,CONFIRMED,7.33685101,3.548,325.8,1.52,138.46,875.0,0.018,21.6,5795.0,4.554,0.848,15.302
K00143.01,FALSE POSITIVE,22.65117451,3.6895,2250.0,7.62,126.57,855.0,0.925,170.1,6968.0,4.31,1.333,13.682
K01084.01,FALSE POSITIVE,1.204274435,1.3362,185.8,1.19,1413.91,1564.0,0.528,34.7,5668.0,4.552,0.849,14.415
K01085.01,CONFIRMED,7.71790675,1.84,306.8,0.9,15.01,502.0,0.112,12.6,3975.0,4.753,0.509,15.233
K01086.01,CONFIRMED,27.6652847,6.633,469.2,2.21,39.94,641.0,0.004,36.1,6036.0,4.396,1.017,14.609
K01087.01,FALSE POSITIVE,0.948950734,4.0245,2133.0,36.87,4636.91,2103.0,1.246,238.6,6307.0,4.391,1.133,14.909
K00149.01,CONFIRMED,14.55730897,7.7643,956.9,4.32,141.0,879.0,0.036,200.0,5774.0,4.159,1.412,13.397
K01152.01,FALSE POSITIVE,4.722254104,3.451,82670.0,14.45,22.67,557.0,0.506,314.1,3801.0,4.776,0.488,13.987
K01153.01,FALSE POSITIVE,0.635069939,2.07171,33117.3,57.77,7193.72,2351.0,1.25,578.6,6340.0,4.434,1.058,14.539
K01154.01,CANDIDATE,6.810823723,7.98574,14446.8,26.06,1656.16,1626.0,0.57,1441.9,7226.0,3.967,2.079,12.628
K01155.01,FALSE POSITIVE,0.933746515,6.6522,2936.6,25.54,1222.25,1508.0,1.262,549.5,5252.0,4.596,0.716,14.658
K01156.01,FALSE POSITIVE,1.872421727,1.5261,3018.9,5.65,672.92,1298.0,0.917,179.0,5337.0,4.486,0.825,15.29
K00951.02,CONFIRMED,33.6528474,3.9616,1140.8,3.05,11.5,470.0,0.567,41.9,4954.0,4.462,0.885,15.223
K00952.01,CONFIRMED,5.90127815,2.1979,1525.2,1.94,16.54,514.0,0.03,56.6,3731.0,4.75,0.498,15.801
K00952.02,CONFIRMED,8.75209691,2.3742,1367.6,1.83,9.76,451.0,0.017,44.8,3731.0,4.75,0.498,15.801
K00952.03,CONFIRMED,22.78078241,3.3002,1925.1,2.17,2.73,328.0,0.008,46.4,3731.0,4.75,0.498,15.801
K00952.04,CONFIRMED,2.896005211,1.6776,614.1,1.23,42.53,652.0,0.082,28.6,3731.0,4.75,0.498,15.801
K00952.05,CONFIRMED,0.742957911,0.6688,843.3,1.47,262.51,1026.0,0.162,45.3,3731.0,4.75,0.498,15.801
K01020.01,FALSE POSITIVE,54.35635067,6.4345,10510.4,38.81,24.18,566.0,1.142,628.1,6161.0,4.281,1.255,12.899
K01021.01,FALSE POSITIVE,0.54624855,2.0543,639.7,18.93,2677.36,1837.0,1.215,42.9,5414.0,4.625,0.714,15.996
K01022.01,CONFIRMED,18.82744023,4.664,1006.2,2.7,37.82,632.0,0.025,29.5,5687.0,4.538,0.86,15.762
K01023.01,FALSE POSITIVE,8.4120069,3.923,819.6,1.71,28.69,590.0,0.022,39.7,4502.0,4.668,0.621,15.156
K01024.01,CONFIRMED,5.747711909,1.8923,820.1,1.86,40.07,641.0,0.575,51.7,4252.0,4.64,0.632,14.496
K00137.03,CONFIRMED,3.504691252,1.9811,315.1,2.03,435.21,1165.0,0.741,67.5,5356.0,4.338,1.055,13.549
K01088.01,FALSE POSITIVE,0.995861402,1.1507,4993.8,26.93,1124.35,1477.0,1.256,272.0,5286.0,4.604,0.706,15.577
K01089.01,CONFIRMED,86.67856052,10.1289,8244.1,9.83,8.41,434.0,0.291,318.3,5822.0,4.351,1.081,14.696
K01089.02,CONFIRMED,12.21828097,2.6969,1843.4,5.1,114.59,835.0,0.778,90.1,5822.0,4.351,1.081,14.696
K01090.01,FALSE POSITIVE,8.387210055,1.6477,4952.0,72.52,509.55,1211.0,1.284,180.6,6089.0,4.044,1.795,14.01
K01091.01,FALSE POSITIVE,15.2384539,19.292,7019.0,9.84,111.67,829.0,0.74,56.0,6384.0,4.419,1.086,15.148
K01092.01,FALSE POSITIVE,0.413334492,2.3808,2025.1,31.52,9374.09,2509.0,1.2313,236.9,5973.0,4.465,1.016,14.784
K01157.01,FALSE POSITIVE,0.93374614,6.551,1717.5,149.71,28084.15,3303.0,1.27,365.7,5438.0,3.424,4.319,13.964
K01158.01,FALSE POSITIVE,6.47179275,6.788,402.5,2.08,316.0,1075.0,0.014,30.7,6341.0,4.446,1.033,15.403
K01159.01,CONFIRMED,64.617518,5.796,2486.6,5.4,5.09,383.0,0.9,61.9,5043.0,4.47,0.881,15.332
K01160.01,CONFIRMED,13.21409607,3.5641,1154.8,2.77,36.95,629.0,0.812,38.0,5333.0,4.62,0.728,15.987
K01161.01,CONFIRMED,6.05729966,3.7419,385.2,1.94,189.98,947.0,0.219,35.1,5334.0,4.372,1.004,14.678
K00953.01,CONFIRMED,3.584101048,2.7316,2608.1,4.66,386.66,1131.0,0.045,166.3,5739.0,4.518,0.922,15.954
K00013.01,CONFIRMED,1.763587535,3.16877,4590.6,21.42,37958.27,3559.0,0.512,4061.9,9107.0,3.867,3.031,9.958
K00131.01,CONFIRMED,5.014234733,4.589,6536.0,10.63,692.13,1308.0,0.066,794.3,6490.0,4.32,1.307,13.797
K00954.01,CONFIRMED,8.11528727,3.211,834.9,3.1,140.92,879.0,0.916,59.1,5926.0,4.532,0.887,15.219
K00954.02,CONFIRMED,36.9250409,4.9381,902.0,3.01,18.7,530.0,0.838,39.3,5926.0,4.532,0.887,15.219
K01025.01,FALSE POSITIVE,37.4783492,5.317,1467.9,10.05,1.12,262.0,1.161,18.3,3687.0,4.813,0.44,15.501
K01028.01,FALSE POSITIVE,8.09695764,3.319,283.5,34.0,484.58,1197.0,1.165,35.4,5949.0,4.024,1.707,13.295
K01029.01,CONFIRMED,32.3122867,6.569,677.8,4.84,56.49,699.0,0.934,33.6,5821.0,4.108,1.494,14.757
K01030.01,CONFIRMED,9.22961384,2.235,492.1,2.79,257.11,1021.0,0.067,19.3,6320.0,4.347,1.252,15.399
K01031.01,CONFIRMED,14.5598556,5.624,290.6,1.64,78.26,758.0,0.026,15.6,5959.0,4.46,0.966,15.16
K00144.01,CONFIRMED,4.176254191,3.6716,1360.1,3.07,139.48,876.0,0.715,249.7,4957.0,4.594,0.776,13.698
K01093.01,FALSE POSITIVE,0.528755447,5.714,408.5,47.75,27241.45,3271.0,1.204,100.1,6151.0,3.92,1.954,14.662
K01094.01,CONFIRMED,6.10027621,4.7476,766.6,2.59,227.15,990.0,0.015,43.2,5957.0,4.506,0.937,15.678
K01095.01,CANDIDATE,51.59809554,2.0153,5869.2,6.57,9.61,449.0,0.251,79.7,5681.0,4.551,0.859,15.617
K01096.01,CANDIDATE,1500.0,7.109,9592.0,9.8,0.09,139.0,0.9243,62.5,5606.0,4.597,0.76,14.709
K01097.01,FALSE POSITIVE,10.9110487,7.033,401.9,2.36,90.07,786.0,0.9761,28.3,5903.0,4.546,0.864,15.172
K00150.01,CONFIRMED,8.408878137,3.4967,798.9,2.28,101.22,809.0,0.018,147.2,5551.0,4.508,0.812,13.771
K01161.02,CONFIRMED,10.93725572,3.0822,421.6,2.41,86.28,777.0,0.866,24.6,5334.0,4.372,1.004,14.678
K01161.03,CONFIRMED,2.97136658,2.716,233.3,1.52,490.13,1200.0,0.349,25.6,5334.0,4.372,1.004,14.678
K01162.01,CONFIRMED,158.6850022,11.5372,898.3,3.08,3.53,350.0,0.034,97.4,5751.0,4.34,1.034,12.783
K01163.01,CONFIRMED,2.936527336,1.771,352.3,1.92,505.22,1209.0,0.524,34.7,5359.0,4.375,1.002,14.968
K00955.01,CONFIRMED,7.03902016,3.8633,529.8,2.45,288.92,1051.0,0.015,54.3,6321.0,4.434,1.058,15.067
K00956.01,CONFIRMED,8.360870704,2.7144,2039.7,3.67,53.68,690.0,0.494,120.9,4743.0,4.516,0.81,15.223
K00957.01,FALSE POSITIVE,3.14051153,8.2806,1444.4,31.01,689.48,1306.0,1.251,139.5,6108.0,4.443,0.974,15.246
K00958.01,CONFIRMED,21.76129812,1.243,1300.7,2.53,13.18,486.0,0.123,60.0,4859.0,4.612,0.72,12.559
K00959.01,FALSE POSITIVE,12.713794177,2.44093,36718.7,2.31,0.26,181.0,0.485,2981.3,2661.0,5.283,0.116,13.102
K00960.01,FALSE POSITIVE,15.801100028,6.37505,37545.0,15.61,33.6,614.0,0.512,1642.2,5383.0,4.587,0.789,15.513
K01032.01,CANDIDATE,1500.1406772,25.727,4129.9,18.35,0.42,206.0,0.9131,83.3,5009.0,3.755,2.283,13.862
K01034.01,FALSE POSITIVE,1.739428983,2.4894,5897.4,268.65,612.49,1268.0,4.246,130.0,5415.0,4.603,0.742,15.929
K01035.01,FALSE POSITIVE,1.217266418,3.3208,5811.5,14.49,7548.29,2378.0,0.878,603.4,6631.0,4.145,1.638,13.371
K01036.01,FALSE POSITIVE,19.563092517,6.9547,12992.2,23.76,205.39,965.0,0.842,2477.0,6208.0,3.959,1.831,11.115
K01037.01,FALSE POSITIVE,3.7228551,12.8164,2969.2,5.67,368.33,1118.0,0.911,294.8,5873.0,4.547,0.863,15.513
K00138.01,FALSE POSITIVE,48.93786896,6.5868,7240.1,24.19,80.37,764.0,0.981,445.7,7066.0,4.094,1.761,13.96
K01098.01,FALSE POSITIVE,5.48990788,4.02,598.9,23.6,275.65,1039.0,1.199,36.7,5982.0,4.493,0.96,15.03
K01099.01,CONFIRMED,161.5278347,3.6734,4653.6,8.19,4.25,366.0,0.0,54.7,5778.0,4.285,1.213,15.435
K01100.01,FALSE POSITIVE,0.73093905,2.8437,451.1,1.45,1159.62,1488.0,0.018,52.4,4768.0,4.588,0.711,15.736
K01101.01,CONFIRMED,11.39102358,2.303,448.6,1.67,34.55,618.0,0.732,10.5,4983.0,4.617,0.728,15.681
K01102.01,CONFIRMED,12.33343853,6.221,536.4,4.12,165.3,915.0,0.979,31.7,5896.0,4.197,1.24,14.925
K01163.02,CONFIRMED,8.01500821,3.0137,363.0,2.0,132.46,865.0,0.645,28.6,5359.0,4.375,1.002,14.968
K01164.01,FALSE POSITIVE,0.933749941,6.606,415.3,12.93,168.44,919.0,1.225,88.8,3682.0,4.786,0.48,14.96
K01165.01,CONFIRMED,7.053934488,1.7244,511.5,2.36,117.33,840.0,0.899,56.3,5357.0,4.498,0.863,13.916
K01165.02,CONFIRMED,4.29263699,2.7,61.4,0.68,227.69,991.0,0.454,11.4,5357.0,4.498,0.863,13.916
K01166.01,CONFIRMED,7.6746614,1.9374,503.0,2.8,198.67,957.0,0.939,20.8,6063.0,4.47,1.001,15.44
K01167.01,FALSE POSITIVE,0.445275074,2.276,254.7,1.21,3419.7,1950.0,0.639,86.3,5346.0,4.621,0.725,14.507
K00961.01,CONFIRMED,1.213770423,0.5532,1821.0,0.78,18.03,525.0,0.83,111.4,3292.0,5.215,0.148,15.92
K00961.02,CONFIRMED,0.453287416,0.4445,1461.5,0.76,66.14,729.0,0.81,150.4,3292.0,5.215,0.148,15.92
K00132.01,FALSE POSITIVE,10.810132734,4.4618,6165.2,13.95,222.68,985.0,0.948,806.5,6211.0,4.269,1.284,13.794
K00961.03,CONFIRMED,1.865114193,0.4279,1124.8,0.66,10.1,455.0,0.785,56.9,3292.0,5.215,0.148,15.92
K00964.01,FALSE POSITIVE,3.273699006,3.07626,6862.8,22.36,20728.79,3060.0,0.733,1293.1,10816.0,4.086,2.493,13.234
K00965.01,FALSE POSITIVE,7.047103499,3.3208,71318.0,51.86,196.62,955.0,1.047,274.9,5730.0,4.417,1.035,13.361
K01038.01,FALSE POSITIVE,0.530300102,2.8502,3040.0,35.73,7972.18,2410.0,1.2507,207.4,6184.0,4.448,1.038,15.435
K01039.01,FALSE POSITIVE,1.073917869,2.4305,1926.6,33.01,2450.63,1794.0,1.266,137.5,5962.0,4.479,0.959,15.686
K01040.01,FALSE POSITIVE,4.206096814,10.7381,1298.1,32.66,581.11,1252.0,1.239,149.3,6306.0,4.426,1.076,14.081
K01041.01,FALSE POSITIVE,19.56313723,6.8575,5536.0,9.73,58.71,706.0,0.908,157.8,5766.0,4.352,1.077,14.035
K01042.01,FALSE POSITIVE,2.227718792,4.9699,1039.0,8.88,906.46,1400.0,1.04,124.3,6038.0,4.508,0.922,14.85
K01043.01,FALSE POSITIVE,0.591914504,1.0225,1057.7,27.21,1746.78,1646.0,1.344,56.3,5122.0,4.659,0.655,15.643
K01360.01,CONFIRMED,36.7704935,4.42,1346.6,2.83,8.6,437.0,0.545,40.8,5142.0,4.602,0.755,15.596
K01360.02,CONFIRMED,14.58932429,2.4184,831.3,2.32,29.53,594.0,0.694,29.3,5142.0,4.602,0.755,15.596
K01360.03,CONFIRMED,0.764017553,1.103,128.2,0.86,1503.79,1589.0,0.442,13.2,5142.0,4.602,0.755,15.596
K01361.01,CONFIRMED,59.8780258,4.8027,1419.1,2.19,1.31,273.0,0.004,51.8,4016.0,4.658,0.599,14.995
K01362.01,CANDIDATE,20.51360192,3.4769,1174.1,2.58,20.15,540.0,0.703,32.3,5310.0,4.608,0.704,15.406
K01426.02,CONFIRMED,74.92768653,4.74,4119.2,6.39,6.62,409.0,0.796,161.5,5618.0,4.46,0.897,14.232
K01426.03,CONFIRMED,150.0189511,4.3823,4319.7,32.6,2.62,325.0,1.252,106.2,5618.0,4.46,0.897,14.232
K01427.01,CONFIRMED,2.613020421,1.9588,599.7,1.5,61.24,713.0,0.891,31.1,3883.0,4.725,0.517,15.84
K01428.01,CONFIRMED,0.927859786,1.4279,515.3,1.79,813.3,1361.0,0.795,99.8,4815.0,4.631,0.699,14.631
K01429.01,CONFIRMED,205.912735,9.992,2378.8,4.68,1.85,298.0,0.196,49.4,5644.0,4.457,0.969,15.531
K00168.03,CONFIRMED,7.10695741,5.1462,131.0,1.72,422.8,1157.0,0.079,33.8,5761.0,4.091,1.518,13.438
K01239.01,CANDIDATE,0.783276173,1.6735,264.7,1.98,5056.88,2149.0,0.041,46.9,5640.0,4.247,1.233,15.005
K01239.02,CANDIDATE,3.17405898,2.3156,282.2,2.09,780.46,1348.0,0.422,29.2,5640.0,4.247,1.233,15.005
K01240.01,CONFIRMED,2.1395563,2.0678,266.1,1.76,974.3,1425.0,0.368,48.9,5534.0,4.338,1.08,14.466
K01240.02,CONFIRMED,4.807103254,0.9393,450.5,2.96,330.84,1088.0,0.94,32.9,5534.0,4.338,1.08,14.466
K01241.01,CONFIRMED,21.4054422,11.721,409.3,11.64,330.0,1087.0,0.943,60.9,4838.0,3.299,4.361,12.44
K01241.02,CONFIRMED,10.5007712,14.522,183.4,5.68,852.28,1378.0,0.034,45.3,4838.0,3.299,4.361,12.44
K01305.01,CONFIRMED,2.633852528,2.0206,259.8,1.38,387.43,1131.0,0.204,23.3,5114.0,4.463,0.878,15.173
K01305.02,CONFIRMED,6.18670882,2.909,202.6,1.21,123.96,851.0,0.013,14.3,5114.0,4.463,0.878,15.173
K01306.01,CONFIRMED,1.796320953,1.9139,210.9,1.2,827.82,1367.0,0.015,22.1,5576.0,4.503,0.829,15.587
K01306.02,CONFIRMED,3.468073,2.361,243.9,1.29,343.57,1098.0,0.143,20.6,5576.0,4.503,0.829,15.587
K01306.03,CONFIRMED,5.9142668,2.661,253.2,1.31,168.51,919.0,0.04,17.4,5576.0,4.503,0.829,15.587
K00162.01,CONFIRMED,14.00640392,4.6919,716.4,3.11,100.09,807.0,0.568,109.3,5788.0,4.323,1.124,13.837
K01363.01,CONFIRMED,3.546531809,2.2746,442.7,2.18,510.26,1212.0,0.633,26.4,5993.0,4.489,0.986,15.934
K01363.02,CONFIRMED,5.70070626,1.6408,379.8,2.03,270.62,1035.0,0.664,15.2,5993.0,4.489,0.986,15.934
K01364.01,CONFIRMED,20.8341497,4.522,803.1,2.26,23.82,563.0,0.269,26.2,5296.0,4.538,0.808,15.956
K01364.02,CONFIRMED,7.0556584,3.0479,705.6,2.13,100.88,808.0,0.301,32.1,5296.0,4.538,0.808,15.956
K01430.01,CONFIRMED,10.47548084,2.3024,1070.7,2.11,20.15,540.0,0.664,40.3,4463.0,4.677,0.611,15.415
K01430.02,CONFIRMED,22.92886314,2.0831,908.9,2.08,7.09,416.0,0.805,21.3,4463.0,4.677,0.611,15.415
K01430.03,CONFIRMED,77.4740991,4.168,1543.6,2.63,1.4,277.0,0.758,27.5,4463.0,4.677,0.611,15.415
K01431.01,CANDIDATE,345.1589354,7.5646,5087.9,7.79,0.8,241.0,0.87,197.9,5597.0,4.515,0.931,13.46
K01432.01,CONFIRMED,6.88595222,4.148,428.5,2.68,189.35,946.0,0.953,34.5,5616.0,4.394,0.999,15.017
K01242.01,CANDIDATE,99.6442783,5.1772,3215.6,8.48,6.98,415.0,0.966,163.2,6102.0,4.447,1.016,13.75
K01243.01,FALSE POSITIVE,3.125814002,1.7895,238.8,1.88,1073.04,1460.0,0.506,32.0,6358.0,4.346,1.181,14.521
K00155.01,CONFIRMED,5.660669429,4.6483,737.8,3.24,365.53,1115.0,0.477,201.1,5746.0,4.266,1.173,13.494
K01244.01,FALSE POSITIVE,10.80487163,2.7215,292.7,1.71,127.84,857.0,0.207,27.4,6092.0,4.471,0.998,14.503
K01245.01,CONFIRMED,13.71938426,5.5677,316.4,1.98,131.94,864.0,0.022,48.3,6387.0,4.41,1.105,14.2
K01306.04,CONFIRMED,29.2214959,4.014,394.0,1.81,20.03,539.0,0.779,14.6,5576.0,4.503,0.829,15.587
K01307.01,CONFIRMED,44.8520997,3.5729,780.8,3.35,16.35,513.0,0.807,33.0,5514.0,4.345,1.071,14.775
K01307.02,CONFIRMED,20.34237838,2.3351,564.6,2.88,46.93,667.0,0.826,28.7,5514.0,4.345,1.071,14.775
K00157.05,CONFIRMED,118.3786735,9.5574,1083.3,3.4,4.75,376.0,0.011,83.1,5657.0,4.364,1.046,13.709
K01308.01,CONFIRMED,23.58444746,5.5545,429.2,3.0,66.96,730.0,0.711,42.8,5655.0,4.152,1.354,13.971
K01364.03,CONFIRMED,11.97884409,3.751,707.9,2.11,49.87,678.0,0.073,27.8,5296.0,4.538,0.808,15.956
K01364.04,CONFIRMED,3.71545593,2.558,331.7,1.46,237.42,1001.0,0.327,19.6,5296.0,4.538,0.808,15.956
K01364.05,CONFIRMED,2.58083264,2.1729,270.2,1.31,386.18,1130.0,0.16,17.5,5296.0,4.538,0.808,15.956
K01365.01,FALSE POSITIVE,1.487084251,1.3233,295.7,1.6,1076.29,1462.0,0.678,17.9,5650.0,4.551,0.876,15.52
K01366.01,CONFIRMED,19.25404023,4.6509,987.7,3.04,44.17,657.0,0.548,50.7,5798.0,4.507,0.941,15.368
K01432.02,CONFIRMED,15.0549356,4.801,256.4,1.6,66.72,729.0,0.321,16.6,5616.0,4.394,0.999,15.017
K01432.03,CONFIRMED,2.92721119,2.545,170.2,1.29,593.23,1258.0,0.043,18.0,5616.0,4.394,0.999,15.017
K01432.04,CONFIRMED,38.2856338,6.512,322.8,1.77,19.24,534.0,0.115,15.0,5616.0,4.394,0.999,15.017
K01433.01,CONFIRMED,19.80787763,3.453,616.3,2.08,35.89,624.0,0.054,20.1,5775.0,4.558,0.84,15.65
K01434.01,CONFIRMED,2.343230566,2.0424,246.5,1.18,292.31,1054.0,0.047,23.9,4798.0,4.533,0.782,14.782
K01246.01,CANDIDATE,19.03723442,3.3882,401.3,5.74,288.04,1051.0,0.033,25.3,5248.0,3.523,2.892,14.898
K01247.01,FALSE POSITIVE,2.73987398,4.15886,20632.2,34.83,4705.3,2113.0,0.703,1454.3,6520.0,3.844,2.26,11.743
K01248.01,FALSE POSITIVE,5.801880653,4.2608,41924.0,19.91,203.62,964.0,0.773,396.8,5845.0,4.541,0.874,15.359
K01249.01,FALSE POSITIVE,85.34092607,10.6141,51746.2,1177.65,6.61,409.0,12.773,898.4,6004.0,4.522,0.898,15.252
K01250.01,FALSE POSITIVE,0.782045734,1.7945,16185.0,45.05,4332.1,2070.0,1.244,272.3,6113.0,4.463,0.995,14.912
K01251.01,CANDIDATE,0.576078683,1.63253,10084.8,23.23,3647.63,1982.0,1.113,426.0,5693.0,4.57,0.816,15.237
K01309.01,CONFIRMED,10.1171684,4.6677,288.7,3.07,433.41,1163.0,0.296,50.6,6306.0,4.077,1.792,13.832
K01310.01,CONFIRMED,19.12947603,3.9622,451.2,4.23,105.25,817.0,0.861,31.7,5372.0,4.007,1.71,14.569
K01311.01,CONFIRMED,83.5781976,7.2487,630.8,6.63,43.62,655.0,0.544,54.9,6056.0,3.788,2.562,13.498
K01312.01,CONFIRMED,6.1469956,3.3153,249.6,2.04,433.72,1164.0,0.083,25.8,6110.0,4.285,1.296,14.706
K01313.01,FALSE POSITIVE,0.522457732,0.8907,143.8,1.52,6715.55,2308.0,0.967,48.2,5991.0,4.459,0.954,13.343
K01366.02,CONFIRMED,54.1558384,4.432,1109.8,3.88,11.12,466.0,0.927,29.1,5798.0,4.507,0.941,15.368
K00018.01,CONFIRMED,3.548465446,4.56904,7251.5,14.92,1708.28,1640.0,0.075,2486.5,6290.0,4.074,1.746,13.369
K00163.01,CONFIRMED,11.1199028,3.3759,636.3,2.08,42.07,649.0,0.72,100.3,5078.0,4.581,0.766,13.536
K01367.01,CONFIRMED,0.567856484,1.0258,334.8,1.55,2760.23,1848.0,0.324,53.8,5073.0,4.483,0.853,15.055
K01368.01,FALSE POSITIVE,251.0597249,5.1095,7419.8,44.2,1.93,301.0,1.264,110.3,5714.0,4.34,1.086,14.695
K00169.01,FALSE POSITIVE,11.70219638,2.6658,639.7,16.15,63.16,719.0,1.166,41.3,5758.0,4.596,0.762,13.579
K01435.01,CONFIRMED,40.7150498,8.587,563.9,2.2,16.76,516.0,0.638,56.4,5968.0,4.534,0.881,14.201
K01435.02,CONFIRMED,10.44635944,2.749,354.2,2.18,102.77,812.0,0.967,34.4,5968.0,4.534,0.881,14.201
K01436.01,CONFIRMED,2.508553286,2.2664,211.6,1.28,629.8,1278.0,0.009,26.8,5814.0,4.523,0.881,14.271
K01436.02,CONFIRMED,13.75129636,3.853,348.5,1.66,65.24,725.0,0.359,24.6,5814.0,4.523,0.881,14.271
K01252.01,FALSE POSITIVE,0.885747456,4.4788,895.2,269.98,142553.16,4958.0,1.205,203.6,5487.0,2.816,10.396,12.686
K01253.01,FALSE POSITIVE,3.611541977,8.6068,2972.3,28.07,240.29,1005.0,1.254,167.1,5203.0,4.504,0.802,15.736
K00156.01,CONFIRMED,8.041347775,2.6332,591.0,1.29,15.59,507.0,0.26,77.5,3980.0,4.722,0.54,13.738
K01254.01,FALSE POSITIVE,5.082722475,5.9139,1974.1,4.4,296.94,1059.0,0.019,95.5,5780.0,4.438,1.0,12.777
K01255.01,CANDIDATE,78.9257421,7.5193,17972.0,11.9,5.94,398.0,0.359,85.2,5750.0,4.538,0.882,15.913
K01256.01,FALSE POSITIVE,9.991625291,3.8552,3450.5,38.93,160.14,907.0,1.256,220.3,5874.0,4.338,1.096,14.039
K01314.01,CONFIRMED,8.57504983,8.653,160.6,4.26,841.68,1374.0,0.129,36.9,4986.0,3.462,3.464,13.242
K01315.01,CANDIDATE,6.84639884,3.4919,149.7,1.9,387.84,1132.0,0.9,36.3,6065.0,4.251,1.31,13.137
K01316.01,CONFIRMED,7.64970832,6.625,55.4,1.43,404.99,1144.0,0.898,28.5,5855.0,4.125,1.613,11.926
K01316.02,CANDIDATE,12.37679312,3.85,,,,,,,,,,11.926
K00157.06,CONFIRMED,10.30401132,4.2246,316.1,1.84,122.98,849.0,0.017,53.8,5657.0,4.364,1.046,13.709
K01317.01,FALSE POSITIVE,2.171827838,3.2205,42086.0,58.56,698.31,1311.0,1.323,300.6,5650.0,4.513,0.891,15.58
K01369.01,CONFIRMED,3.016182013,2.8349,222.5,2.25,1044.49,1449.0,0.732,31.9,5611.0,4.144,1.4,14.878
K01370.01,CONFIRMED,6.8833761,2.2702,458.4,1.69,127.67,857.0,0.075,28.1,5679.0,4.581,0.794,14.931
K01371.01,FALSE POSITIVE,0.833980196,1.756,261.2,1.45,2562.78,1816.0,0.547,56.9,5747.0,4.53,0.871,14.657
K01372.01,FALSE POSITIVE,69.62754202,11.07,,,,,,,,,,15.384
K01373.01,FALSE POSITIVE,1.926353494,2.5305,185.1,1.33,1146.34,1484.0,0.767,36.9,6063.0,4.481,0.899,14.618
K01374.01,FALSE POSITIVE,0.890737359,1.9257,195.8,20.57,3948.43,2022.0,1.146,37.7,5687.0,4.293,1.169,14.624
K01436.03,CONFIRMED,5.41908491,2.3379,231.0,1.38,225.71,989.0,0.536,20.2,5814.0,4.523,0.881,14.271
K01437.01,CONFIRMED,7.01733571,3.567,255.5,1.61,221.46,984.0,0.581,15.5,6052.0,4.456,0.967,15.28
K01438.01,CONFIRMED,6.91134223,5.6743,201.7,1.9,328.65,1086.0,0.259,44.0,5685.0,4.194,1.35,14.056
K01439.01,CONFIRMED,394.6249514,24.108,2013.3,7.79,2.65,325.0,0.336,234.6,5910.0,4.03,1.727,12.849
K01440.01,CONFIRMED,7.19304935,3.407,255.3,1.59,232.36,995.0,0.017,19.0,6185.0,4.472,0.991,15.451
K01257.01,CONFIRMED,86.64764448,4.2326,7311.6,9.4,7.28,419.0,0.0,241.9,5522.0,4.323,1.12,14.651
K01258.01,CONFIRMED,36.33750453,7.06,2828.4,5.3,16.36,513.0,0.825,96.8,5717.0,4.538,0.884,15.773
K01258.02,CONFIRMED,14.64613058,5.688,593.5,2.22,54.95,694.0,0.561,30.0,5717.0,4.538,0.884,15.773
K01258.03,CONFIRMED,148.272013,4.192,1707.4,4.3,2.51,321.0,0.883,21.8,5717.0,4.538,0.884,15.773
K01259.01,FALSE POSITIVE,1.506507172,4.5346,880.9,13.4,97.56,801.0,1.226,86.7,3755.0,4.774,0.473,15.591
K01318.01,FALSE POSITIVE,1.634614356,3.4422,19761.5,44.22,1597.73,1611.0,1.229,376.5,6121.0,4.468,0.97,15.31
K01319.01,FALSE POSITIVE,16.025018977,3.8828,29090.0,1069.01,44.01,657.0,13.239,257.8,5776.0,4.582,0.789,15.484
K01320.01,CONFIRMED,10.50682978,3.7769,13355.5,9.01,47.21,668.0,0.407,343.4,5127.0,4.589,0.782,15.95
K01321.01,FALSE POSITIVE,0.711966971,2.0221,6227.5,33.34,2808.98,1855.0,1.268,392.2,5486.0,4.47,0.83,15.469
K01322.01,FALSE POSITIVE,17.72724392,4.1073,16878.0,14.77,71.06,741.0,0.825,109.7,6181.0,4.464,1.006,15.073
K01375.01,CONFIRMED,321.2124365,4.012,2358.6,7.25,2.17,310.0,0.873,81.7,6018.0,4.257,1.286,13.709
K01376.01,FALSE POSITIVE,7.13895376,4.568,254.2,49.96,1635.0,1622.0,1.199,32.9,7131.0,3.913,2.145,13.997
K00164.01,FALSE POSITIVE,4.4645454,2.8823,194.3,3.07,1555.36,1601.0,0.808,37.6,6093.0,3.91,1.985,13.51
K01377.01,CONFIRMED,11.29689442,4.623,198.5,1.74,160.18,907.0,0.634,20.9,6096.0,4.358,1.176,14.788
K01378.01,FALSE POSITIVE,19.30112039,6.0752,232.3,1.66,47.49,669.0,0.862,45.0,5687.0,4.408,0.943,13.601
K00019.01,FALSE POSITIVE,1.20320092,1.9197,2807.1,49.25,4809.16,2124.0,1.274,250.8,6218.0,4.198,1.349,11.374
K00171.01,CONFIRMED,5.968724048,3.651,510.6,3.26,579.9,1251.0,0.166,107.1,6122.0,4.173,1.439,13.717
K01449.01,FALSE POSITIVE,10.980246199,3.74464,50078.0,21.94,107.47,821.0,0.733,1555.4,5952.0,4.462,0.897,14.212
K01450.01,CONFIRMED,2.144632238,6.2701,19836.9,59.19,2146.82,1736.0,1.228,334.8,6296.0,4.24,1.305,13.48
K01451.01,FALSE POSITIVE,27.32204488,5.6716,77474.5,21.58,18.81,531.0,0.257,3622.7,5620.0,4.592,0.772,13.552
K01452.01,FALSE POSITIVE,1.152216965,2.2245,12072.0,187.73,183811.71,5283.0,0.811,104.5,5560.0,2.619,15.113,13.63
K01260.01,FALSE POSITIVE,5.2972293,3.799,1210.5,47.7,15961.1,2867.0,0.022,31.8,4631.0,2.386,14.296,13.85
K01261.01,CONFIRMED,133.460999,11.4997,5032.9,11.21,8.29,433.0,0.249,162.3,5588.0,4.047,1.593,15.12
K00156.02,CONFIRMED,5.188563677,2.3683,358.7,1.0,27.95,586.0,0.179,56.4,3980.0,4.722,0.54,13.738
K01261.02,CONFIRMED,15.19423359,3.106,367.8,3.69,150.25,893.0,0.906,18.1,5588.0,4.047,1.593,15.12
K01262.01,FALSE POSITIVE,14.17098745,3.4804,3070.8,4.19,32.22,608.0,0.041,93.6,5107.0,4.565,0.777,15.379
K01263.01,FALSE POSITIVE,31.9734169,13.262,1414.4,24.1,9.01,442.0,1.24,62.5,4931.0,4.595,0.774,15.527
K01323.01,CONFIRMED,3.990105908,2.4108,6154.9,7.45,378.53,1124.0,0.582,247.8,5926.0,4.519,0.913,15.572
K01324.01,FALSE POSITIVE,0.52205862,2.0847,1381.3,27.16,3951.57,2022.0,1.24,169.0,5359.0,4.478,0.878,15.636
K01325.01,CONFIRMED,10.035381809,3.4062,2829.7,4.42,90.33,786.0,0.079,150.9,5813.0,4.561,0.833,15.062
K01326.01,FALSE POSITIVE,53.100942624,2.2868,19981.1,24.02,10.93,464.0,0.988,1108.5,5465.0,4.396,0.973,12.907
K00158.01,FALSE POSITIVE,5.80181368,4.119,269.6,4.52,1168.82,1491.0,0.967,35.3,6020.0,3.86,2.097,13.752
K01327.01,FALSE POSITIVE,15.6402515,6.222,800.3,18.11,39.55,640.0,1.167,19.3,5346.0,4.491,0.826,15.908
K01378.02,FALSE POSITIVE,0.691666384,1.9603,35.6,0.58,4014.57,2031.0,0.552,20.8,5687.0,4.408,0.943,13.601
K01379.01,CONFIRMED,5.62154315,2.4143,172.3,1.37,229.04,992.0,0.742,35.3,5637.0,4.439,0.96,13.687
K01380.01,FALSE POSITIVE,1.074106954,1.9797,64.5,0.52,588.96,1255.0,0.122,48.5,4699.0,4.637,0.676,11.748
K01381.01,FALSE POSITIVE,5.117401517,4.3056,62929.0,28.41,385.51,1130.0,0.683,456.6,6161.0,4.454,1.053,15.764
K01382.01,FALSE POSITIVE,4.20233673,3.6973,45982.0,23.53,570.87,1246.0,0.004,258.8,6185.0,4.396,1.094,15.653
K01441.01,CONFIRMED,8.50698069,2.938,295.5,1.9,155.42,900.0,0.816,20.7,5822.0,4.428,0.986,15.135
K00170.01,FALSE POSITIVE,15.60865244,6.26,311.4,6.17,958.55,1419.0,0.985,46.9,8014.0,3.94,2.43,13.376
K01442.01,CONFIRMED,0.669310092,1.6274,131.8,1.13,3643.96,1983.0,0.157,75.3,5475.0,4.426,1.003,12.521
K01443.01,FALSE POSITIVE,4.494498254,1.9742,248.2,62.11,1824.84,1667.0,1.149,39.3,5117.0,3.578,3.403,12.786
K01444.01,CONFIRMED,44.9306706,6.539,438.4,2.49,24.17,565.0,0.481,33.8,6121.0,4.397,1.164,13.949
K01264.01,CONFIRMED,14.13175309,4.0136,1033.0,3.02,49.18,675.0,0.848,40.1,5616.0,4.564,0.822,15.762
K01265.01,FALSE POSITIVE,1.061934816,3.2551,437.2,25.72,1789.63,1660.0,1.25,74.5,5730.0,4.545,0.87,15.062
K01266.01,CONFIRMED,11.41926141,3.9908,915.6,1.48,7.32,419.0,0.242,58.0,3823.0,4.765,0.492,15.314
K01267.01,FALSE POSITIVE,5.93821065,2.5128,522.5,61.63,231.93,996.0,1.646,33.6,6123.0,4.545,0.85,14.423
K01268.01,CANDIDATE,268.9410974,5.4434,9010.2,13.57,2.52,321.0,0.765,120.4,5798.0,4.224,1.306,14.814
K01269.01,FALSE POSITIVE,0.655001616,1.8136,271.2,31.77,23595.49,3162.0,1.121,104.5,6426.0,3.965,2.089,13.371
K01328.01,CANDIDATE,80.9669561,2.5276,4733.0,5.04,4.14,364.0,0.007,52.0,5611.0,4.61,0.737,15.671
K01329.01,CONFIRMED,33.1996355,5.022,1112.5,2.85,13.09,485.0,0.017,32.6,5102.0,4.463,0.88,15.03
K01330.01,FALSE POSITIVE,8.65306587,4.486,1048.1,19.78,37.94,633.0,1.222,43.0,4641.0,4.589,0.694,15.703
K01331.01,CANDIDATE,6.80082032,1.9883,699.9,1.88,55.83,697.0,0.597,25.5,4805.0,4.633,0.688,15.238
K01332.01,CONFIRMED,19.30581662,4.2902,709.1,4.0,104.41,815.0,0.001,36.3,5661.0,4.09,1.522,15.151
K01383.01,FALSE POSITIVE,3.221785738,3.3411,46379.0,25.03,800.37,1357.0,0.777,336.4,6250.0,4.411,1.041,14.601
K01384.01,FALSE POSITIVE,0.6243875,1.92102,36854.7,29.45,1693.36,1639.0,1.157,628.3,5211.0,4.644,0.618,15.487
K01385.01,FALSE POSITIVE,18.610092584,4.98308,50833.5,55.23,52.24,686.0,1.258,1309.3,6077.0,4.526,0.891,15.84
K00165.01,CONFIRMED,13.22175358,2.7884,876.5,2.38,39.56,640.0,0.451,93.6,5211.0,4.556,0.799,13.938
K01386.01,FALSE POSITIVE,1.137525054,2.68228,18006.1,42.74,2197.52,1746.0,1.238,633.1,5912.0,4.467,0.937,15.452
K01387.01,FALSE POSITIVE,23.799939273,5.02319,60186.4,51.74,38.92,637.0,1.137,2065.8,5934.0,4.473,0.957,14.669
K01445.01,CONFIRMED,7.16893064,4.6766,112.8,1.61,469.56,1187.0,0.573,36.3,6221.0,4.198,1.458,12.32
K01445.02,CANDIDATE,54.325574,9.86,44.2,0.76,20.85,545.0,0.154,7.7,6343.0,4.411,1.137,12.32
K01445.03,CANDIDATE,20.01959599,7.0,,,,,,,,,,12.32
K01446.01,FALSE POSITIVE,1.22775877,2.7545,46148.0,48.79,2809.86,1859.0,1.111,292.7,6207.0,4.412,1.044,13.184
K01447.01,FALSE POSITIVE,40.24649897,6.0203,159414.0,97.54,82.27,768.0,0.877,420.9,6594.0,4.051,1.691,13.092
K01447.02,FALSE POSITIVE,2.27999662,5.7777,12831.0,20.74,3775.07,2000.0,0.739,366.8,6594.0,4.051,1.691,13.092
K01448.01,FALSE POSITIVE,2.48658617,2.7189,42122.0,24.39,1077.69,1461.0,0.079,91.6,5892.0,4.35,1.198,15.418
K01270.01,CONFIRMED,5.729317577,1.1816,865.4,2.41,123.03,850.0,0.597,59.0,5320.0,4.589,0.786,14.809
K00156.03,CONFIRMED,11.776132317,2.8971,1430.8,2.08,9.37,446.0,0.54,163.5,3980.0,4.722,0.54,13.738
K01270.02,CONFIRMED,11.60908533,2.2603,489.3,1.71,48.06,671.0,0.03,34.1,5320.0,4.589,0.786,14.809
K01271.01,CANDIDATE,162.0479502,9.8974,4840.5,11.52,8.65,437.0,0.663,370.2,6309.0,4.16,1.567,13.632
K01272.01,FALSE POSITIVE,0.530967162,3.3659,244.9,23.72,12644.75,2704.0,1.167,125.5,6449.0,4.316,1.193,13.586
K01273.01,CONFIRMED,40.05881661,5.595,1239.4,3.43,13.57,489.0,0.819,62.6,5668.0,4.545,0.868,14.862
K01332.02,CONFIRMED,6.09747233,3.431,217.6,2.22,485.84,1197.0,0.012,17.4,5661.0,4.09,1.522,15.151
K01332.03,CONFIRMED,56.637918,6.172,589.7,3.68,24.87,570.0,0.298,20.9,5661.0,4.09,1.522,15.151
K01333.01,FALSE POSITIVE,2.243016513,2.721,299.6,1.37,438.46,1167.0,0.737,59.1,5462.0,4.614,0.732,13.98
K01334.01,FALSE POSITIVE,8.6531216,4.39,654.8,22.58,84.05,772.0,1.214,35.7,5421.0,4.564,0.852,15.454
K00159.01,CONFIRMED,8.99088621,4.2447,469.7,2.78,200.35,960.0,0.77,93.6,5881.0,4.315,1.171,13.431
K01388.01,FALSE POSITIVE,34.064566412,9.6114,28450.4,15.57,25.0,570.0,0.524,1305.9,6161.0,4.517,0.892,15.443
K01389.01,FALSE POSITIVE,4.350087749,2.6428,23593.0,24.77,393.2,1136.0,0.986,192.2,6060.0,4.495,0.953,14.855
K01390.01,FALSE POSITIVE,1.744101106,1.5497,9681.4,7.21,251.54,1016.0,0.618,152.6,4368.0,4.593,0.703,15.702
K01391.01,FALSE POSITIVE,7.981187121,1.8071,7609.5,18.75,205.88,966.0,1.036,202.1,6217.0,4.472,0.989,14.36
K01392.01,FALSE POSITIVE,4.118775582,3.76,2647.7,4.48,306.75,1067.0,0.754,125.6,5944.0,4.579,0.802,15.797
K01393.01,CANDIDATE,1.694740233,1.6864,1446.8,2.12,95.14,797.0,0.671,92.3,3764.0,4.739,0.527,15.804
K01453.01,FALSE POSITIVE,0.971933156,1.9265,4786.0,50.75,2240.48,1754.0,1.42,223.1,5592.0,4.445,0.931,15.289
K01454.01,FALSE POSITIVE,121.5991278,15.1596,10537.0,379.63,3.87,358.0,5.011,297.0,6036.0,4.551,0.847,14.6
K01455.01,CANDIDATE,15.068060768,3.3011,19387.0,16.43,71.78,742.0,0.88,282.8,5982.0,4.493,0.96,15.95
K01456.01,CONFIRMED,7.886632468,5.2147,6331.2,8.99,232.07,996.0,0.048,392.3,5847.0,4.304,1.135,15.014
K01457.01,CONFIRMED,8.027681123,3.0942,8725.4,8.43,109.35,824.0,0.495,461.5,5569.0,4.546,0.887,15.57
K01274.01,CONFIRMED,704.962626,18.003,2319.1,4.53,0.24,178.0,0.8495,96.1,5305.0,4.489,0.818,13.354
K01275.01,CONFIRMED,50.28635977,6.3212,1119.3,3.88,20.59,543.0,0.018,99.5,5900.0,4.309,1.167,13.672
K01276.01,CONFIRMED,22.79020351,5.0394,617.9,2.57,38.27,634.0,0.036,47.7,5478.0,4.354,1.053,14.766
K01276.02,CONFIRMED,13.26079792,3.912,199.4,1.47,78.79,760.0,0.22,17.6,5478.0,4.354,1.053,14.766
K01277.01,FALSE POSITIVE,1.061932545,2.1429,133.6,2.29,9391.15,2508.0,0.713,80.2,6134.0,3.975,1.851,12.953
K01335.01,CONFIRMED,127.8334997,10.914,1829.9,9.46,22.21,554.0,0.416,76.9,6505.0,3.973,2.17,13.968
K01336.01,CONFIRMED,10.21864532,3.802,445.3,2.33,169.13,920.0,0.416,26.6,6100.0,4.376,1.083,14.82
K01336.02,CONFIRMED,15.573637,5.326,468.1,2.94,96.38,799.0,0.946,24.7,6100.0,4.376,1.083,14.82
K01336.03,CONFIRMED,40.1015561,5.246,550.0,2.92,27.31,583.0,0.868,19.0,6100.0,4.376,1.083,14.82
K01336.04,CONFIRMED,4.45814897,2.867,188.1,1.61,511.6,1212.0,0.754,14.3,6100.0,4.376,1.083,14.82
K01394.01,FALSE POSITIVE,5.663621501,1.2968,1225.0,2.47,84.76,774.0,0.169,39.8,4917.0,4.601,0.723,15.444
K01395.01,CONFIRMED,6.230335,1.6493,1449.2,3.7,138.33,875.0,0.808,31.6,5477.0,4.557,0.865,15.977
K00166.01,CONFIRMED,12.49340725,2.2614,715.7,2.2,42.08,649.0,0.594,76.2,5207.0,4.561,0.795,13.575
K01396.01,CONFIRMED,6.62643441,3.1752,814.6,2.54,151.59,895.0,0.111,40.6,5616.0,4.529,0.903,15.843
K01396.02,CONFIRMED,3.70122061,2.523,327.4,1.62,330.02,1087.0,0.178,19.6,5616.0,4.529,0.903,15.843
K01397.01,CANDIDATE,6.247030799,1.4848,1496.6,1.89,16.23,512.0,0.039,44.8,3821.0,4.764,0.487,15.369
K01207.01,CONFIRMED,13.73474071,2.769,746.4,2.71,38.11,634.0,0.941,31.0,5196.0,4.524,0.772,15.187
K01208.01,CANDIDATE,700.00298217,7.6525,3245.9,6.43,0.76,238.0,0.143,60.3,6487.0,4.397,1.118,13.594
K01209.01,CANDIDATE,272.0868353,2.7145,5572.0,5.95,0.93,251.0,0.3629,21.5,5587.0,4.548,0.791,15.166
K01210.01,CONFIRMED,14.55387488,6.973,319.7,3.45,183.48,939.0,0.955,26.8,6143.0,4.177,1.507,14.377
K00016.01,FALSE POSITIVE,0.895277575,2.711,534.5,9.27,77480.31,4253.0,0.928,132.1,8040.0,3.707,3.325,13.574
K00152.04,CONFIRMED,81.0637895,3.001,476.0,3.01,16.12,511.0,0.584,19.4,6198.0,4.237,1.324,13.914
K01278.01,CONFIRMED,24.8056775,6.148,624.4,2.16,28.22,588.0,0.007,39.4,5600.0,4.455,0.872,15.204
K00157.01,CONFIRMED,13.02493307,4.5706,778.4,2.88,90.1,786.0,0.004,119.3,5657.0,4.364,1.046,13.709
K01278.02,CONFIRMED,44.3471936,6.43,791.7,2.45,13.0,484.0,0.273,40.5,5600.0,4.455,0.872,15.204
K01278.03,CONFIRMED,9.2207691,4.907,140.0,1.02,105.63,817.0,0.037,13.2,5600.0,4.455,0.872,15.204
K01278.04,CONFIRMED,13.6396648,5.425,162.7,1.1,62.6,717.0,0.105,13.3,5600.0,4.455,0.872,15.204
K01337.01,CONFIRMED,1.922799706,1.8604,259.7,1.28,514.44,1215.0,0.036,30.1,5194.0,4.559,0.815,14.829
K01338.01,CONFIRMED,3.222975318,2.9247,232.7,1.47,558.65,1239.0,0.33,31.3,5823.0,4.427,0.96,14.609
K01338.02,CANDIDATE,42.0370662,6.282,266.8,1.66,18.16,527.0,0.672,14.7,5823.0,4.427,0.96,14.609
K01338.03,CANDIDATE,21.0112068,4.507,163.6,1.4,45.79,663.0,0.853,10.2,5823.0,4.427,0.96,14.609
K01339.01,CONFIRMED,4.16811839,2.8084,263.0,2.28,628.73,1277.0,0.709,26.7,5689.0,4.202,1.313,14.801
K01398.01,CONFIRMED,5.82348911,2.2441,888.7,3.0,196.33,955.0,0.877,38.1,5774.0,4.526,0.864,15.898
K01399.01,CANDIDATE,8.75059775,2.8288,881.9,2.27,51.0,682.0,0.33,28.3,4942.0,4.599,0.779,15.92
K01400.01,FALSE POSITIVE,9.41475056,4.736,483.4,19.33,202.58,962.0,1.148,55.2,6406.0,4.436,1.033,13.66
K01401.01,FALSE POSITIVE,0.56669006,2.1674,104.6,1.52,18023.71,2955.0,0.7102,53.8,6899.0,4.273,1.386,13.44
K01402.01,CONFIRMED,7.13969705,3.981,512.9,2.24,205.23,965.0,0.027,27.8,6014.0,4.486,0.993,15.906
K01403.01,CONFIRMED,18.75470238,3.0331,995.3,1.67,5.03,382.0,0.034,33.2,3976.0,4.721,0.54,15.473
K01211.01,FALSE POSITIVE,3.00363219,3.732,101.2,1.43,1441.44,1571.0,0.727,38.5,6309.0,4.217,1.32,12.476
K01212.01,CONFIRMED,11.30123036,4.022,277.1,1.85,124.42,852.0,0.117,18.5,5730.0,4.34,1.122,14.981
K01213.01,FALSE POSITIVE,0.796722833,2.4551,107.1,1.44,7844.64,2401.0,0.601,43.9,5959.0,4.121,1.334,13.379
K01214.01,CONFIRMED,4.24153629,2.971,188.1,1.44,452.95,1177.0,0.257,18.0,5776.0,4.34,1.047,14.621
K01215.01,CONFIRMED,17.32419108,8.045,241.3,3.14,204.1,964.0,0.764,49.1,5968.0,3.972,1.857,13.42
K01279.01,CONFIRMED,14.37457572,4.7892,335.8,1.94,87.24,779.0,0.035,55.2,5768.0,4.358,1.067,13.749
K01279.02,CONFIRMED,9.65188331,4.296,103.2,1.08,148.32,890.0,0.122,19.8,5768.0,4.358,1.067,13.749
K01280.01,FALSE POSITIVE,6.0990118,3.6112,227.5,3.16,842.53,1374.0,0.688,39.3,5743.0,3.881,1.971,13.951
K01281.01,CONFIRMED,49.4781446,2.493,496.6,1.88,10.73,462.0,0.048,20.4,5776.0,4.554,0.849,14.427
K01282.01,CONFIRMED,30.8639476,8.864,256.5,3.01,72.05,743.0,0.907,63.0,5977.0,4.08,1.571,12.547
K00159.02,CONFIRMED,2.403640701,1.4012,74.9,1.24,1164.85,1489.0,0.918,16.3,5881.0,4.315,1.171,13.431
K01340.01,FALSE POSITIVE,2.90060781,2.563,124.8,1.58,1727.31,1645.0,0.47,20.6,6547.0,4.241,1.371,13.887
K01341.01,CONFIRMED,4.51436096,3.0083,230.7,1.84,543.73,1231.0,0.118,28.4,5940.0,4.306,1.215,14.946
K01342.01,CONFIRMED,3.77359871,2.7282,176.0,1.29,614.52,1270.0,0.0,25.6,6224.0,4.404,0.969,14.207
K01342.02,CONFIRMED,8.18182189,2.4566,299.6,1.77,218.9,981.0,0.655,27.4,6224.0,4.404,0.969,14.207
K01404.01,CONFIRMED,13.32389352,3.2208,781.3,1.26,4.83,378.0,0.073,25.9,3751.0,4.813,0.45,15.931
K00167.01,CONFIRMED,4.919584997,4.1988,425.7,2.86,702.13,1312.0,0.243,132.0,6236.0,4.246,1.378,13.273
K01405.01,CONFIRMED,11.41911886,5.135,509.2,3.32,170.33,921.0,0.947,23.7,6311.0,4.398,1.172,15.965
K01406.01,CONFIRMED,11.36113254,4.1886,569.5,2.6,134.97,869.0,0.734,57.0,6244.0,4.46,1.009,14.63
K01407.01,FALSE POSITIVE,1.3866358,4.77,70.1,0.72,1205.94,1503.0,0.3783,6.8,5693.0,4.551,0.856,15.755
K01408.01,CONFIRMED,14.53410833,3.3094,510.6,1.36,7.34,420.0,0.766,32.5,3957.0,4.693,0.553,14.688
K01215.02,CONFIRMED,33.0063185,7.118,278.1,3.13,86.38,778.0,0.39,38.2,5968.0,3.972,1.857,13.42
K01216.01,CONFIRMED,11.13127159,4.2372,211.2,2.06,194.31,952.0,0.01,36.8,5800.0,4.202,1.435,13.459
K01217.01,FALSE POSITIVE,3.47143963,3.663,99.8,1.19,805.05,1358.0,0.719,27.5,6341.0,4.409,1.111,13.599
K01218.01,CONFIRMED,29.6193891,4.9595,314.7,1.74,26.79,580.0,0.046,42.5,5618.0,4.401,0.996,13.331
K01219.01,FALSE POSITIVE,3.50376155,3.16,,,,,,,,,,14.463
K00153.01,CONFIRMED,8.925079516,2.6766,977.5,2.36,36.89,628.0,0.74,135.8,4728.0,4.628,0.693,13.461
K01283.01,CONFIRMED,8.0922105,5.7696,65.3,1.44,331.65,1089.0,0.951,37.5,5774.0,4.106,1.395,11.731
K01284.01,FALSE POSITIVE,3.117087797,3.06941,12152.1,88.51,2725.12,1842.0,1.255,441.7,6338.0,3.973,2.046,11.397
K00157.02,CONFIRMED,22.687155,5.4921,960.0,3.2,42.95,653.0,0.023,122.8,5657.0,4.364,1.046,13.709
K01285.01,FALSE POSITIVE,0.937406378,1.9515,5079.6,7.09,1790.11,1659.0,0.8735,138.9,5480.0,4.529,0.843,14.546
K01286.01,FALSE POSITIVE,0.668483615,2.0909,2899.8,29.53,2642.17,1832.0,1.269,161.2,5546.0,4.575,0.81,15.905
K01287.01,FALSE POSITIVE,4.429633087,3.0257,6120.1,32.12,192.62,950.0,1.264,166.3,5344.0,4.545,0.809,15.91
K01343.01,FALSE POSITIVE,1.544927524,1.0134,138.5,1.39,2606.96,1824.0,0.533,25.4,6309.0,4.34,1.132,13.643
K01344.01,CONFIRMED,4.48758768,2.874,112.0,1.37,684.07,1305.0,0.532,25.9,6060.0,4.227,1.257,13.446
K01345.01,FALSE POSITIVE,0.323021692,2.3442,47100.0,46.4,9913.7,2545.0,1.1083,520.6,5458.0,4.381,0.972,11.234
K01346.01,FALSE POSITIVE,4.70818628,3.278,56545.0,42.99,282.41,1046.0,1.082,24.7,5868.0,4.53,0.894,13.279
K01347.01,FALSE POSITIVE,14.405857436,5.48509,30430.6,23.42,146.95,888.0,0.001,2294.1,5945.0,4.196,1.346,14.808
K01348.01,FALSE POSITIVE,7.702374154,3.8459,18377.0,225.25,109.38,825.0,3.346,157.2,5598.0,4.565,0.83,15.144
K01409.01,CONFIRMED,16.56062577,2.611,700.8,2.94,57.28,701.0,0.96,30.8,5818.0,4.436,0.855,15.198
K01410.01,CONFIRMED,15.74958583,4.6672,659.5,2.77,86.18,777.0,0.637,42.6,6191.0,4.454,1.025,15.3
K01412.01,CONFIRMED,37.8145252,9.109,412.5,3.04,36.25,626.0,0.845,57.9,5988.0,4.278,1.314,13.601
K01413.01,CONFIRMED,12.64504291,9.117,200.4,1.55,71.28,741.0,0.931,32.7,5607.0,4.447,0.886,14.447
K01413.02,CONFIRMED,21.5262958,8.392,190.0,1.36,35.03,621.0,0.804,23.4,5607.0,4.447,0.886,14.447
K01413.03,CONFIRMED,33.8845825,6.538,224.1,1.74,19.13,533.0,0.961,17.2,5607.0,4.447,0.886,14.447
K01220.01,CONFIRMED,6.40087137,2.5561,133.6,1.91,357.44,1109.0,0.861,24.4,5426.0,4.107,1.421,12.988
K01221.01,CONFIRMED,30.1599411,7.874,175.9,4.54,115.69,836.0,0.802,32.3,5010.0,3.62,3.051,11.584
K01221.02,CONFIRMED,51.0771048,11.233,141.5,3.66,57.28,702.0,0.498,24.1,5010.0,3.62,3.051,11.584
K01222.01,FALSE POSITIVE,4.2856756,4.059,31.4,2.13,2429.13,1790.0,0.5445,8.3,5055.0,3.443,3.733,12.203
K01223.01,FALSE POSITIVE,7.388833611,5.62857,13063.5,10.66,139.94,877.0,0.799,1509.3,5845.0,4.558,0.838,13.209
K01224.01,FALSE POSITIVE,2.698021895,23.192,6721.2,52.51,1481.76,1582.0,1.3,647.1,6568.0,4.36,1.211,13.717
K01288.01,CONFIRMED,117.93110803,5.8796,8506.6,10.36,7.2,418.0,0.615,212.5,6392.0,4.425,1.072,15.128
K01289.01,FALSE POSITIVE,4.887806806,2.4078,4676.0,5.71,167.54,918.0,0.561,116.1,5284.0,4.523,0.812,15.399
K01290.01,FALSE POSITIVE,11.973605044,4.3117,3822.9,38.2,106.83,820.0,1.3,172.9,6146.0,4.497,0.943,15.175
K01291.01,FALSE POSITIVE,1.231364189,5.8574,1097.1,5.39,2005.15,1707.0,0.995,229.7,5897.0,4.429,0.891,14.97
K01292.01,FALSE POSITIVE,2.102416517,1.7684,1502.5,29.29,1003.06,1435.0,1.236,94.3,5999.0,4.494,0.959,15.642
K01293.01,FALSE POSITIVE,11.703109303,2.0467,4201.0,37.3,102.47,811.0,1.279,126.6,6014.0,4.494,0.958,15.003
K00160.01,FALSE POSITIVE,13.73808249,3.354,660.7,3.84,163.52,912.0,0.957,68.4,6375.0,4.292,1.178,13.805
K01349.01,FALSE POSITIVE,16.66216657,3.8762,27442.0,843.45,114.41,834.0,7.444,114.5,6440.0,4.38,1.169,13.344
K01350.01,FALSE POSITIVE,0.752159702,2.3621,3425.0,43.73,5767.22,2224.0,1.272,291.1,5916.0,4.296,1.175,11.884
K01352.01,FALSE POSITIVE,4.81886153,6.223,1318.6,2.96,98.29,803.0,0.924,86.3,5030.0,4.658,0.651,15.932
K01353.01,CONFIRMED,125.86540191,9.0191,12389.5,12.37,5.71,394.0,0.101,544.7,5933.0,4.342,1.115,13.956
K01353.02,CONFIRMED,34.5439452,3.482,429.8,2.67,32.02,607.0,0.87,23.4,5933.0,4.342,1.115,13.956
K00168.01,CONFIRMED,10.74241765,6.0633,415.2,3.06,243.94,1008.0,0.034,95.4,5761.0,4.091,1.518,13.438
K01414.01,FALSE POSITIVE,4.02378908,3.237,32.1,2.24,9293.19,2504.0,0.715,36.1,7516.0,3.651,3.685,10.083
K01415.01,FALSE POSITIVE,0.312941621,2.0646,35262.0,58.02,23300.36,3151.0,1.1789,413.9,6286.0,4.312,1.188,13.397
K01416.01,CONFIRMED,2.495780169,4.2721,25070.0,15.75,929.47,1408.0,0.133,171.4,6039.0,4.426,0.992,14.152
K01417.01,FALSE POSITIVE,8.428090255,1.881,11355.5,517.43,105.54,817.0,6.787,183.0,5761.0,4.573,0.805,15.977
K01418.01,FALSE POSITIVE,8.344104633,1.8014,9695.0,836.31,89.55,785.0,10.047,89.7,5447.0,4.559,0.838,15.734
K01225.01,CANDIDATE,1.714274727,2.06728,28460.1,25.0,110.02,827.0,1.182,987.2,3874.0,4.715,0.535,15.686
K01226.01,FALSE POSITIVE,137.75960504,9.1713,83298.0,49.52,5.81,396.0,0.776,885.9,5323.0,4.085,1.452,15.324
K01227.01,FALSE POSITIVE,2.155278342,2.1064,20739.0,16.89,620.67,1272.0,0.926,142.7,5665.0,4.568,0.82,13.997
K01228.01,FALSE POSITIVE,3.661326482,2.5714,17846.0,12.07,258.6,1023.0,0.812,424.6,5319.0,4.501,0.798,14.349
K00153.02,CONFIRMED,4.75400072,2.5394,748.7,2.0,85.23,775.0,0.672,141.4,4728.0,4.628,0.693,13.461
K01229.01,FALSE POSITIVE,0.76973817,2.5,,,,,,,,,,14.84
K01230.01,FALSE POSITIVE,165.739861,24.9393,7343.4,57.54,54.1,692.0,0.263,527.8,5019.0,2.99,6.836,12.263
K01294.01,FALSE POSITIVE,9.08937826,6.255,779.8,5.35,351.45,1104.0,0.982,72.7,6739.0,4.332,1.275,14.408
K00017.01,CONFIRMED,3.234699282,3.59385,10558.7,13.06,797.62,1356.0,0.079,3003.8,5640.0,4.236,1.291,13.303
K00157.03,CONFIRMED,31.99552485,4.2817,1376.1,4.12,27.17,582.0,0.69,128.0,5657.0,4.364,1.046,13.709
K01295.01,FALSE POSITIVE,1.577800747,2.1626,697.7,31.24,1236.23,1513.0,1.332,79.6,6089.0,4.566,0.802,15.031
K01296.01,FALSE POSITIVE,2.380862632,4.20416,32634.0,21.65,1133.0,1480.0,0.664,2590.6,5821.0,4.297,1.129,13.802
K01354.01,FALSE POSITIVE,1.752567456,5.4993,607.3,26.56,1202.54,1502.0,1.218,92.2,5739.0,4.433,0.996,14.449
K01355.01,CONFIRMED,51.92920654,5.2637,3425.8,8.49,25.6,574.0,0.398,81.8,5671.0,4.128,1.442,15.897
K01356.01,CANDIDATE,384.02570682,14.56,,,,,,,,,,15.206
K01357.01,CANDIDATE,3.014330766,2.4747,975.3,2.87,377.79,1124.0,0.01,57.3,5209.0,4.446,0.953,15.673
K01358.01,CONFIRMED,5.644914154,2.2599,1397.9,2.66,72.38,744.0,0.445,63.9,4769.0,4.622,0.714,15.505
K00161.01,CONFIRMED,3.105507835,1.7458,904.6,2.68,217.91,980.0,0.799,178.6,4989.0,4.585,0.791,13.341
K01419.01,FALSE POSITIVE,1.336109338,1.7419,2204.3,35.19,2106.49,1727.0,1.28,150.0,6119.0,4.46,0.967,15.507
K01420.01,CANDIDATE,13.35151248,3.6045,3308.8,4.44,27.77,585.0,0.573,107.9,4843.0,4.562,0.754,15.825
K01421.01,CANDIDATE,1693.6636225,22.604,9515.3,10.23,0.14,157.0,0.5283,122.8,5923.0,4.445,1.021,15.305
K01422.01,CONFIRMED,5.841636615,1.8734,1336.3,1.38,9.38,446.0,0.026,41.1,3526.0,4.866,0.383,15.921
K01422.02,CONFIRMED,19.85029495,2.8407,1607.5,1.52,1.83,297.0,0.217,34.4,3526.0,4.866,0.383,15.921
K00168.02,CONFIRMED,15.27443889,6.0765,206.7,2.17,152.62,896.0,0.153,40.3,5761.0,4.091,1.518,13.438
K01231.01,FALSE POSITIVE,22.34293693,7.0813,2691.1,2.92,6.01,399.0,0.001,35.3,4260.0,4.663,0.58,15.719
K01232.01,FALSE POSITIVE,119.40817159,9.3537,18563.3,16.26,2.72,328.0,0.915,508.4,5316.0,4.477,0.872,14.427
K01233.01,FALSE POSITIVE,1.171536413,1.5878,1132.7,7.12,7673.2,2387.0,0.973,67.0,7021.0,4.275,1.485,15.634
K01234.01,FALSE POSITIVE,0.973547911,2.2858,435.7,11.52,2556.6,1814.0,1.097,38.7,6084.0,4.542,0.863,15.46
K01235.01,FALSE POSITIVE,3.053563251,3.2551,508.4,21.79,444.16,1171.0,1.208,50.4,5764.0,4.548,0.863,14.598
K01297.01,FALSE POSITIVE,1.031096352,2.781,265.4,2.36,3954.46,2020.0,0.979,37.8,6371.0,4.426,1.072,15.131
K01298.01,CONFIRMED,11.00817635,2.013,1462.5,2.15,13.39,488.0,0.025,42.1,4141.0,4.684,0.582,15.847
K01298.02,CONFIRMED,92.7495777,5.506,1105.1,1.87,0.78,240.0,0.019,18.0,4141.0,4.684,0.582,15.847
K01299.01,CONFIRMED,52.5008645,14.9066,946.7,12.41,102.94,812.0,0.11,116.2,4976.0,3.331,4.157,12.183
K01300.01,CONFIRMED,0.63133171,1.1487,434.5,1.2,726.72,1322.0,0.726,95.8,4441.0,4.71,0.53,14.285
K01301.01,CONFIRMED,12.69905011,2.9899,797.4,2.62,52.55,686.0,0.663,30.4,5291.0,4.489,0.882,15.824
K01358.02,CONFIRMED,8.74292005,2.6277,779.5,1.92,40.33,643.0,0.025,30.7,4769.0,4.622,0.714,15.505
K01358.03,CONFIRMED,3.64830183,1.9985,371.7,1.33,129.44,860.0,0.063,19.9,4769.0,4.622,0.714,15.505
K01358.04,CONFIRMED,2.345863002,1.6795,316.7,1.23,233.38,997.0,0.035,19.6,4769.0,4.622,0.714,15.505
K01359.01,CONFIRMED,37.1011418,5.5556,1357.5,3.19,18.95,532.0,0.41,55.2,5986.0,4.527,0.85,15.229
K01359.02,CANDIDATE,104.8205868,4.4794,3920.1,6.45,4.74,376.0,0.918,76.6,5986.0,4.527,0.85,15.229
K01422.03,CONFIRMED,10.8644095,1.853,748.7,1.14,4.09,363.0,0.763,16.8,3526.0,4.866,0.383,15.921
K01423.01,CONFIRMED,124.4197175,3.7197,4107.0,10.3,7.07,416.0,0.017,39.9,5066.0,3.974,1.659,15.74
K01424.01,CONFIRMED,1.219568047,1.5681,494.9,1.51,578.96,1252.0,0.067,65.9,4838.0,4.625,0.701,15.127
K01425.01,CONFIRMED,2.05388477,2.1635,546.7,2.74,1271.11,1523.0,0.282,50.0,5632.0,4.282,1.176,15.269
K01426.01,CONFIRMED,38.86848956,6.0573,1004.9,2.81,15.89,509.0,0.028,73.4,5618.0,4.46,0.897,14.232
K01236.01,CONFIRMED,35.7353616,8.491,778.8,5.47,84.66,774.0,0.878,58.4,6366.0,4.045,1.697,13.659
K01236.02,CONFIRMED,12.30971679,6.74,396.0,3.82,350.46,1104.0,0.847,45.9,6366.0,4.045,1.697,13.659
K01236.03,CONFIRMED,54.4205407,8.559,598.0,3.2,25.6,574.0,0.9414,44.9,6781.0,4.422,1.067,13.659
K00154.01,FALSE POSITIVE,30.00908916,3.15,,,,,,,,,,13.174
K01237.01,FALSE POSITIVE,14.32407216,4.6577,2053.9,38.86,88.38,782.0,1.292,58.0,6022.0,4.453,1.039,15.609
K01238.01,CONFIRMED,27.07237655,6.9592,514.2,2.18,31.58,605.0,0.015,44.0,5936.0,4.501,0.965,14.556
K01301.02,CONFIRMED,37.5142128,5.303,935.0,2.68,12.38,478.0,0.366,28.9,5291.0,4.489,0.882,15.824
K01302.01,CONFIRMED,55.6391882,7.316,853.0,3.13,12.33,478.0,0.811,48.3,5949.0,4.493,0.962,14.755
K00157.04,CONFIRMED,46.6856205,6.3794,588.8,2.52,16.41,513.0,0.217,59.0,5657.0,4.364,1.046,13.709
K01303.01,CANDIDATE,34.2966363,19.718,696.6,3.29,27.6,584.0,0.711,66.7,5490.0,4.263,1.167,14.965
K01304.01,CONFIRMED,4.59726613,2.909,313.0,1.69,352.4,1105.0,0.033,17.0,5999.0,4.494,0.959,15.803
K01602.01,CONFIRMED,9.97716876,5.908,252.9,2.53,263.89,1028.0,0.002,21.8,5557.0,4.037,1.616,14.943
K01603.01,CONFIRMED,3.02168007,2.8264,171.9,1.31,744.35,1332.0,0.349,32.9,6201.0,4.472,0.989,14.429
K00187.01,FALSE POSITIVE,30.882538697,5.3737,24012.0,15.4,29.12,593.0,0.197,1266.2,6014.0,4.486,0.993,14.857
K01604.01,FALSE POSITIVE,72.4914068,3.612,1063.5,15.33,56.76,700.0,0.989,39.2,5754.0,3.639,2.758,13.05
K01605.01,FALSE POSITIVE,4.93913074,1.362,382.9,24.03,461.47,1182.0,1.167,22.0,5956.0,4.324,1.17,14.832
K01713.02,CONFIRMED,2.240486703,1.3988,436.3,1.22,115.98,837.0,0.461,33.8,4198.0,4.689,0.574,15.224
K01715.01,CONFIRMED,105.0145774,7.426,296.0,2.29,6.44,406.0,0.954,33.9,5868.0,4.363,1.042,12.9
K01716.01,CONFIRMED,4.88084456,2.5574,343.0,1.55,141.0,879.0,0.227,32.6,4929.0,4.481,0.861,14.925
K01717.01,CONFIRMED,10.56137217,3.2645,238.4,2.43,133.56,867.0,0.963,21.7,5610.0,4.316,1.171,14.581
K01718.01,CONFIRMED,67.6690554,9.556,961.1,3.39,14.24,495.0,0.354,37.2,6127.0,4.356,1.08,15.224
K01488.01,CONFIRMED,3.949627144,1.5485,807.2,2.32,206.05,966.0,0.049,45.1,5155.0,4.523,0.836,15.623
K01489.01,CONFIRMED,16.00460392,3.9475,831.9,2.24,27.41,583.0,0.49,34.3,5180.0,4.597,0.769,15.554
K01490.01,FALSE POSITIVE,3.55650737,8.545,293.6,3.05,918.25,1405.0,0.01,77.1,4951.0,3.876,1.843,14.118
K01491.01,CONFIRMED,3.148661555,2.1978,550.5,2.15,342.76,1097.0,0.652,35.3,5258.0,4.458,0.873,15.297
K01492.01,FALSE POSITIVE,0.70544824,2.9423,462.4,20.03,2899.07,1868.0,1.2,118.2,5717.0,4.564,0.826,14.351
K01557.01,CONFIRMED,3.295701024,1.8268,1745.7,2.81,138.38,875.0,0.267,114.7,4723.0,4.628,0.691,14.84
K01557.02,CONFIRMED,9.65349016,2.9029,1308.6,2.41,32.98,611.0,0.149,63.1,4723.0,4.628,0.691,14.84
K01557.03,CONFIRMED,5.315954488,1.1165,965.9,2.33,73.19,746.0,0.718,37.7,4723.0,4.628,0.691,14.84
K00180.01,CONFIRMED,10.04556377,3.2027,671.4,2.19,81.61,766.0,0.075,66.5,5632.0,4.554,0.853,13.024
K01557.04,CONFIRMED,1.499144441,1.4259,258.9,1.09,395.06,1137.0,0.331,22.2,4723.0,4.628,0.691,14.84
K01606.01,CONFIRMED,5.082748362,1.7732,276.7,1.4,175.06,928.0,0.063,40.9,5430.0,4.555,0.858,13.984
K01607.01,FALSE POSITIVE,5.00673576,1.9398,191.2,2.0,726.94,1324.0,0.599,26.6,6116.0,4.158,1.383,13.518
K01608.01,CONFIRMED,9.17617167,4.2642,206.9,1.66,200.99,960.0,0.107,34.3,5903.0,4.3,1.156,13.797
K01608.02,CONFIRMED,19.7383992,4.894,168.1,1.61,72.32,744.0,0.732,20.3,5903.0,4.3,1.156,13.797
K01609.01,CONFIRMED,41.6980186,5.7047,440.8,2.03,19.61,537.0,0.002,43.4,5997.0,4.466,0.971,13.956
K01720.01,CONFIRMED,59.6585348,5.514,1043.8,3.59,5.66,393.0,0.956,21.2,5243.0,4.547,0.831,15.742
K01721.01,CONFIRMED,52.6298542,6.118,675.8,3.68,20.65,544.0,0.311,27.2,5339.0,4.096,1.433,15.004
K00192.01,CONFIRMED,10.290994129,4.28889,9655.7,13.43,233.08,996.0,0.049,1245.7,5803.0,4.134,1.373,14.221
K01722.01,CONFIRMED,14.8783945,7.491,322.8,1.63,54.19,692.0,0.749,22.9,5822.0,4.557,0.837,15.534
K01723.01,CONFIRMED,59.6222627,6.888,993.4,3.63,13.23,486.0,0.873,31.9,6108.0,4.471,0.997,15.517
K01493.01,FALSE POSITIVE,4.9883873,9.059,507.6,3.28,550.52,1236.0,0.944,42.4,6418.0,4.395,1.171,15.447
K01494.01,CONFIRMED,8.19596647,2.824,792.8,2.04,48.2,672.0,0.252,20.2,4723.0,4.557,0.747,15.858
K01495.01,CONFIRMED,15.59466045,5.0478,867.7,2.74,62.88,718.0,0.266,49.2,5900.0,4.5,0.929,15.43
K00174.01,CONFIRMED,56.35407916,3.4449,1037.0,2.59,3.63,352.0,0.835,59.4,4802.0,4.582,0.701,13.779
K01496.01,FALSE POSITIVE,36.12895451,2.2348,3758.6,53.72,21.05,546.0,1.474,66.3,5921.0,4.484,0.912,15.6
K01558.01,FALSE POSITIVE,32.50456309,2.4657,7589.6,10.68,28.8,591.0,0.927,148.1,6132.0,4.479,0.947,15.134
K01559.01,FALSE POSITIVE,1.332560589,4.2427,566.6,1.4,330.32,1086.0,0.009,108.8,4489.0,4.662,0.609,15.036
K01560.01,CANDIDATE,31.56904354,2.6364,4229.4,11.18,25.83,575.0,0.985,113.6,5654.0,4.387,0.998,15.042
K01561.01,FALSE POSITIVE,9.08590495,2.0718,2121.3,6.28,130.1,861.0,0.978,50.5,5931.0,4.479,0.866,15.549
K01562.01,FALSE POSITIVE,0.784512952,2.4623,586.0,25.48,3432.93,1952.0,1.234,44.4,5997.0,4.522,0.904,15.59
K01610.01,FALSE POSITIVE,0.883778461,1.6339,120.1,1.09,3316.4,1934.0,0.605,31.7,5975.0,4.453,0.949,14.063
K01612.01,CONFIRMED,2.465024332,1.262,30.7,0.69,1406.11,1561.0,0.548,23.2,6139.0,4.291,1.194,8.769
K01613.01,CONFIRMED,15.86624787,4.25,77.3,1.31,141.18,879.0,0.858,28.4,6099.0,4.193,1.308,11.049
K00021.01,FALSE POSITIVE,4.288515468,2.2959,3456.7,76.51,2081.57,1722.0,1.283,292.1,6378.0,3.878,2.002,13.396
K00188.01,CONFIRMED,3.797018259,2.2608,14431.2,10.07,219.64,982.0,0.321,1549.0,5167.0,4.527,0.848,14.741
K01615.01,CONFIRMED,1.340596782,1.6484,107.5,1.16,2393.35,1783.0,0.007,37.6,5992.0,4.385,1.125,11.524
K01724.01,CONFIRMED,17.42393582,4.929,770.9,3.29,64.13,722.0,0.927,33.2,6018.0,4.46,0.969,15.601
K01725.01,CONFIRMED,9.8786461,1.8915,1472.7,1.6,5.65,393.0,0.019,49.2,3609.0,4.843,0.422,13.496
K01726.01,CONFIRMED,44.96407458,4.981,811.6,2.0,4.89,379.0,0.11,88.0,4827.0,4.615,0.729,13.054
K01727.01,CONFIRMED,49.7700907,10.065,3529.2,5.12,10.16,455.0,0.655,109.8,5774.0,4.567,0.818,15.64
K01728.01,FALSE POSITIVE,12.7319385,4.4157,11449.0,70.11,405.75,1145.0,1.278,69.9,7238.0,4.221,1.568,12.087
K01497.01,FALSE POSITIVE,0.520222869,1.2216,269.5,1.52,5038.49,2145.0,0.562,28.9,5776.0,4.527,0.889,15.632
K01498.01,CONFIRMED,5.83376197,3.9988,532.9,2.98,403.49,1143.0,0.742,36.6,6213.0,4.387,1.195,15.776
K01498.02,CONFIRMED,2.42150341,2.965,171.5,1.62,1305.04,1532.0,0.55,15.8,6213.0,4.387,1.195,15.776
K01499.01,CONFIRMED,14.16400071,4.3031,728.1,2.35,54.95,694.0,0.027,71.5,5440.0,4.438,0.885,14.48
K01499.02,CANDIDATE,0.840594032,1.404,49.8,0.62,2368.31,1780.0,0.018,11.6,5440.0,4.438,0.885,14.48
K01499.03,CONFIRMED,6.20920207,2.637,101.9,0.89,164.98,914.0,0.272,12.1,5440.0,4.438,0.885,14.48
K01563.01,CONFIRMED,5.48711441,2.93,1328.6,3.24,115.29,836.0,0.812,51.9,5103.0,4.562,0.787,15.812
K01563.02,CONFIRMED,8.29084167,3.613,1033.9,3.21,66.47,728.0,0.929,34.7,5103.0,4.562,0.787,15.812
K01563.03,CONFIRMED,3.20539622,2.143,453.6,1.7,236.11,1000.0,0.512,20.6,5103.0,4.562,0.787,15.812
K01563.04,CONFIRMED,16.73869035,2.398,996.8,2.56,26.06,576.0,0.578,20.4,5103.0,4.562,0.787,15.812
K00181.01,FALSE POSITIVE,5.093938816,3.93144,25026.7,17.19,395.38,1137.0,0.618,1131.7,6197.0,4.449,1.035,14.575
K01616.01,CONFIRMED,13.93291548,2.6239,131.6,1.66,124.53,852.0,0.908,28.9,6026.0,4.321,1.207,11.538
K01618.01,CONFIRMED,2.36436762,3.372,28.4,0.82,2228.09,1752.0,0.146,12.4,6250.0,4.184,1.543,11.6
K01619.01,CANDIDATE,20.6654374,3.172,100.4,0.66,13.35,487.0,0.05,13.6,4830.0,4.605,0.676,11.759
K01621.01,CONFIRMED,20.31047472,5.3357,164.6,2.41,177.81,931.0,0.05,46.1,6065.0,3.97,1.877,11.855
K01622.01,CANDIDATE,69.8347983,8.262,266.6,3.51,80.97,765.0,0.672,46.8,7732.0,4.075,2.022,12.02
K01626.01,CONFIRMED,2.53475568,4.5716,463.0,2.02,519.95,1218.0,0.878,51.3,5662.0,4.532,0.806,15.341
K01731.01,CANDIDATE,2.59488443,1.684,592.2,2.36,249.92,1014.0,0.885,14.9,4748.0,4.526,0.797,15.72
K01732.01,CONFIRMED,43.3167427,4.995,987.5,2.42,10.47,459.0,0.034,27.1,5654.0,4.59,0.774,15.737
K01733.01,CANDIDATE,19.18109525,2.424,865.4,1.72,16.42,513.0,0.007,17.6,5214.0,4.673,0.587,15.73
K00193.01,FALSE POSITIVE,37.590298548,4.3855,19938.9,14.39,25.53,573.0,0.38,929.0,6147.0,4.463,1.003,14.904
K01736.01,CONFIRMED,31.0033072,5.253,645.2,2.72,34.03,616.0,0.151,22.1,6090.0,4.447,1.071,15.898
K01500.01,FALSE POSITIVE,3.351556891,2.4005,341.9,1.64,314.73,1074.0,0.129,38.8,5185.0,4.442,0.911,14.815
K01501.01,CONFIRMED,2.617028373,2.046,499.4,1.57,233.23,996.0,0.146,30.8,4831.0,4.568,0.724,15.835
K01502.01,FALSE POSITIVE,1.876406096,1.531,433.8,1.57,476.68,1192.0,0.302,37.0,5198.0,4.6,0.759,15.202
K00175.01,FALSE POSITIVE,6.71425632,3.339,283.5,5.76,1416.6,1565.0,0.965,46.5,6093.0,3.737,2.623,13.488
K01503.01,CONFIRMED,150.2412582,10.849,2378.5,4.6,2.72,327.0,0.345,72.3,5604.0,4.451,0.943,14.827
K01564.01,CONFIRMED,53.44944498,5.3091,3437.0,5.82,13.23,486.0,0.092,119.5,5919.0,4.485,1.0,15.287
K01565.01,FALSE POSITIVE,0.466743525,1.3956,796.1,20.43,5480.92,2197.0,1.186,103.6,5791.0,4.549,0.856,15.33
K01566.01,FALSE POSITIVE,1.727177258,2.081,347.4,1.42,576.55,1250.0,0.676,17.1,5394.0,4.622,0.72,15.935
K01567.01,CONFIRMED,7.24022418,2.9153,864.9,2.14,62.1,716.0,0.507,48.2,4955.0,4.61,0.721,15.565
K01567.02,CONFIRMED,4.64622383,2.5137,446.5,1.82,112.18,830.0,0.88,28.2,4955.0,4.61,0.721,15.565
K01627.01,CONFIRMED,10.29674097,2.7292,1011.8,5.75,384.86,1129.0,0.298,31.3,6068.0,4.04,1.797,15.767
K01627.02,CONFIRMED,5.93919041,2.285,424.5,3.7,801.92,1357.0,0.107,15.9,6068.0,4.04,1.797,15.767
K01628.01,CONFIRMED,19.74733983,3.4444,480.7,2.62,76.57,754.0,0.595,47.1,6243.0,4.406,1.149,12.949
K00189.01,CONFIRMED,30.360445359,6.0134,21124.7,10.99,10.47,459.0,0.359,1126.2,4939.0,4.541,0.765,14.388
K01629.01,CONFIRMED,4.4096675,2.1418,132.7,1.51,476.94,1192.0,0.814,26.4,5836.0,4.347,1.166,13.574
K01738.01,CONFIRMED,4.16787814,2.2136,168.1,1.07,202.48,962.0,0.168,32.9,5251.0,4.541,0.847,13.293
K01739.01,CANDIDATE,220.65651253,7.82,,,,,,,,,,15.129
K01746.01,CONFIRMED,11.79161234,3.036,415.4,2.41,127.75,857.0,0.034,20.7,5619.0,4.264,1.199,14.941
K01747.01,FALSE POSITIVE,20.55848388,1.449,677.3,36.9,35.76,624.0,1.334,20.8,5578.0,4.484,0.936,14.792
K01749.01,CONFIRMED,26.964501,3.792,601.7,2.2,25.56,573.0,0.006,20.1,5754.0,4.534,0.905,15.789
K01750.01,CONFIRMED,7.76845639,3.689,217.8,1.35,118.09,841.0,0.353,23.6,5447.0,4.481,0.917,14.8
K01504.01,FALSE POSITIVE,2.178154348,3.4874,428.6,22.22,886.88,1392.0,1.21,93.0,5947.0,4.482,0.881,14.07
K01505.01,CONFIRMED,5.03257009,4.213,439.1,2.53,283.49,1047.0,0.97,26.3,5970.0,4.521,0.908,15.695
K01506.01,CONFIRMED,40.4286676,7.102,916.1,2.92,14.08,494.0,0.872,40.9,5813.0,4.561,0.833,14.982
K01507.01,CONFIRMED,21.3588236,5.823,640.1,2.52,53.89,691.0,0.092,33.2,6170.0,4.472,0.992,15.259
K01508.01,CONFIRMED,22.0459163,5.22,804.8,3.05,39.69,640.0,0.837,29.7,5900.0,4.509,0.951,15.689
K01509.01,FALSE POSITIVE,49.6456235,23.568,857.5,43.41,41.57,648.0,1.236,176.5,6273.0,4.129,1.493,12.385
K01567.03,CONFIRMED,17.32670445,4.269,800.0,2.23,19.38,535.0,0.756,34.8,4955.0,4.61,0.721,15.565
K01567.04,CONFIRMED,44.8411168,5.902,1051.6,2.75,5.45,390.0,0.864,28.9,4955.0,4.61,0.721,15.565
K01568.01,FALSE POSITIVE,1.008917105,1.4577,338.5,1.51,1698.88,1636.0,0.545,34.2,5708.0,4.578,0.795,15.36
K01569.01,CONFIRMED,13.75207851,2.8831,1215.6,2.81,22.57,556.0,0.836,36.8,4802.0,4.616,0.699,15.587
K01570.01,CONFIRMED,6.33855946,3.4617,721.7,3.31,270.47,1034.0,0.907,57.4,6108.0,4.466,1.03,15.182
K01630.01,CANDIDATE,11.30507984,3.989,278.4,1.4,72.67,744.0,0.195,19.5,5705.0,4.556,0.844,15.152
K01632.01,CONFIRMED,4.59489816,3.1381,109.7,1.85,716.65,1319.0,0.953,27.7,6056.0,4.217,1.381,13.298
K01633.01,CONFIRMED,32.2964275,4.561,472.2,1.9,15.14,503.0,0.207,17.9,5246.0,4.47,0.891,15.2
K01637.01,CONFIRMED,2.97041801,2.2369,530.7,1.7,228.11,991.0,0.379,22.4,5068.0,4.608,0.743,15.759
K01639.02,CANDIDATE,9.9824036,1.09,83.9,1.17,205.65,966.0,0.8093,5.4,6273.0,4.364,1.139,13.538
K01764.01,CANDIDATE,12.681733929,1.6866,5879.1,7.25,30.84,601.0,0.929,102.8,4976.0,4.577,0.701,15.303
K01765.01,FALSE POSITIVE,6.814984472,3.05409,23915.3,14.18,115.58,836.0,0.793,742.2,5465.0,4.566,0.817,15.981
K01770.01,FALSE POSITIVE,63.9354965,13.321,1250.6,2637.6,10631.01,2590.0,1.2,57.6,3626.0,0.684,97.41,10.88
K01773.01,CANDIDATE,83.09708021,9.2639,15860.2,13.83,2.78,329.0,0.993,277.2,5286.0,4.627,0.636,15.678
K00022.01,CONFIRMED,7.891448838,4.2854,10344.6,12.63,263.54,1028.0,0.306,1955.1,5972.0,4.313,1.237,13.435
K01510.01,CANDIDATE,0.839961456,1.3008,492.9,1.63,1066.37,1455.0,0.548,35.1,4932.0,4.618,0.718,15.929
K01511.01,CONFIRMED,2.578852119,2.3581,334.3,1.63,540.56,1230.0,0.625,36.7,5743.0,4.553,0.853,15.106
K01512.01,FALSE POSITIVE,9.04189129,2.789,783.4,3.24,66.83,729.0,0.967,34.5,5237.0,4.572,0.826,14.88
K00176.01,CONFIRMED,30.22910274,6.6751,443.4,3.49,76.88,755.0,0.77,71.7,6325.0,4.188,1.518,13.432
K01513.01,FALSE POSITIVE,0.798200403,1.8261,396.8,24.03,4875.01,2128.0,1.193,65.9,6258.0,4.449,1.031,14.613
K00182.01,FALSE POSITIVE,3.479425638,3.4479,19550.0,12.86,435.85,1166.0,0.612,123.3,5907.0,4.519,0.878,14.041
K01571.01,FALSE POSITIVE,2.92878704,4.634,549.4,22.76,556.77,1239.0,1.212,47.7,5955.0,4.534,0.883,15.148
K01572.01,CONFIRMED,9.80321143,4.4617,813.4,2.99,152.12,896.0,0.663,53.1,6170.0,4.472,0.992,15.439
K01573.01,CONFIRMED,24.81097206,3.2245,2090.8,4.22,37.43,631.0,0.039,123.9,6086.0,4.511,0.921,14.373
K01573.02,CANDIDATE,7.136922,2.8005,221.6,1.38,197.05,956.0,0.072,23.7,6086.0,4.511,0.921,14.373
K01641.01,CONFIRMED,4.8538404,3.198,196.4,1.72,288.7,1052.0,0.943,15.4,5778.0,4.483,0.968,14.971
K01643.01,CONFIRMED,11.04605365,4.799,308.3,1.8,134.66,869.0,0.064,24.3,6093.0,4.429,1.025,14.681
K01644.01,FALSE POSITIVE,2.621706694,1.941,4572.0,34.68,648.75,1288.0,1.279,24.3,5749.0,4.436,0.881,15.399
K01646.01,CONFIRMED,3.72020708,1.892,156.9,0.99,195.7,954.0,0.341,15.0,5017.0,4.516,0.797,14.293
K00190.01,FALSE POSITIVE,12.264867364,4.7366,11310.9,28.29,317.89,1077.0,0.818,560.2,5372.0,3.81,2.344,14.137
K01751.01,CONFIRMED,8.689301216,2.563,1117.0,2.92,88.24,782.0,0.029,70.9,5211.0,4.447,0.895,14.548
K01751.02,CONFIRMED,20.99757968,2.454,1131.8,2.97,27.2,582.0,0.277,44.7,5211.0,4.447,0.895,14.548
K01753.01,FALSE POSITIVE,0.979442525,1.0348,469.3,1.64,1420.01,1567.0,0.388,27.0,5532.0,4.607,0.745,15.747
K00194.01,CONFIRMED,3.120828136,2.1878,16456.0,14.16,680.79,1303.0,0.784,113.5,6122.0,4.471,0.996,14.804
K01754.01,CONFIRMED,15.13590453,2.236,255.7,2.57,179.16,933.0,0.46,19.8,6050.0,4.137,1.572,13.964
K01514.01,FALSE POSITIVE,1.399326503,1.8305,206.4,1.0,402.58,1143.0,0.009,22.7,4502.0,4.572,0.728,15.447
K01515.01,CONFIRMED,1.937029968,1.4727,312.3,0.87,97.94,802.0,0.105,42.8,4042.0,4.761,0.49,14.39
K01515.02,CONFIRMED,7.06117322,1.0406,481.7,1.23,17.41,521.0,0.845,27.2,4042.0,4.761,0.49,14.39
K01516.01,CONFIRMED,20.55331441,5.3136,678.3,3.19,74.49,749.0,0.795,40.6,6325.0,4.409,1.112,14.829
K01517.01,CONFIRMED,40.0686713,5.8875,970.9,3.1,23.27,560.0,0.029,62.0,6026.0,4.411,0.992,14.683
K01574.01,CONFIRMED,114.73658,12.0355,4850.0,12.28,12.13,476.0,0.595,230.6,5597.0,3.963,1.699,14.6
K01574.02,CONFIRMED,191.239133,16.942,1061.2,6.47,6.14,401.0,0.876,36.8,5597.0,3.963,1.699,14.6
K01574.03,CANDIDATE,5.83393857,4.5813,134.4,1.98,642.83,1285.0,0.398,17.6,5597.0,3.963,1.699,14.6
K01575.01,FALSE POSITIVE,24.3282251,6.158,1120.6,294.02,17.33,520.0,4.426,26.4,5286.0,4.59,0.78,15.952
K01576.01,CONFIRMED,10.41572666,2.7719,825.3,3.01,95.64,797.0,0.682,69.3,5511.0,4.426,0.987,14.072
K01647.01,CONFIRMED,14.97031664,5.884,290.5,2.53,143.33,883.0,0.352,28.9,5726.0,4.123,1.483,14.167
K01647.02,CONFIRMED,32.2753853,8.622,223.9,2.31,51.5,683.0,0.608,17.9,5726.0,4.123,1.483,14.167
K01647.03,CANDIDATE,6.33027476,3.67,89.2,1.02,283.31,1046.0,0.3288,9.8,5900.0,4.363,1.07,14.167
K01648.01,CONFIRMED,38.3262237,3.073,392.1,2.43,12.56,480.0,0.963,15.0,5229.0,4.441,0.903,14.31
K01649.01,CONFIRMED,4.04355245,1.965,416.2,1.75,33.34,613.0,0.984,21.2,3871.0,4.744,0.532,14.963
K01758.01,CANDIDATE,5.59728249,1.795,1407.3,3.28,176.53,930.0,0.473,30.8,5610.0,4.551,0.858,15.969
K01760.01,CONFIRMED,5.52418625,2.826,491.0,2.25,214.86,976.0,0.492,20.7,5334.0,4.372,1.004,15.377
K01760.02,CONFIRMED,8.77514782,3.176,351.9,1.91,115.84,837.0,0.504,12.7,5334.0,4.372,1.004,15.377
K01761.01,FALSE POSITIVE,10.12742274,1.2762,933.5,3.8,208.77,969.0,0.696,19.5,6392.0,4.399,1.162,15.623
K01762.01,FALSE POSITIVE,0.870693883,1.2137,438.5,2.09,2923.54,1876.0,0.832,55.6,5985.0,4.519,0.883,14.996
K01518.01,CONFIRMED,27.5071114,5.907,580.7,2.58,24.71,569.0,0.918,30.7,5783.0,4.539,0.88,15.219
K01519.01,CONFIRMED,5.1443645,2.703,310.7,1.55,171.63,923.0,0.031,20.2,5157.0,4.445,0.904,15.369
K01520.01,CONFIRMED,18.45848388,3.3703,535.3,2.5,37.81,632.0,0.832,41.5,5311.0,4.419,0.948,14.516
K01521.01,CONFIRMED,25.9421582,4.045,569.7,1.95,14.85,501.0,0.577,31.6,5167.0,4.585,0.796,14.817
K00177.01,CONFIRMED,21.06075303,5.2472,301.2,1.78,47.39,669.0,0.176,54.4,5706.0,4.382,1.034,13.182
K01576.02,CONFIRMED,13.08424286,3.0401,662.0,2.71,70.51,739.0,0.701,51.2,5511.0,4.426,0.987,14.072
K00183.01,CONFIRMED,2.684328541,2.69382,18136.5,12.73,603.57,1265.0,0.076,2833.1,5561.0,4.411,0.956,14.29
K01576.03,CANDIDATE,23.3397956,1.923,125.1,1.23,43.02,653.0,0.4757,4.5,5671.0,4.36,1.084,14.072
K01577.01,CONFIRMED,2.806243488,1.6271,599.6,1.41,83.53,771.0,0.043,22.4,4153.0,4.684,0.581,15.988
K01578.01,FALSE POSITIVE,2.27190723,5.383,149.0,1.12,714.27,1318.0,0.719,36.8,5788.0,4.506,0.856,14.459
K01579.01,FALSE POSITIVE,7.132351753,2.9674,744.1,49.34,1466.12,1579.0,1.206,91.2,7530.0,4.08,1.93,13.337
K01650.01,CONFIRMED,6.53194024,3.3351,771.9,3.09,159.66,907.0,0.83,39.6,5301.0,4.391,0.977,15.28
K01651.01,CONFIRMED,51.3011844,5.359,498.9,2.07,13.86,492.0,0.003,19.6,6032.0,4.508,0.929,14.739
K01654.01,FALSE POSITIVE,1.097211085,1.6738,38946.0,16.07,71.01,740.0,1.145,83.5,3497.0,4.92,0.334,15.155
K01655.01,CONFIRMED,0.938466959,1.3015,217.4,1.58,2919.17,1876.0,0.054,54.4,5499.0,4.323,1.087,13.757
K01656.01,CANDIDATE,51.3901452,5.995,494.0,3.62,24.98,570.0,0.946,15.4,6074.0,4.284,1.292,15.03
K00195.01,CONFIRMED,3.217518511,2.11481,14319.4,11.38,464.73,1185.0,0.638,1287.4,5720.0,4.473,0.903,14.835
K01779.01,CONFIRMED,4.66271902,2.757,1630.6,3.86,274.98,1039.0,0.485,28.2,5729.0,4.514,0.939,13.297
K01779.02,CONFIRMED,11.8150174,2.834,1003.0,3.48,79.66,762.0,0.875,10.5,5729.0,4.514,0.939,13.297
K01781.01,CONFIRMED,7.834433676,2.89,2018.1,3.47,53.33,689.0,0.714,246.6,4920.0,4.62,0.72,12.231
K01781.02,CONFIRMED,3.005156911,2.0747,691.6,2.2,191.27,949.0,0.844,115.1,4920.0,4.62,0.72,12.231
K01522.01,CONFIRMED,33.3856176,5.0361,553.2,2.48,26.73,580.0,0.562,37.1,5833.0,4.407,1.022,14.264
K01523.01,FALSE POSITIVE,8.48039789,6.249,259.7,1.71,132.85,866.0,0.486,22.7,5401.0,4.364,1.05,14.673
K01524.01,FALSE POSITIVE,1.333395306,1.188,114.5,0.86,880.53,1390.0,0.151,11.5,5199.0,4.527,0.811,15.299
K01525.01,CONFIRMED,7.71467686,4.5871,233.9,4.65,1636.72,1622.0,0.899,33.3,6900.0,3.843,2.599,12.082
K01526.01,CONFIRMED,4.4444826,3.686,163.0,1.71,518.45,1217.0,0.941,18.0,6240.0,4.426,1.079,15.216
K01580.01,FALSE POSITIVE,21.3781146,19.359,556.1,3.18,65.94,727.0,0.906,35.4,6218.0,4.417,1.131,15.686
K01581.01,CONFIRMED,29.5422566,13.902,879.9,3.15,16.56,515.0,0.959,39.5,5510.0,4.572,0.803,15.481
K01581.02,CONFIRMED,144.551628,16.599,1035.2,3.06,1.99,303.0,0.887,27.1,5510.0,4.572,0.803,15.481
K01582.01,CANDIDATE,186.4361811,5.774,4347.0,11.32,3.66,353.0,0.921,66.5,5393.0,4.132,1.37,15.402
K01583.01,CONFIRMED,8.04727721,5.159,486.0,2.33,126.56,855.0,0.937,36.1,5840.0,4.553,0.849,15.068
K01584.01,CONFIRMED,5.87063416,2.5736,505.6,1.44,33.99,616.0,0.642,23.2,4166.0,4.66,0.612,15.961
K00191.01,CONFIRMED,15.358767771,4.1223,14638.1,10.89,45.46,662.0,0.487,812.6,5422.0,4.484,0.887,14.991
K01659.01,CONFIRMED,29.5390897,4.139,403.3,2.51,61.49,714.0,0.213,18.8,6572.0,4.365,1.238,15.111
K01660.01,CANDIDATE,35.6364022,4.888,452.6,1.99,19.62,537.0,0.654,15.7,5926.0,4.532,0.887,15.614
K01661.01,FALSE POSITIVE,0.94773253,1.7645,11306.0,45.58,6862.81,2321.0,1.186,103.9,6302.0,4.183,1.269,11.51
K01662.01,FALSE POSITIVE,0.784031658,0.7773,352.2,1.55,1995.65,1705.0,0.102,28.2,5435.0,4.578,0.824,15.479
K01458.01,CANDIDATE,8.98128472,5.0397,4924.0,7.19,153.36,898.0,0.294,76.6,5977.0,4.473,1.022,15.703
K00171.02,CONFIRMED,13.07141889,3.0946,251.1,2.47,203.87,964.0,0.751,32.0,6122.0,4.173,1.439,13.717
K01459.01,FALSE POSITIVE,0.692015479,1.1315,4518.1,19.31,294.34,1057.0,1.267,163.4,3752.0,4.747,0.497,15.692
K01460.01,FALSE POSITIVE,17.0421346,7.507,3616.7,5.14,29.47,594.0,0.784,108.9,5367.0,4.59,0.773,15.57
K01461.01,FALSE POSITIVE,7.94671044,2.8419,6084.4,27.43,48.5,673.0,1.255,165.3,4859.0,4.626,0.702,15.791
K01462.01,FALSE POSITIVE,3.74781242,5.241,5367.0,38.04,446.47,1172.0,1.258,44.8,5780.0,4.438,1.0,17.445
K01527.01,CANDIDATE,192.667139,5.443,1148.3,3.64,1.52,283.0,0.911,26.0,5401.0,4.487,0.878,14.879
K01528.01,CONFIRMED,3.989544192,1.591,190.0,0.93,157.1,903.0,0.085,26.2,5229.0,4.643,0.688,14.083
K01529.01,CONFIRMED,17.9776037,4.605,213.9,1.58,75.61,752.0,0.721,23.3,6296.0,4.46,1.006,14.307
K01529.02,CONFIRMED,11.8693144,4.653,101.9,1.09,131.58,864.0,0.73,13.9,6296.0,4.46,1.006,14.307
K01530.01,CONFIRMED,12.98494603,3.4497,257.2,1.64,105.74,818.0,0.046,38.4,5948.0,4.384,1.025,13.029
K00184.01,FALSE POSITIVE,7.300735516,5.78725,13051.7,13.32,328.98,1086.0,0.446,1640.0,6434.0,4.394,1.138,14.933
K01585.01,CONFIRMED,19.17893976,5.144,752.8,2.4,39.65,640.0,0.004,34.3,5767.0,4.538,0.881,15.401
K01586.01,CONFIRMED,6.99130452,2.1568,555.4,1.95,62.05,716.0,0.74,36.3,4847.0,4.606,0.761,14.94
K01587.01,CANDIDATE,52.971584,3.4632,3882.6,29.02,6.19,402.0,1.259,51.4,5204.0,4.55,0.789,15.7
K01588.01,CONFIRMED,3.517494725,1.5639,532.8,1.42,58.08,704.0,0.742,52.6,4132.0,4.699,0.564,14.699
K01665.01,CONFIRMED,6.93365167,4.608,119.6,1.7,351.27,1104.0,0.904,20.1,5861.0,4.212,1.304,14.042
K01665.02,CANDIDATE,5.91393977,0.562,84.0,1.07,361.0,1112.0,0.0896,2.8,6194.0,4.415,1.129,14.042
K01669.01,CONFIRMED,61.0373591,8.378,437.5,3.38,32.74,610.0,0.071,40.2,6309.0,4.154,1.614,14.171
K01672.01,CONFIRMED,33.8677783,3.72,894.8,2.31,5.69,394.0,0.787,23.8,4564.0,4.593,0.691,15.81
K01675.01,CANDIDATE,14.62399621,2.193,1082.0,21.92,50.91,681.0,1.209,25.0,5753.0,4.57,0.815,15.789
K01463.01,FALSE POSITIVE,1064.2680956,11.5521,22771.7,33.63,1.47,281.0,0.447,1171.2,6340.0,3.833,2.173,12.328
K01464.01,FALSE POSITIVE,2.113202658,3.5234,2104.8,207.71,635.47,1281.0,3.178,97.2,5482.0,4.502,0.858,15.465
K01465.01,CANDIDATE,9.771462706,1.767,6933.2,10.15,96.39,799.0,0.946,215.0,5812.0,4.551,0.853,14.245
K01466.01,CANDIDATE,281.5628889,8.853,21012.0,10.83,0.49,214.0,0.0,237.1,4810.0,4.536,0.776,15.962
K01467.01,FALSE POSITIVE,1.157808038,3.6705,866.7,22.9,1472.38,1579.0,1.203,78.8,5566.0,4.532,0.886,15.837
K00178.01,FALSE POSITIVE,6.14281498,4.624,122.0,1.82,796.26,1355.0,0.67,36.0,6495.0,4.128,1.554,13.45
K01531.01,CONFIRMED,5.69919592,2.3906,159.4,1.16,204.18,964.0,0.007,35.3,5646.0,4.493,0.932,13.069
K01532.01,CONFIRMED,18.11473813,5.2706,241.5,2.49,112.43,830.0,0.896,51.3,6109.0,4.247,1.36,12.841
K01533.01,CONFIRMED,6.24145791,3.0998,163.7,1.6,360.09,1111.0,0.029,30.8,5810.0,4.25,1.259,13.939
K01534.01,CONFIRMED,20.4222447,6.22,189.3,1.78,89.74,785.0,0.059,34.7,6119.0,4.274,1.299,13.47
K01589.01,CONFIRMED,8.72585478,4.473,446.7,2.86,222.19,985.0,0.911,37.7,6036.0,4.326,1.131,14.764
K01589.02,CONFIRMED,12.88291395,5.676,460.5,3.15,132.23,865.0,0.962,33.6,6036.0,4.326,1.131,14.764
K01589.03,CONFIRMED,27.4345973,5.038,472.6,2.56,48.29,672.0,0.603,25.3,6036.0,4.326,1.131,14.764
K01589.04,CONFIRMED,4.22453631,3.128,159.1,1.6,584.24,1254.0,0.823,16.7,6036.0,4.326,1.131,14.764
K01589.05,CONFIRMED,44.5520266,6.0,362.1,2.29,25.3,572.0,0.689,16.7,6036.0,4.326,1.131,14.764
K01677.01,CONFIRMED,52.069002,3.0089,558.3,2.92,17.76,524.0,0.275,25.6,5565.0,4.251,1.246,14.279
K00191.02,CONFIRMED,2.418406841,2.0744,665.4,2.25,535.84,1226.0,0.018,69.1,5422.0,4.484,0.887,14.991
K01677.02,CANDIDATE,8.51170088,2.9,,,,,,,,,,14.279
K01680.01,FALSE POSITIVE,5.0825188,3.328,105.0,0.88,207.45,968.0,0.522,17.1,5706.0,4.561,0.834,14.445
K01681.01,CANDIDATE,6.93910337,2.977,614.7,1.41,9.28,445.0,0.966,22.9,3638.0,4.844,0.42,15.855
K01683.01,CONFIRMED,9.11500269,4.558,268.3,1.78,159.34,906.0,0.675,21.7,5962.0,4.431,1.028,14.63
K01468.01,FALSE POSITIVE,8.48031942,7.297,1426.7,4.54,168.01,918.0,0.918,92.8,5951.0,4.439,0.991,15.262
K00172.01,CONFIRMED,13.7223682,5.1231,571.1,2.23,73.16,746.0,0.009,97.9,5637.0,4.399,0.943,13.749
K01469.01,FALSE POSITIVE,3.582076914,4.4228,1534.4,5.33,604.27,1265.0,0.966,138.4,6109.0,4.422,0.993,15.193
K01470.01,CONFIRMED,15.43400996,4.2572,1785.9,4.3,63.79,721.0,0.707,59.7,5900.0,4.509,0.951,15.703
K01471.01,FALSE POSITIVE,1.780984316,2.173,590.9,2.33,899.03,1397.0,0.782,46.0,5730.0,4.545,0.87,15.516
K01534.02,CONFIRMED,7.63846084,3.957,71.7,1.12,333.3,1089.0,0.405,16.6,6119.0,4.274,1.299,13.47
K01535.01,CONFIRMED,70.6981724,6.632,357.7,1.63,7.11,417.0,0.026,37.7,5811.0,4.536,0.866,13.046
K01536.01,CONFIRMED,3.74443645,2.9191,73.3,1.1,736.89,1328.0,0.169,25.4,5876.0,4.269,1.293,12.71
K01537.01,CANDIDATE,10.19154678,6.165,61.3,1.39,404.17,1144.0,0.659,27.6,6212.0,4.049,1.684,11.74
K01538.01,FALSE POSITIVE,10.581581895,6.66929,112642.0,53.19,342.98,1098.0,0.202,1241.4,6168.0,4.074,1.567,13.936
K01539.01,FALSE POSITIVE,2.819453322,4.4127,71867.0,29.8,803.4,1357.0,0.532,202.0,5767.0,4.33,1.074,14.569
K01590.01,CANDIDATE,12.89006728,3.555,602.5,1.93,34.99,620.0,0.082,23.6,4915.0,4.512,0.812,15.674
K00185.01,CANDIDATE,23.210509958,3.09802,28736.9,21.19,29.69,595.0,0.954,958.7,5875.0,4.572,0.809,14.228
K01590.02,CONFIRMED,2.35574505,1.796,266.9,1.34,338.4,1093.0,0.5,17.0,4915.0,4.512,0.812,15.674
K01590.03,CANDIDATE,4.74666128,2.093,256.8,1.3,132.4,865.0,0.441,12.5,4915.0,4.512,0.812,15.674
K01591.01,CONFIRMED,19.65639342,3.226,843.2,2.83,21.5,549.0,0.955,25.5,5288.0,4.613,0.74,15.372
K01684.01,FALSE POSITIVE,62.81584402,2.6901,1688.4,57.62,27.14,582.0,1.31,54.6,6340.0,4.23,1.492,12.849
K01685.01,CONFIRMED,70.468171,6.653,922.4,3.46,16.17,511.0,0.031,45.0,6461.0,4.396,1.131,14.811
K01686.01,FALSE POSITIVE,56.86716792,4.23,,,,,,,,,,15.886
K01687.01,CONFIRMED,3.93246069,2.1763,455.5,1.65,151.31,894.0,0.416,30.6,4841.0,4.533,0.779,15.32
K01688.01,CONFIRMED,0.921030497,2.6077,101.5,1.62,7380.64,2362.0,0.025,27.0,5843.0,4.069,1.615,14.542
K01692.01,CONFIRMED,5.960400011,2.8617,828.3,2.85,148.26,890.0,0.8,126.1,5418.0,4.534,0.886,12.557
K01472.01,CONFIRMED,85.3514875,6.7504,4674.7,6.31,5.44,390.0,0.052,142.8,5584.0,4.478,0.938,15.061
K01473.01,CANDIDATE,23.02028478,3.544,5077.8,7.58,31.4,604.0,0.794,97.2,5613.0,4.496,0.956,15.573
K01474.01,CONFIRMED,69.72646639,3.7177,4491.2,11.65,33.3,613.0,0.019,300.7,6430.0,4.107,1.731,13.005
K01475.01,CONFIRMED,1.609321941,1.6067,728.5,1.57,199.28,958.0,0.016,35.3,4224.0,4.662,0.603,15.937
K01475.02,CONFIRMED,9.51220046,2.9497,1169.4,1.99,18.66,530.0,0.133,31.9,4224.0,4.662,0.603,15.937
K01475.03,CONFIRMED,4.72941177,2.234,434.3,1.22,47.3,669.0,0.236,14.6,4224.0,4.662,0.603,15.937
K00003.01,CONFIRMED,4.887803076,2.36255,4315.8,4.82,96.67,800.0,0.054,862.3,4778.0,4.591,0.763,9.174
K00020.01,CONFIRMED,4.437962934,4.69813,16387.6,18.05,757.65,1338.0,0.069,3535.6,5953.0,4.175,1.415,13.438
K00179.01,CONFIRMED,20.74028645,10.3939,1023.3,4.24,95.68,798.0,0.431,155.3,6226.0,4.264,1.299,13.955
K01540.01,FALSE POSITIVE,1.207852845,3.5802,49720.0,38.59,1331.31,1539.0,1.113,205.9,5601.0,4.533,0.797,15.559
K01541.01,FALSE POSITIVE,2.379282197,3.1729,48434.0,25.74,1442.19,1571.0,0.003,538.0,6392.0,4.399,1.162,15.189
K01592.01,FALSE POSITIVE,26.0692512,7.487,831.5,23.61,28.85,591.0,1.206,59.7,5585.0,4.409,0.91,14.106
K01593.01,CONFIRMED,9.69501146,2.75,515.2,2.08,114.06,833.0,0.293,18.3,5896.0,4.516,0.914,15.809
K01593.02,CONFIRMED,15.3825394,3.815,550.5,2.14,61.61,714.0,0.015,18.4,5896.0,4.516,0.914,15.809
K01594.01,FALSE POSITIVE,1.818939148,1.644,331.2,1.82,1364.15,1549.0,0.56,39.3,6153.0,4.487,0.962,15.134
K01595.01,CONFIRMED,40.1097817,5.2096,732.0,3.11,22.65,556.0,0.016,40.3,5509.0,4.265,1.169,14.904
K00191.03,CANDIDATE,0.708621057,1.5041,187.5,1.2,2741.07,1846.0,0.033,30.5,5422.0,4.484,0.887,14.991
K01692.02,CONFIRMED,2.46106962,2.184,84.2,0.84,483.09,1195.0,0.575,18.0,5418.0,4.534,0.886,12.557
K01693.01,FALSE POSITIVE,3.403743926,1.5017,815.9,10.77,346.98,1101.0,1.075,59.5,5596.0,4.533,0.853,14.98
K01700.01,CONFIRMED,8.03753796,2.9118,286.5,1.54,72.44,744.0,0.821,31.1,5044.0,4.511,0.804,14.471
K01701.01,FALSE POSITIVE,2.43902575,1.1598,82.5,2.61,6700.04,2307.0,0.483,20.5,6546.0,3.817,2.784,11.041
K01476.01,CONFIRMED,56.3587987,6.927,2559.6,5.04,7.29,419.0,0.906,44.4,5446.0,4.525,0.821,15.792
K00172.02,CONFIRMED,242.467406,12.808,340.3,1.73,1.59,286.0,0.173,23.2,5637.0,4.399,0.943,13.749
K01477.01,CANDIDATE,169.4976085,7.77,12192.0,9.06,1.29,272.0,0.625,82.8,5270.0,4.592,0.787,15.917
K01478.01,CONFIRMED,76.13622222,7.9393,2949.5,4.78,6.01,399.0,0.044,339.4,5591.0,4.494,0.892,12.45
K01479.01,FALSE POSITIVE,4.9883872,9.142,638.2,2.59,227.27,990.0,0.939,52.9,5819.0,4.565,0.823,15.752
K01542.01,FALSE POSITIVE,2.586878667,6.1614,25480.0,19.84,1823.52,1666.0,0.651,261.3,6812.0,4.343,1.172,12.897
K01543.01,FALSE POSITIVE,3.964333304,4.7136,25886.2,37.09,1881.78,1680.0,0.094,408.5,5758.0,3.808,2.318,14.985
K01544.01,FALSE POSITIVE,1.525924389,3.15998,24627.2,49.86,2072.8,1722.0,1.217,423.9,6203.0,4.427,1.06,15.063
K01545.01,FALSE POSITIVE,5.910371418,3.88962,17219.2,12.62,290.83,1053.0,0.065,990.3,6200.0,4.488,0.958,15.169
K01546.01,CANDIDATE,0.917568975,2.0654,15805.0,11.92,2197.57,1748.0,0.667,128.1,5713.0,4.541,0.893,14.456
K01596.01,CONFIRMED,5.92365747,2.6302,406.5,0.99,18.87,531.0,0.045,26.4,3883.0,4.762,0.496,15.157
K01596.02,CONFIRMED,105.3582299,3.81,1210.2,1.87,0.41,204.0,0.75,22.6,3883.0,4.762,0.496,15.157
K00186.01,CONFIRMED,3.24325988,3.03318,16450.9,12.91,563.17,1243.0,0.117,1586.2,5823.0,4.438,1.013,14.952
K01597.01,CANDIDATE,7.79668781,4.6699,361.3,2.44,366.42,1116.0,0.005,48.5,6521.0,4.352,1.276,12.681
K01598.01,CONFIRMED,56.4758069,5.961,1091.8,3.22,7.14,417.0,0.862,70.0,5497.0,4.57,0.839,14.279
K01598.02,CONFIRMED,92.8747294,7.474,658.8,2.64,3.68,353.0,0.917,37.9,5497.0,4.57,0.839,14.279
K01702.01,CONFIRMED,1.538180949,1.2635,841.0,1.0,30.85,602.0,0.932,47.7,3364.0,4.978,0.274,15.722
K01704.01,CONFIRMED,10.4188915,3.0069,670.0,3.17,126.48,855.0,0.856,42.1,5692.0,4.36,1.064,14.86
K01705.01,CONFIRMED,20.4998763,6.501,437.8,2.8,67.67,731.0,0.943,21.1,6249.0,4.428,1.076,15.442
K01706.01,CONFIRMED,1.921437488,1.9046,278.7,1.77,626.79,1276.0,0.919,56.7,5238.0,4.472,0.851,14.131
K01707.01,CONFIRMED,96.109323,9.877,982.3,4.01,6.59,409.0,0.948,28.7,5792.0,4.375,1.005,15.321
K01480.01,CONFIRMED,20.38174802,3.7922,1597.1,3.16,18.36,528.0,0.295,46.8,4883.0,4.515,0.808,15.887
K01480.02,CANDIDATE,7.00447892,2.669,231.4,1.19,76.26,754.0,0.139,9.9,4883.0,4.515,0.808,15.887
K01481.01,CONFIRMED,5.101375725,2.595,894.6,2.84,287.28,1050.0,0.027,55.1,5869.0,4.479,0.954,15.455
K01482.01,FALSE POSITIVE,17.7940049,4.091,879.4,312.48,79.54,762.0,3.72,27.7,6273.0,4.442,1.044,15.378
K01484.01,FALSE POSITIVE,3.47021401,2.289,1105.2,2.4,179.02,933.0,0.076,8.3,4922.0,4.555,0.744,15.305
K01547.01,CANDIDATE,30.69395532,2.9512,18121.0,13.72,33.69,614.0,0.001,196.6,6137.0,4.46,1.018,15.673
K01548.01,FALSE POSITIVE,2.139325409,2.8056,6897.8,11.61,243.34,1007.0,1.019,164.4,4765.0,4.642,0.666,14.708
K01549.01,CANDIDATE,29.481061268,3.6636,11870.9,16.61,25.1,571.0,0.983,332.0,5631.0,4.41,0.901,15.135
K00179.02,CONFIRMED,572.376632,24.42,1743.4,5.8,1.15,264.0,0.712,78.6,6226.0,4.264,1.299,13.955
K01550.01,FALSE POSITIVE,2.233799622,3.04,2658.5,28.63,650.73,1287.0,1.249,228.9,5741.0,4.555,0.846,15.195
K01551.01,FALSE POSITIVE,31.13862664,5.2482,11427.0,12.88,27.22,582.0,0.889,163.7,5919.0,4.485,1.0,15.821
K01598.03,CONFIRMED,13.93068791,2.312,186.5,1.4,46.19,665.0,0.912,14.9,5497.0,4.57,0.839,14.279
K01599.01,CONFIRMED,20.4074846,8.839,363.4,2.9,44.8,660.0,0.986,24.5,5823.0,4.472,0.972,14.802
K01600.01,FALSE POSITIVE,12.36564669,3.644,388.4,24.89,98.51,804.0,1.22,22.8,6075.0,4.495,0.952,14.59
K01601.01,CONFIRMED,10.35078415,6.253,273.1,1.97,119.01,842.0,0.79,36.5,5534.0,4.338,1.08,14.659
K01601.02,CONFIRMED,62.9224936,11.64,417.8,2.75,10.73,462.0,0.928,28.7,5534.0,4.338,1.08,14.659
K01708.01,CANDIDATE,32.7737631,3.416,564.5,5.0,52.22,686.0,0.971,21.7,5640.0,4.076,1.534,14.758
K00191.04,CONFIRMED,38.6520796,5.607,566.5,2.07,13.28,487.0,0.038,24.8,5422.0,4.484,0.887,14.991
K01710.01,CONFIRMED,14.20442616,3.898,800.6,1.9,31.1,602.0,0.011,26.7,5350.0,4.647,0.678,15.469
K01711.01,CONFIRMED,55.673582,3.778,765.1,2.19,5.16,384.0,0.274,22.7,4998.0,4.53,0.808,15.061
K01713.01,CONFIRMED,6.82778157,2.3726,545.8,1.34,26.31,577.0,0.336,32.2,4198.0,4.689,0.574,15.224
K01485.01,FALSE POSITIVE,0.687895191,2.4233,462.5,1.35,888.72,1391.0,0.018,60.9,4478.0,4.615,0.651,15.657
K01486.01,CONFIRMED,127.2824442,7.1545,8088.6,12.04,5.61,392.0,0.827,148.1,5733.0,4.281,1.183,15.505
K00173.01,CONFIRMED,10.06083238,4.5718,460.2,2.58,154.16,899.0,0.672,86.4,5705.0,4.297,1.14,13.844
K01486.02,CONFIRMED,30.1837021,5.879,974.9,3.65,38.2,634.0,0.011,37.9,5733.0,4.281,1.183,15.505
K01487.01,FALSE POSITIVE,2.92928244,6.794,268.6,38.42,4706.45,2112.0,1.14,39.2,6634.0,3.831,2.251,12.674
K01552.01,CANDIDATE,77.63424586,4.1002,16612.0,9.4,2.65,325.0,0.113,185.5,4812.0,4.548,0.755,15.915
K01553.01,CONFIRMED,52.75878505,6.6517,5805.8,8.76,20.08,540.0,0.344,265.4,6228.0,4.413,1.137,15.182
K01554.01,FALSE POSITIVE,1.332564478,6.0325,1071.5,27.04,1627.5,1618.0,1.248,119.6,5995.0,4.536,0.878,15.866
K01555.01,FALSE POSITIVE,41.0772969,5.525,1216.8,3.25,17.74,523.0,0.03,28.8,5665.0,4.381,0.938,14.907
K01556.01,FALSE POSITIVE,135.9121619,5.628,10188.0,40.18,4.41,370.0,1.256,99.5,6141.0,4.468,0.959,15.535
K01952.04,CONFIRMED,42.4729078,7.253,334.0,2.03,19.93,539.0,0.361,22.8,5616.0,4.327,1.111,14.601
K01955.01,CONFIRMED,15.17026921,4.3311,224.8,2.47,158.23,905.0,0.917,45.4,6297.0,4.26,1.369,13.147
K01955.02,CONFIRMED,39.4576228,9.557,244.8,2.8,44.26,658.0,0.967,41.6,6297.0,4.26,1.369,13.147
K01958.01,CONFIRMED,17.8159689,3.6765,776.8,3.12,56.48,699.0,0.911,22.5,5964.0,4.484,0.933,15.2
K01959.01,CONFIRMED,36.5157639,3.6577,861.3,2.55,7.71,425.0,0.787,34.7,4847.0,4.54,0.781,14.254
K02032.01,CONFIRMED,14.07969236,1.375,169.5,2.08,177.81,931.0,0.544,26.2,5821.0,4.097,1.547,12.261
K02033.01,CONFIRMED,16.54081386,2.5996,370.0,1.57,24.87,570.0,0.688,32.8,5064.0,4.572,0.769,13.755
K02034.01,CONFIRMED,3.609313059,1.7752,1375.1,3.26,336.16,1092.0,0.408,35.0,5668.0,4.545,0.868,15.54
K02035.01,CONFIRMED,1.93155546,1.614,504.9,2.25,655.43,1290.0,0.861,8.6,5461.0,4.552,0.858,13.007
K02036.01,CONFIRMED,8.41100305,2.4553,755.6,1.8,11.71,472.0,0.905,27.6,3757.0,4.718,0.539,15.773
K01825.01,CONFIRMED,13.52252364,3.987,690.6,2.11,42.82,652.0,0.216,22.4,5338.0,4.557,0.816,13.895
K01826.01,CONFIRMED,134.2520474,9.0636,832.1,3.43,5.63,393.0,0.001,57.2,5818.0,4.276,1.2,13.35
K00199.01,CONFIRMED,3.268695042,3.45188,10091.4,16.91,1539.0,1597.0,0.065,1429.9,5927.0,4.046,1.691,14.879
K01828.01,CONFIRMED,99.7468804,6.804,1287.0,3.94,5.55,391.0,0.828,45.6,5620.0,4.363,0.974,14.422
K01829.01,FALSE POSITIVE,22.84156293,2.5997,2940.7,30.0,22.78,557.0,1.267,47.6,5381.0,4.538,0.826,15.911
K00205.01,CONFIRMED,11.720123999,3.0039,9763.3,7.94,44.89,660.0,0.623,707.3,5215.0,4.564,0.77,14.518
K01890.01,CONFIRMED,4.33643506,4.1445,108.5,1.75,1054.56,1453.0,0.641,48.0,6180.0,4.133,1.603,11.704
K01891.01,CONFIRMED,15.95541913,3.9851,762.6,2.18,25.54,573.0,0.314,39.0,4891.0,4.516,0.805,15.261
K01891.02,CONFIRMED,8.25980352,2.928,298.4,1.35,61.43,714.0,0.161,18.3,4891.0,4.516,0.805,15.261
K01892.01,CONFIRMED,62.5613879,5.907,1372.6,3.54,7.13,417.0,0.842,35.0,5662.0,4.56,0.84,15.5
K01960.01,CONFIRMED,8.96847034,4.4073,234.3,2.17,259.95,1024.0,0.558,38.2,5808.0,4.185,1.374,14.128
K01961.01,CONFIRMED,1.907810683,1.8707,120.5,0.91,609.28,1268.0,0.41,40.9,5435.0,4.578,0.824,12.852
K01962.01,CANDIDATE,32.85862571,3.1483,162.8,2.31,53.85,691.0,0.955,36.4,5899.0,4.135,1.414,10.77
K00213.01,FALSE POSITIVE,48.118812545,5.27958,69850.7,45.18,13.6,490.0,1.079,2145.1,6003.0,4.536,0.872,14.474
K01964.01,CANDIDATE,2.229326354,1.9946,49.1,0.6,621.53,1273.0,0.249,24.6,5587.0,4.525,0.865,10.687
K01965.01,CONFIRMED,2.514628496,1.6239,228.4,1.27,517.89,1217.0,0.247,33.3,5662.0,4.56,0.84,14.325
K00219.01,CONFIRMED,8.025118521,5.3694,3120.4,7.79,336.73,1093.0,0.454,373.0,6002.0,4.196,1.369,14.153
K02036.02,CONFIRMED,5.79529495,2.272,334.3,1.05,19.23,534.0,0.714,14.8,3757.0,4.718,0.539,15.773
K02037.01,CONFIRMED,73.7578875,2.69,1836.9,4.28,4.66,375.0,0.714,20.2,5029.0,4.429,0.93,15.213
K02037.03,CANDIDATE,8.56267266,1.53,608.1,2.26,82.22,768.0,0.335,15.2,5029.0,4.429,0.93,15.213
K02038.01,CONFIRMED,8.30537702,3.751,365.6,1.69,101.43,809.0,0.489,28.5,5435.0,4.495,0.873,14.779
K01830.01,CONFIRMED,13.22714056,3.2861,812.0,2.22,39.1,638.0,0.013,51.8,5180.0,4.548,0.8,14.443
K01831.01,CONFIRMED,51.8098276,6.343,1025.4,2.6,6.71,410.0,0.273,56.8,5191.0,4.53,0.826,14.122
K01831.02,CONFIRMED,4.38536428,2.5126,198.5,1.15,180.22,935.0,0.335,25.9,5191.0,4.53,0.826,14.122
K01831.03,CONFIRMED,34.205785079,5.1691,183.2,1.1,11.67,471.0,0.319,11.6,5191.0,4.53,0.826,14.122
K01831.04,CONFIRMED,13.97945055,1.2325,356.1,1.97,38.44,635.0,0.924,17.1,5191.0,4.53,0.826,14.122
K01893.01,CONFIRMED,3.554856338,2.1004,232.9,1.29,425.04,1157.0,0.331,40.8,6068.0,4.565,0.831,14.053
K01894.01,CONFIRMED,5.28790754,8.5274,343.9,7.1,1802.31,1661.0,0.474,90.6,4994.0,3.433,3.818,13.427
K01895.01,CONFIRMED,8.45746636,2.2906,1320.3,1.87,20.08,540.0,0.209,21.8,4347.0,4.73,0.524,15.862
K01895.02,CONFIRMED,17.28116957,2.829,1562.8,2.04,7.75,425.0,0.206,20.3,4347.0,4.73,0.524,15.862
K01895.03,CONFIRMED,32.1340014,2.691,1262.0,1.84,3.39,346.0,0.256,11.8,4347.0,4.73,0.524,15.862
K01897.01,CONFIRMED,59.7711433,4.843,574.5,3.17,17.53,522.0,0.899,38.5,6214.0,4.382,1.122,13.952
K01967.01,CONFIRMED,4.417692516,2.323,279.2,1.57,92.16,790.0,0.971,35.1,4766.0,4.645,0.664,14.31
K01968.01,CONFIRMED,10.08744556,2.9884,568.1,3.15,186.14,942.0,0.921,39.9,6310.0,4.417,1.095,15.079
K01969.01,CONFIRMED,16.34355902,5.474,829.4,3.26,67.34,730.0,0.716,34.0,5730.0,4.394,1.056,15.017
K01970.01,CONFIRMED,21.96401646,2.7509,693.4,2.57,40.41,643.0,0.483,26.9,5774.0,4.447,0.958,15.378
K01970.02,CONFIRMED,125.602323,7.105,925.7,2.89,3.95,360.0,0.065,23.3,5774.0,4.447,0.958,15.378
K02038.02,CONFIRMED,12.51353325,4.301,430.8,1.88,58.69,706.0,0.596,30.0,5435.0,4.495,0.873,14.779
K02038.03,CONFIRMED,17.9134215,4.364,197.8,1.39,36.38,626.0,0.832,11.4,5435.0,4.495,0.873,14.779
K02038.04,CONFIRMED,25.2149143,5.76,174.1,1.19,23.05,559.0,0.599,9.9,5435.0,4.495,0.873,14.779
K02039.01,CONFIRMED,5.42586901,2.5342,259.0,1.48,211.66,973.0,0.1,26.1,5594.0,4.489,0.934,14.305
K02040.01,CONFIRMED,19.58561177,1.755,532.9,3.09,46.51,666.0,0.964,27.1,5618.0,4.401,0.996,14.18
K01832.01,CONFIRMED,4.544436472,1.8141,879.3,3.0,253.48,1017.0,0.731,42.5,5445.0,4.458,0.937,15.009
K01832.02,CONFIRMED,12.76220558,2.0688,653.8,3.18,63.86,721.0,0.955,17.4,5445.0,4.458,0.937,15.009
K01832.03,CONFIRMED,38.7149617,3.441,694.8,2.62,14.55,498.0,0.691,16.2,5445.0,4.458,0.937,15.009
K00199.02,FALSE POSITIVE,8.78458274,6.459,210.8,2.6,411.55,1149.0,0.681,25.9,5927.0,4.046,1.691,14.879
K01833.01,CONFIRMED,3.69298623,1.7744,763.3,1.74,72.66,745.0,0.775,33.9,4402.0,4.682,0.572,14.265
K00206.01,CONFIRMED,5.334082429,6.2226,4676.5,13.08,1180.64,1495.0,0.045,653.4,6332.0,4.016,1.905,14.463
K01898.01,CONFIRMED,6.4980147,2.4384,190.9,1.87,262.18,1026.0,0.92,41.2,5727.0,4.328,1.104,13.25
K01899.01,CONFIRMED,19.76169247,3.9097,392.5,2.81,92.38,791.0,0.924,35.3,6327.0,4.327,1.175,14.563
K01900.01,CONFIRMED,5.18498961,2.1397,430.1,1.15,42.62,652.0,0.021,36.4,4325.0,4.68,0.56,14.744
K01901.01,CONFIRMED,85.6542476,6.866,476.0,3.56,17.51,522.0,0.012,36.6,5818.0,4.065,1.647,13.34
K01971.01,CONFIRMED,19.32945602,3.794,935.5,2.26,18.57,529.0,0.009,26.8,5026.0,4.604,0.763,15.719
K01972.01,CANDIDATE,17.79108667,2.662,414.2,2.88,112.09,830.0,0.654,39.8,5855.0,4.148,1.34,13.8
K01973.01,CONFIRMED,3.290114076,1.5151,645.3,1.49,97.96,802.0,0.203,30.3,4484.0,4.654,0.594,15.753
K00024.01,FALSE POSITIVE,2.086075752,2.2647,3657.8,10.3,2747.42,1845.0,0.914,102.2,6131.0,4.071,1.417,12.963
K00214.01,CONFIRMED,3.311864148,1.4049,5976.5,9.06,365.94,1116.0,0.905,448.2,5461.0,4.499,0.937,14.256
K02042.01,CANDIDATE,63.0732241,5.397,671.3,17.8,317.78,1077.0,0.746,30.0,6234.0,3.209,6.354,13.089
K00220.01,CONFIRMED,2.422084188,2.5613,1871.8,3.55,511.66,1213.0,0.058,423.7,5598.0,4.565,0.83,14.236
K02043.01,CONFIRMED,78.5461106,8.689,658.7,3.55,14.85,501.0,0.044,35.6,5808.0,4.172,1.397,14.087
K02044.01,CONFIRMED,16.92342126,4.1864,1125.3,3.4,57.37,702.0,0.515,40.8,5786.0,4.465,0.99,15.818
K02045.01,CONFIRMED,5.47665801,2.5482,648.0,2.01,71.0,741.0,0.788,32.1,4650.0,4.589,0.706,15.549
K01835.01,CONFIRMED,4.580346161,2.097,308.3,1.38,147.56,889.0,0.384,49.8,5103.0,4.558,0.789,13.693
K01835.02,CONFIRMED,2.248288213,2.0361,263.2,1.25,380.75,1127.0,0.004,59.7,5103.0,4.558,0.789,13.693
K01835.03,CONFIRMED,6.76690759,1.7062,249.3,1.31,87.79,781.0,0.648,29.7,5103.0,4.558,0.789,13.693
K01837.01,CONFIRMED,34.1732156,4.7679,635.0,2.37,11.09,465.0,0.815,38.9,5201.0,4.573,0.834,13.733
K01838.01,CONFIRMED,16.7364755,2.151,1147.0,2.73,10.99,464.0,0.9,9.9,4334.0,4.618,0.653,14.786
K01902.01,FALSE POSITIVE,137.8645881,1.922,2363.0,15.9,0.2,170.0,1.265,28.2,3645.0,4.797,0.449,14.645
K01904.01,CONFIRMED,12.43929428,3.176,254.3,1.3,36.57,627.0,0.663,24.9,4987.0,4.531,0.773,13.395
K01905.01,CONFIRMED,7.62635494,2.4168,296.1,1.21,57.89,703.0,0.237,32.5,4955.0,4.61,0.721,14.017
K01906.01,CANDIDATE,8.710442022,0.9425,1196.4,3.61,78.75,760.0,0.935,42.6,5416.0,4.575,0.809,14.816
K01907.01,CONFIRMED,11.35010642,2.2792,1221.0,1.75,6.25,403.0,0.035,38.3,3597.0,4.734,0.514,15.278
K01974.01,CONFIRMED,109.4450597,3.792,1269.6,3.04,3.14,340.0,0.149,30.1,5403.0,4.5,0.868,14.937
K01975.01,CONFIRMED,7.56052209,3.8573,659.8,2.4,164.9,914.0,0.022,34.6,5895.0,4.503,0.94,15.986
K01976.01,CONFIRMED,12.12401737,3.3091,788.4,2.37,48.98,675.0,0.029,40.1,5094.0,4.469,0.87,15.09
K01977.01,CONFIRMED,9.38740646,1.6165,384.6,1.69,25.83,575.0,0.946,22.3,4500.0,4.656,0.646,14.028
K01977.02,CONFIRMED,7.41556471,1.973,150.4,0.79,35.37,622.0,0.434,11.8,4500.0,4.656,0.646,14.028
K02045.02,CONFIRMED,24.2101973,4.046,458.0,1.5,9.8,451.0,0.45,14.1,4650.0,4.589,0.706,15.549
K02046.01,CONFIRMED,23.8990075,15.955,293.4,3.26,108.3,823.0,0.153,61.5,5511.0,3.914,1.93,13.153
K02047.01,CONFIRMED,6.22161107,3.4117,165.0,1.59,348.15,1101.0,0.838,29.0,6277.0,4.417,1.097,13.977
K02048.01,CONFIRMED,6.17998508,2.1094,750.5,2.12,104.06,814.0,0.175,29.0,5149.0,4.551,0.791,15.801
K02049.01,CONFIRMED,1.569066598,2.7803,147.2,1.68,2763.39,1849.0,0.097,48.7,5821.0,4.172,1.395,13.93
K01839.01,CONFIRMED,9.59068586,3.452,544.6,3.93,329.34,1087.0,0.359,40.0,5476.0,3.904,1.673,13.237
K01840.01,CONFIRMED,7.03932913,3.514,836.7,4.67,298.33,1060.0,0.956,48.6,5846.0,4.278,1.24,14.915
K01841.01,CONFIRMED,49.6075771,2.9575,626.7,2.12,6.17,402.0,0.764,44.9,5187.0,4.592,0.774,13.218
K01842.01,CONFIRMED,16.84183355,2.6194,822.1,3.08,56.43,699.0,0.688,23.6,5602.0,4.404,1.009,14.306
K00200.01,CONFIRMED,7.340714946,2.9987,8510.5,14.31,421.03,1155.0,0.568,856.3,6056.0,4.191,1.498,14.412
K01908.01,CONFIRMED,12.55111099,3.1293,494.1,1.34,12.56,480.0,0.519,33.2,4213.0,4.669,0.598,14.731
K00208.01,CONFIRMED,3.003879547,3.2848,8538.0,10.96,1011.87,1438.0,0.338,80.8,6311.0,4.398,1.172,14.996
K01908.02,CONFIRMED,24.0884178,3.952,387.2,1.16,5.26,386.0,0.376,21.0,4213.0,4.669,0.598,14.731
K01909.01,CONFIRMED,12.75800092,4.1828,187.9,1.49,107.96,822.0,0.011,41.7,5782.0,4.34,1.095,12.776
K01909.02,CONFIRMED,5.47033376,3.1441,112.0,1.15,334.27,1090.0,0.074,32.7,5782.0,4.34,1.095,12.776
K01978.01,CONFIRMED,6.51112385,1.6919,695.1,3.09,243.67,1008.0,0.882,38.4,6032.0,4.465,1.001,15.214
K01978.02,CONFIRMED,23.85163321,2.4453,833.7,3.37,43.19,654.0,0.88,28.6,6032.0,4.465,1.001,15.214
K01979.01,CONFIRMED,2.714078374,1.3115,143.5,1.38,675.86,1301.0,0.868,36.8,5815.0,4.461,0.992,12.987
K01980.01,CONFIRMED,122.8799543,7.835,717.7,2.7,2.66,326.0,0.872,41.9,5413.0,4.51,0.861,13.8
K01982.01,CONFIRMED,4.88753111,2.034,679.6,2.45,239.11,1003.0,0.147,17.4,5568.0,4.499,0.957,15.768
K02059.01,CONFIRMED,6.14728341,2.7645,119.7,0.79,83.18,770.0,0.188,26.8,4997.0,4.598,0.746,12.906
K02060.01,CONFIRMED,2.800111267,1.0237,706.7,2.13,197.81,956.0,0.806,33.5,4786.0,4.579,0.704,15.229
K02062.01,CONFIRMED,34.3511339,4.4408,599.4,2.75,26.1,576.0,0.88,28.8,6091.0,4.487,0.967,14.998
K00221.01,CONFIRMED,3.413036353,2.61366,3868.7,6.62,490.24,1200.0,0.046,480.7,5392.0,4.314,1.087,14.622
K02063.01,CONFIRMED,3.00725068,4.4302,285.8,1.56,373.99,1122.0,0.897,30.0,5667.0,4.587,0.781,15.62
K01843.01,CONFIRMED,4.194496867,1.7807,660.7,1.57,26.2,577.0,0.863,45.0,3706.0,4.747,0.522,14.404
K01843.02,CANDIDATE,6.35585682,1.55,176.6,0.86,15.1,503.0,0.912,9.2,3706.0,4.747,0.522,14.404
K01845.01,CONFIRMED,1.970340203,1.7901,403.2,3.97,1540.07,1599.0,0.859,56.3,4883.0,3.972,1.667,14.438
K01845.02,CONFIRMED,5.05821338,1.132,748.3,10.69,439.8,1168.0,1.004,43.2,4883.0,3.972,1.667,14.438
K01847.01,CONFIRMED,26.85323647,4.4557,965.8,2.65,20.77,544.0,0.01,53.3,5329.0,4.455,0.869,14.812
K01909.03,CONFIRMED,25.0985083,2.7727,167.6,1.59,43.84,656.0,0.814,21.3,5782.0,4.34,1.095,12.776
K01910.01,CONFIRMED,34.2685741,4.8251,699.3,2.44,12.2,477.0,0.677,38.2,5083.0,4.468,0.872,14.685
K01911.01,CONFIRMED,5.75321539,1.7948,733.8,3.14,169.44,920.0,0.921,31.8,5445.0,4.51,0.929,15.196
K01913.01,CONFIRMED,5.50860699,3.0788,203.9,1.49,179.62,934.0,0.879,38.2,5448.0,4.489,0.883,13.317
K01914.01,CONFIRMED,18.93055119,3.372,684.0,4.41,81.42,766.0,0.583,26.2,5015.0,3.987,1.643,14.417
K00215.01,FALSE POSITIVE,42.94386258,3.7591,9207.9,41.62,17.26,520.0,1.285,273.0,5750.0,4.4,0.94,14.708
K01984.01,CONFIRMED,22.06402,4.1,388.7,2.67,60.81,712.0,0.941,31.5,6232.0,4.432,1.09,13.698
K01985.01,CONFIRMED,5.756245244,1.071,623.6,2.24,84.16,773.0,0.888,45.5,4931.0,4.605,0.734,13.708
K01986.01,CONFIRMED,148.4601819,5.499,1532.1,3.61,1.56,285.0,0.808,33.7,5159.0,4.548,0.821,14.839
K01988.01,CONFIRMED,0.934885365,1.4083,270.4,3.21,4435.29,2080.0,0.731,57.8,4777.0,3.909,1.795,14.145
K02051.01,CONFIRMED,25.7626846,6.908,619.5,2.66,37.99,633.0,0.327,38.0,5739.0,4.381,1.069,15.087
K02051.02,CONFIRMED,11.0317836,4.753,182.3,1.45,117.67,840.0,0.405,14.1,5739.0,4.381,1.069,15.087
K00220.02,CONFIRMED,4.12511935,2.877,114.7,0.88,252.18,1016.0,0.253,21.6,5598.0,4.565,0.83,14.236
K02052.01,CANDIDATE,4.22464216,1.403,987.0,4.31,631.55,1279.0,0.913,7.7,6343.0,4.408,1.14,15.341
K02053.01,CONFIRMED,13.12162167,3.6138,196.9,1.99,164.48,913.0,0.807,32.7,6140.0,4.265,1.277,12.992
K01848.01,CONFIRMED,49.6220669,7.222,505.5,3.33,20.99,546.0,0.939,47.6,5938.0,4.331,1.184,13.429
K01849.01,CONFIRMED,8.08801663,1.8334,952.9,2.94,92.93,792.0,0.744,46.1,5269.0,4.494,0.874,14.624
K01850.01,CONFIRMED,11.55103848,3.3601,402.8,2.17,120.76,845.0,0.493,49.8,5907.0,4.395,1.058,14.138
K01851.01,CONFIRMED,4.469754641,1.813,553.9,2.26,350.69,1103.0,0.494,37.1,5988.0,4.507,0.934,14.769
K01852.01,CONFIRMED,15.77382794,4.957,313.6,2.72,196.14,955.0,0.035,30.4,6283.0,4.129,1.531,13.205
K01915.01,CONFIRMED,6.56226483,4.0144,260.8,3.07,654.67,1290.0,0.643,41.2,5878.0,4.005,1.812,13.996
K01916.01,CONFIRMED,20.67876365,4.6395,323.9,2.42,74.36,749.0,0.665,42.6,5865.0,4.266,1.272,13.598
K00209.01,CONFIRMED,50.79034648,10.8474,5671.1,10.6,33.12,612.0,0.058,508.8,6163.0,4.185,1.406,14.274
K01916.02,CONFIRMED,9.59993246,4.3206,271.2,2.08,206.91,967.0,0.063,52.0,5865.0,4.266,1.272,13.598
K01916.03,CONFIRMED,2.0248205,2.55,63.3,1.01,1652.5,1625.0,0.248,20.2,5865.0,4.266,1.272,13.598
K01989.01,CONFIRMED,201.118319,10.328,584.8,2.28,1.92,300.0,0.001,34.7,5646.0,4.447,0.954,13.328
K01990.01,CONFIRMED,24.7577652,6.998,458.7,2.44,40.74,644.0,0.896,37.6,6106.0,4.487,0.966,14.49
K01992.01,CONFIRMED,12.7983174,6.401,336.6,2.88,160.33,908.0,0.738,38.2,5592.0,4.115,1.451,14.513
K01996.01,CONFIRMED,10.13200555,3.1683,911.6,1.67,25.66,574.0,0.03,37.6,4777.0,4.689,0.561,15.629
K01997.01,CONFIRMED,38.505224,5.941,695.2,2.45,18.98,532.0,0.654,35.5,5974.0,4.504,0.881,14.777
K02053.02,CONFIRMED,4.6126736,3.0643,133.2,1.6,663.8,1294.0,0.755,34.3,6140.0,4.265,1.277,12.992
K02055.01,CONFIRMED,8.67890312,3.5317,540.6,2.56,158.43,905.0,0.203,37.4,5509.0,4.308,1.116,14.523
K02056.01,CONFIRMED,39.3135699,5.0137,500.1,2.07,20.04,540.0,0.006,33.8,6060.0,4.509,0.925,14.476
K02057.01,CONFIRMED,5.94565516,2.1604,401.2,1.12,24.71,568.0,0.229,28.5,3974.0,4.7,0.564,15.026
K02058.01,CONFIRMED,1.52373073,1.4796,364.7,1.26,105.95,818.0,0.942,34.1,3746.0,4.736,0.51,15.313
K00201.01,CONFIRMED,4.225384543,2.82038,7563.0,9.0,360.46,1111.0,0.074,1457.8,5574.0,4.403,1.054,14.014
K01853.01,CONFIRMED,60.0853848,7.007,432.2,2.4,13.07,485.0,0.79,51.7,6028.0,4.459,1.047,13.43
K01854.01,CONFIRMED,43.0343364,6.571,541.6,2.5,13.01,484.0,0.882,50.0,5550.0,4.476,0.911,13.534
K01856.01,CANDIDATE,46.2991052,5.2481,854.9,4.33,29.04,592.0,0.025,55.0,5396.0,4.035,1.507,14.082
K01857.01,CONFIRMED,88.6440015,7.82,625.5,2.51,5.51,391.0,0.724,57.6,5661.0,4.471,0.934,13.748
K01917.01,CONFIRMED,35.01190875,2.868,436.7,2.97,31.35,603.0,0.927,34.0,5872.0,4.332,1.153,13.624
K01920.01,CONFIRMED,16.57099265,2.9052,644.9,2.03,33.53,614.0,0.55,40.9,5483.0,4.589,0.779,14.64
K01921.01,CONFIRMED,16.00496657,6.5047,377.5,3.71,276.53,1040.0,0.013,49.8,6384.0,4.029,1.904,12.818
K01922.01,CONFIRMED,1.954525966,2.0944,392.8,2.38,1331.18,1540.0,0.673,43.1,5741.0,4.331,1.136,15.356
K01922.02,CANDIDATE,15.09521323,3.41,,,,,,,,,,15.356
K01923.01,CONFIRMED,7.23400381,2.165,453.3,1.78,112.48,831.0,0.032,34.3,5411.0,4.523,0.85,14.139
K01998.01,CONFIRMED,6.77408984,2.6215,520.3,2.5,295.82,1058.0,0.026,33.6,6246.0,4.433,1.092,15.368
K00216.01,CONFIRMED,20.172024672,3.1488,5368.1,6.24,24.0,564.0,0.334,226.8,5064.0,4.474,0.864,14.711
K02000.01,CONFIRMED,26.41044199,3.0715,991.1,2.45,16.27,512.0,0.674,31.2,5448.0,4.613,0.734,15.593
K02001.01,CONFIRMED,8.27745764,2.713,197.2,2.46,331.35,1088.0,0.261,17.3,5129.0,3.884,1.781,13.115
K02002.01,CONFIRMED,14.37504582,3.208,251.1,2.05,90.16,786.0,0.927,15.7,5931.0,4.403,1.053,13.286
K02064.01,CANDIDATE,6.31219171,4.9377,403.7,2.17,342.04,1096.0,0.018,35.6,6322.0,4.426,1.075,14.959
K02066.01,CONFIRMED,147.97391,6.854,1267.1,3.33,2.78,329.0,0.034,26.4,5578.0,4.44,0.95,14.904
K02067.01,CONFIRMED,13.24503482,4.4078,156.1,1.77,146.31,887.0,0.498,35.7,5636.0,4.147,1.39,12.584
K02069.01,CONFIRMED,77.2550726,10.214,589.5,3.7,21.37,548.0,0.837,44.0,6564.0,4.255,1.356,13.754
K02071.01,CONFIRMED,3.85690686,2.0808,127.8,0.93,210.44,972.0,0.466,24.3,5272.0,4.574,0.813,13.746
K01858.01,CONFIRMED,116.3311739,7.025,1586.3,3.26,2.59,323.0,0.032,31.5,5354.0,4.533,0.835,14.767
K01858.02,CANDIDATE,86.049055,29.28,429.9,2.06,6.68,410.0,0.2597,8.0,5733.0,4.432,0.997,14.767
K01860.01,CONFIRMED,6.31943553,3.3422,581.1,2.71,223.15,986.0,0.775,61.0,5670.0,4.397,1.022,14.028
K01860.02,CONFIRMED,12.20951755,4.1808,538.1,2.61,92.68,791.0,0.779,45.5,5670.0,4.397,1.022,14.028
K01860.03,CONFIRMED,3.07644709,2.6326,216.7,1.61,583.25,1253.0,0.708,29.3,5670.0,4.397,1.022,14.028
K01924.01,FALSE POSITIVE,2.11913005,4.141,28.7,1.35,4512.1,2090.0,0.67,21.5,5799.0,3.813,2.377,7.837
K01925.01,CONFIRMED,68.958447,3.128,123.3,1.11,6.17,402.0,0.821,30.0,5455.0,4.497,0.888,9.439
K00209.02,CONFIRMED,18.79591276,7.5235,2431.4,7.39,124.64,852.0,0.695,282.3,6163.0,4.185,1.406,14.274
K01927.01,FALSE POSITIVE,47.76397728,4.08,,,,,,,,,,9.668
K01928.01,CONFIRMED,63.0380366,7.3702,658.7,2.59,11.1,465.0,0.021,53.1,5798.0,4.411,1.019,13.605
K01929.01,CONFIRMED,9.69315023,5.6725,141.8,1.89,253.08,1017.0,0.734,45.1,5683.0,4.108,1.472,12.727
K02003.01,FALSE POSITIVE,8.48031229,7.105,351.1,2.58,193.86,952.0,0.951,37.3,5910.0,4.364,1.078,14.613
K02004.01,CONFIRMED,56.1886436,6.5272,346.2,2.56,15.13,503.0,0.873,35.6,5700.0,4.327,1.176,13.351
K02005.01,CONFIRMED,6.92101452,4.3591,529.7,1.48,34.85,619.0,0.771,39.9,4461.0,4.661,0.585,14.832
K02006.01,CONFIRMED,3.27344784,1.7292,262.5,0.81,36.05,625.0,0.44,34.0,3758.0,4.769,0.496,14.22
K02007.01,CONFIRMED,15.3789014,4.662,185.1,2.94,275.53,1039.0,0.359,17.6,5817.0,3.877,2.153,13.127
K01783.01,CONFIRMED,134.4785189,5.9288,4033.5,10.52,6.81,412.0,0.924,149.9,5791.0,4.185,1.336,13.929
K01784.01,CANDIDATE,5.007414194,1.3584,4413.9,8.8,363.75,1114.0,0.926,196.6,5957.0,4.417,1.042,13.592
K01786.01,FALSE POSITIVE,24.68662378,15.168,8052.3,48.04,412.55,1149.0,0.643,210.9,4648.0,2.996,5.132,14.633
K01787.01,CONFIRMED,98.7179332,6.593,7320.0,6.99,3.97,360.0,0.588,124.4,5808.0,4.583,0.786,15.7
K01788.01,CONFIRMED,71.52543938,5.9189,5904.3,5.76,3.15,340.0,0.066,111.3,4855.0,4.542,0.778,14.521
K01861.01,CANDIDATE,17.50441726,4.2585,725.4,3.56,108.78,824.0,0.006,47.5,5815.0,4.16,1.329,13.926
K00202.01,CONFIRMED,1.72086129,2.0243,10184.5,13.25,1743.61,1647.0,0.725,1654.9,5742.0,4.297,1.215,14.309
K01862.01,CONFIRMED,56.4349933,4.7381,580.0,2.37,11.04,465.0,0.019,47.7,5534.0,4.381,1.001,13.668
K01863.01,CONFIRMED,33.7888028,5.496,649.2,2.71,33.01,611.0,0.078,36.0,6202.0,4.436,1.062,13.631
K01864.01,CONFIRMED,3.215109385,4.365,158.0,1.54,421.21,1155.0,0.954,53.3,5541.0,4.472,0.934,13.405
K01929.02,CONFIRMED,3.29276797,4.8069,80.7,1.39,1068.95,1458.0,0.663,40.8,5683.0,4.108,1.472,12.727
K01930.01,CONFIRMED,13.72710334,7.3419,199.2,2.38,241.58,1005.0,0.025,62.5,5951.0,4.017,1.693,12.119
K01930.02,CONFIRMED,24.3110031,8.7682,184.4,2.3,112.64,831.0,0.146,48.9,5951.0,4.017,1.693,12.119
K01930.03,CONFIRMED,44.4304059,10.306,238.5,2.61,50.42,680.0,0.025,50.5,5951.0,4.017,1.693,12.119
K01930.04,CONFIRMED,9.34145925,6.18,81.7,1.56,403.44,1143.0,0.455,29.4,5951.0,4.017,1.693,12.119
K01931.01,CONFIRMED,4.97760447,2.5719,287.3,1.75,258.91,1023.0,0.474,27.5,5353.0,4.358,1.023,14.531
K02007.02,CONFIRMED,21.1285655,3.852,176.7,2.88,180.55,935.0,0.36,12.5,5817.0,3.877,2.153,13.127
K02008.01,FALSE POSITIVE,24.4851178,4.642,263.8,7.14,456.64,1179.0,0.987,10.9,6655.0,3.638,2.995,10.8
K00216.02,CONFIRMED,7.51854537,2.845,286.7,1.42,89.41,784.0,0.13,19.4,5064.0,4.474,0.864,14.711
K02009.01,CANDIDATE,86.7490807,9.179,547.1,2.23,5.94,398.0,0.003,35.7,5579.0,4.419,0.97,13.82
K02010.01,CONFIRMED,25.96190067,6.2732,350.3,3.25,123.11,850.0,0.02,37.5,6369.0,4.088,1.729,13.2
K01790.01,CONFIRMED,130.3543929,6.474,5128.7,7.7,4.36,369.0,0.675,103.7,5970.0,4.463,1.015,15.254
K00196.01,CONFIRMED,1.855557556,2.35672,10570.1,10.05,1004.89,1436.0,0.554,1853.8,5657.0,4.441,0.947,14.465
K01793.01,CANDIDATE,3.261759866,1.7593,3876.1,8.01,599.54,1262.0,0.949,190.4,6131.0,4.497,0.945,15.28
K01794.01,FALSE POSITIVE,3.364425589,1.3261,4843.0,56.83,352.97,1106.0,1.597,32.0,5813.0,4.589,0.775,15.337
K01797.01,CONFIRMED,16.78175788,3.7386,908.0,2.25,20.82,545.0,0.502,118.8,4925.0,4.588,0.742,12.971
K01866.01,CONFIRMED,105.3035093,6.214,1362.2,3.18,3.58,351.0,0.027,40.6,5534.0,4.515,0.875,14.986
K01867.01,CONFIRMED,2.549562652,1.6999,495.1,1.11,50.9,682.0,0.047,43.7,3716.0,4.74,0.506,15.018
K01867.02,CONFIRMED,13.96950181,1.5871,1110.0,2.04,5.29,387.0,0.901,37.0,3716.0,4.74,0.506,15.018
K01867.03,CONFIRMED,5.21230171,2.098,430.0,1.04,19.7,537.0,0.187,29.3,3716.0,4.74,0.506,15.018
K01868.01,CONFIRMED,17.76076524,1.6679,1287.2,1.93,4.34,368.0,0.627,42.6,3826.0,4.744,0.516,15.22
K01931.02,CONFIRMED,10.55840479,3.366,194.2,1.41,94.94,796.0,0.31,14.6,5353.0,4.358,1.023,14.531
K00210.01,CANDIDATE,20.92735802,3.4256,8091.0,17.36,69.08,735.0,0.991,263.5,6126.0,4.358,1.109,14.877
K01931.03,CONFIRMED,6.98800953,3.103,193.2,1.39,164.86,914.0,0.024,17.1,5353.0,4.358,1.023,14.531
K01932.01,CONFIRMED,22.8245144,6.617,322.7,3.36,189.46,946.0,0.279,15.9,6642.0,4.057,1.846,12.345
K01933.01,CONFIRMED,49.1011093,6.341,845.6,3.28,14.57,498.0,0.52,39.7,5393.0,4.299,1.11,15.041
K02011.01,CONFIRMED,7.05675145,2.0261,130.0,1.68,483.95,1196.0,0.631,25.2,6388.0,4.244,1.402,12.556
K02012.01,CONFIRMED,34.8536903,5.333,767.7,2.4,17.62,522.0,0.493,27.0,5818.0,4.554,0.848,14.876
K02013.01,CONFIRMED,2.41434868,1.2701,191.0,0.97,195.08,953.0,0.221,30.0,4507.0,4.573,0.724,13.156
K02014.01,FALSE POSITIVE,2.466070972,1.9559,704.5,24.3,595.8,1260.0,1.223,42.6,5708.0,4.529,0.884,15.601
K02016.01,CONFIRMED,4.30656389,4.1107,257.0,1.95,453.2,1177.0,0.894,39.8,6108.0,4.466,1.03,14.136
K01798.01,FALSE POSITIVE,12.964717746,1.8303,3732.9,39.93,114.24,834.0,1.282,183.3,6210.0,4.45,1.033,14.384
K01799.01,FALSE POSITIVE,1.731079436,1.8419,11974.0,56.05,1332.5,1541.0,1.404,36.2,6045.0,4.494,0.955,15.505
K01800.01,CONFIRMED,7.794302043,1.1081,3387.4,16.51,142.82,882.0,1.06,159.2,5494.0,4.405,0.982,12.394
K01801.01,CONFIRMED,14.5324483,3.13,1355.9,3.11,46.06,664.0,0.001,16.5,5345.0,4.473,0.86,14.625
K01802.01,CONFIRMED,5.248667607,1.917,601.2,2.84,293.42,1056.0,0.847,59.5,5807.0,4.437,1.012,13.345
K01870.01,CONFIRMED,7.96431492,1.5342,746.0,2.44,99.42,805.0,0.189,44.3,5185.0,4.44,0.91,14.425
K01871.01,CONFIRMED,92.7297248,6.83,1257.5,2.81,1.38,276.0,0.857,43.3,4580.0,4.641,0.675,14.897
K00203.01,CONFIRMED,1.485710994,2.2874,20823.9,14.48,1404.81,1562.0,0.105,1176.6,5624.0,4.432,1.018,14.141
K01872.01,CANDIDATE,30.5231459,2.7286,2212.3,11.26,15.46,506.0,1.06,38.7,5518.0,4.585,0.79,15.841
K01873.01,CONFIRMED,71.3116598,8.813,2138.0,4.94,12.01,475.0,0.035,43.4,6194.0,4.445,1.069,15.674
K01934.01,CANDIDATE,28.78270955,3.451,864.5,2.11,9.09,443.0,0.002,40.1,4774.0,4.58,0.745,14.649
K01935.01,FALSE POSITIVE,15.44428875,2.0791,3596.2,37.58,67.39,731.0,1.275,44.9,5895.0,4.489,0.991,15.838
K01937.01,CONFIRMED,1.411230023,1.4325,388.2,1.71,436.04,1164.0,0.851,89.3,4575.0,4.564,0.737,13.59
K01938.01,CONFIRMED,96.9151707,6.065,862.8,2.37,2.64,325.0,0.541,53.4,5162.0,4.559,0.791,14.031
K01939.01,CONFIRMED,13.47472742,2.5995,729.6,1.96,38.21,634.0,0.025,25.3,5395.0,4.615,0.734,15.164
K02017.01,CONFIRMED,2.29503515,1.654,172.1,1.18,681.51,1304.0,0.16,11.6,5637.0,4.482,0.909,13.09
K02018.01,CONFIRMED,27.495634,4.858,483.3,2.11,28.66,590.0,0.664,24.7,5657.0,4.401,0.911,14.55
K02019.01,CONFIRMED,14.08826442,4.1847,889.4,2.66,64.97,724.0,0.133,34.2,5853.0,4.529,0.895,15.624
K00217.01,CONFIRMED,3.905081685,2.8213,21340.5,12.78,282.59,1046.0,0.131,1315.8,5543.0,4.54,0.887,15.127
K02020.01,CONFIRMED,110.9643706,12.831,1283.2,2.11,0.77,239.0,0.729,42.1,4441.0,4.695,0.546,15.498
K01803.01,CANDIDATE,4.539297295,1.9455,798.1,2.34,112.09,830.0,0.83,50.3,4914.0,4.61,0.724,13.26
K01805.01,CONFIRMED,6.94135824,1.8899,825.0,2.96,139.05,876.0,0.871,43.1,5527.0,4.491,0.88,13.828
K00197.01,CONFIRMED,17.276296682,3.94738,10458.0,7.31,19.88,538.0,0.085,871.4,4941.0,4.599,0.738,14.018
K01805.02,CONFIRMED,31.7821117,3.856,570.2,2.08,18.32,528.0,0.17,21.6,5527.0,4.491,0.88,13.828
K01805.03,CONFIRMED,4.36273233,2.2375,341.6,1.76,258.7,1023.0,0.732,25.6,5527.0,4.491,0.88,13.828
K01874.01,CONFIRMED,18.6848377,3.7965,1251.5,1.93,6.16,402.0,0.405,41.2,4156.0,4.712,0.545,15.434
K01874.02,CONFIRMED,7.41634701,2.1362,505.5,1.24,21.1,547.0,0.476,20.6,4156.0,4.712,0.545,15.434
K01875.01,CONFIRMED,9.91724268,3.2241,457.9,2.85,157.41,903.0,0.786,38.8,5539.0,4.244,1.207,14.498
K01876.01,CONFIRMED,82.5341188,4.8556,1895.4,2.45,1.08,260.0,0.033,40.1,4316.0,4.678,0.58,15.187
K01877.01,CONFIRMED,20.16037858,4.13,343.6,1.75,16.03,510.0,0.941,35.1,4975.0,4.614,0.724,13.389
K01940.01,CONFIRMED,10.99470891,1.5929,884.7,1.71,16.24,512.0,0.265,32.7,4302.0,4.661,0.586,15.389
K01940.02,CANDIDATE,6.73679732,2.36,,,,,,,,,,15.389
K00211.01,CANDIDATE,124.03589939,4.8472,7690.0,11.13,6.88,413.0,0.075,190.1,5822.0,4.244,1.28,14.989
K01941.01,FALSE POSITIVE,1.194812329,1.3777,189.5,1.36,2521.46,1806.0,0.404,41.2,6198.0,4.475,0.97,14.029
K01942.01,CONFIRMED,10.84969477,3.474,1122.1,2.67,49.3,676.0,0.55,43.5,5251.0,4.592,0.778,15.409
K01944.01,CONFIRMED,12.18420006,2.5014,499.3,2.59,106.52,819.0,0.746,23.3,5771.0,4.374,1.068,13.982
K02021.01,CONFIRMED,3.76417012,2.0111,558.4,1.7,160.99,908.0,0.287,27.2,5063.0,4.617,0.728,15.484
K02022.01,CONFIRMED,5.92972237,2.518,412.1,1.92,210.95,972.0,0.048,8.9,5741.0,4.492,0.956,14.746
K02022.02,CONFIRMED,12.2476121,3.209,402.7,1.9,80.29,763.0,0.116,6.8,5741.0,4.492,0.956,14.746
K02023.01,CONFIRMED,13.59051547,3.784,621.9,2.4,64.8,724.0,0.232,27.7,5442.0,4.409,0.974,15.15
K02024.01,CONFIRMED,46.8776724,10.041,539.8,2.62,13.01,484.0,0.834,37.5,5504.0,4.418,0.993,14.632
K01808.01,CONFIRMED,89.1935737,4.0104,868.3,3.81,12.83,483.0,0.015,43.5,6071.0,4.239,1.295,12.487
K01809.01,CONFIRMED,13.09390911,2.2805,398.7,2.2,75.58,752.0,0.86,62.2,5772.0,4.487,0.956,12.706
K01809.02,CONFIRMED,4.915385452,2.7757,225.5,1.46,279.43,1042.0,0.484,65.6,5772.0,4.487,0.956,12.706
K01810.01,FALSE POSITIVE,87.455958,18.257,1604.9,70.11,66.26,728.0,1.262,118.9,7700.0,4.018,2.111,13.36
K01812.01,FALSE POSITIVE,0.805259257,1.42246,1384.3,63.55,12990.09,2723.0,1.245,329.7,5872.0,3.926,2.022,13.742
K01813.01,CONFIRMED,9.76785911,2.1649,585.4,2.54,74.48,749.0,0.916,54.1,5371.0,4.513,0.852,13.766
K01878.01,CONFIRMED,40.80957343,3.158,436.1,3.44,35.68,623.0,0.949,39.3,6183.0,4.301,1.3,12.988
K01879.01,CONFIRMED,22.08551599,2.1727,3157.4,3.34,3.63,352.0,0.656,48.5,3828.0,4.712,0.565,15.967
K01880.01,CONFIRMED,1.151166776,1.0907,578.4,1.28,199.25,957.0,0.029,83.7,3951.0,4.73,0.535,14.44
K00023.01,FALSE POSITIVE,4.693305543,5.17249,14522.9,17.85,881.73,1389.0,0.23,1765.2,6365.0,4.22,1.47,12.291
K00204.01,CONFIRMED,3.246732048,3.0535,6998.2,12.4,1072.7,1459.0,0.475,775.0,5763.0,4.15,1.457,14.678
K01944.02,FALSE POSITIVE,8.3606759,6.287,194.8,1.49,176.04,929.0,0.259,17.7,5771.0,4.374,1.068,13.982
K01945.01,CONFIRMED,62.1385979,4.2938,886.3,5.14,17.88,524.0,0.699,36.1,5123.0,3.992,1.621,14.52
K01945.02,CANDIDATE,17.1181036,1.29,167.7,1.22,43.25,654.0,0.4346,6.1,5576.0,4.515,0.929,14.52
K01946.01,CANDIDATE,8.29482811,2.7437,559.5,2.76,139.38,876.0,0.932,38.1,5773.0,4.478,0.939,14.469
K01948.01,FALSE POSITIVE,26.635216,5.949,1492.8,27.64,19.45,536.0,1.242,30.6,5215.0,4.455,0.882,15.551
K02025.01,CONFIRMED,17.84850835,5.8919,391.2,3.29,146.82,888.0,0.849,43.5,6188.0,4.152,1.465,13.781
K02025.02,CONFIRMED,26.1363443,6.613,362.2,2.8,88.29,782.0,0.187,38.1,6188.0,4.152,1.465,13.781
K02025.03,CONFIRMED,11.1895709,5.3,143.3,1.81,273.37,1037.0,0.541,19.9,6188.0,4.152,1.465,13.781
K02026.01,CONFIRMED,2.757977384,2.1489,211.0,1.69,744.97,1332.0,0.875,22.5,5919.0,4.435,1.0,13.263
K00218.01,FALSE POSITIVE,18.692860599,3.88584,51256.5,14.81,18.4,528.0,0.116,1281.9,5190.0,4.66,0.66,16.147
K01814.01,CONFIRMED,14.80075082,5.762,501.4,17.38,3158.09,1912.0,0.367,54.0,6327.0,3.092,7.663,12.538
K01815.01,CONFIRMED,3.126861192,1.1926,794.6,5.12,886.72,1391.0,0.603,94.6,4854.0,3.939,1.749,13.884
K00198.01,FALSE POSITIVE,87.24250316,4.1206,17860.5,15.86,5.49,390.0,0.884,335.2,5671.0,4.501,0.955,14.288
K01816.01,CANDIDATE,10.240611361,0.9617,2958.0,3.9,43.85,656.0,0.786,72.0,5227.0,4.623,0.64,15.408
K01818.01,CONFIRMED,16.87725775,3.7917,818.4,2.54,40.09,642.0,0.516,43.1,5497.0,4.512,0.872,14.101
K01819.01,CONFIRMED,12.05705659,2.3462,523.9,1.96,53.26,689.0,0.548,20.8,5365.0,4.537,0.834,13.576
K01881.01,CONFIRMED,28.26727385,4.5839,1160.2,2.93,16.84,517.0,0.01,42.1,5132.0,4.457,0.886,14.907
K01882.01,CONFIRMED,3.770590654,2.029,314.4,2.13,619.65,1272.0,0.24,37.1,5714.0,4.274,1.208,14.668
K01883.01,CONFIRMED,2.7073064,3.4378,69.5,1.36,2012.12,1709.0,0.007,31.7,6045.0,4.069,1.629,11.894
K01884.01,CANDIDATE,23.11707222,3.9948,2407.5,4.37,21.26,548.0,0.807,61.2,5275.0,4.505,0.796,15.462
K01884.02,CANDIDATE,4.77502117,1.7087,451.4,1.73,174.23,926.0,0.518,16.7,5275.0,4.505,0.796,15.462
K01950.01,CONFIRMED,66.4159789,7.061,2053.2,3.44,4.71,376.0,0.371,33.6,5383.0,4.603,0.759,15.983
K01952.01,CONFIRMED,8.0103929,4.2713,294.1,1.88,184.38,940.0,0.045,34.6,5616.0,4.327,1.111,14.601
K00212.01,CANDIDATE,5.69590202,3.5661,4921.1,6.61,279.61,1043.0,0.049,391.2,6106.0,4.497,0.94,14.858
K01952.02,CONFIRMED,27.6666375,6.315,324.0,2.04,35.27,622.0,0.519,24.4,5616.0,4.327,1.111,14.601
K01952.03,CONFIRMED,5.19559398,3.748,116.0,1.18,327.78,1085.0,0.054,16.0,5616.0,4.327,1.111,14.601
K02028.01,CONFIRMED,57.2488518,6.083,1455.6,3.19,8.17,431.0,0.022,29.8,5642.0,4.542,0.846,15.99
K02028.02,CONFIRMED,37.0551726,5.439,1028.8,3.19,14.59,498.0,0.884,23.2,5642.0,4.542,0.846,15.99
K02029.01,CONFIRMED,16.33269981,2.174,300.4,1.61,28.76,591.0,0.893,17.5,5208.0,4.563,0.772,12.957
K02029.02,CONFIRMED,10.05550267,2.951,147.7,0.92,54.96,694.0,0.061,13.6,5208.0,4.563,0.772,12.957
K02031.01,CONFIRMED,9.30413878,1.9254,637.3,1.67,27.35,583.0,0.488,24.2,4458.0,4.611,0.658,14.796
K01820.01,CONFIRMED,4.33722007,2.4973,358.5,1.63,231.86,996.0,0.053,47.9,5390.0,4.499,0.876,13.53
K01820.02,CONFIRMED,1.653889476,1.7242,124.4,0.97,838.03,1373.0,0.226,22.3,5390.0,4.499,0.876,13.53
K01822.01,CONFIRMED,150.8783198,8.6797,659.9,4.37,7.56,423.0,0.022,70.6,5504.0,3.999,1.737,12.443
K01824.01,CONFIRMED,3.553831111,3.1029,191.8,1.62,658.37,1292.0,0.74,77.4,6015.0,4.37,1.081,12.722
K01824.02,CONFIRMED,1.6783263,2.5123,146.3,1.57,1797.15,1659.0,0.91,76.1,6015.0,4.37,1.081,12.722
K01885.01,CONFIRMED,5.65378163,1.9483,366.8,1.82,256.14,1020.0,0.439,37.8,5988.0,4.507,0.934,14.377
K01886.01,CONFIRMED,5.99185827,1.7215,186.3,2.75,796.76,1355.0,0.905,32.1,6157.0,4.049,1.695,12.239
K01888.01,CONFIRMED,120.0183551,11.637,886.0,4.54,11.84,473.0,0.58,46.1,6469.0,4.253,1.467,13.256
K01889.01,CONFIRMED,14.30517579,4.535,863.4,3.05,54.59,693.0,0.924,37.5,5741.0,4.555,0.846,15.338
K01889.02,CONFIRMED,9.18189122,4.343,363.6,2.17,98.61,804.0,0.971,18.2,5741.0,4.555,0.846,15.338
K02248.04,CANDIDATE,2.64622742,1.407,155.5,0.99,324.38,1082.0,0.478,8.4,5167.0,4.555,0.787,15.498
K02250.01,CONFIRMED,2.935362067,1.5043,1052.6,3.15,258.48,1022.0,0.86,38.0,4922.0,4.505,0.823,15.622
K02252.01,CONFIRMED,13.53953595,4.389,134.2,2.32,320.19,1079.0,0.219,21.8,6109.0,3.985,1.997,13.628
K02253.01,CONFIRMED,22.7082375,3.503,298.8,1.72,49.67,677.0,0.032,22.0,6170.0,4.472,0.992,14.574
K02255.01,CONFIRMED,7.97033985,2.6675,490.8,1.81,116.77,839.0,0.107,23.5,5774.0,4.567,0.818,15.833
K02336.01,FALSE POSITIVE,5.33459393,2.642,226.3,0.79,36.55,627.0,0.158,14.7,4275.0,4.704,0.533,14.853
K02337.01,CONFIRMED,8.49640437,2.2128,834.0,2.14,57.43,702.0,0.628,21.8,5093.0,4.586,0.709,15.888
K02338.01,CONFIRMED,66.1843646,5.155,560.5,2.72,8.57,436.0,0.877,21.3,5640.0,4.447,0.978,14.862
K02339.01,CONFIRMED,2.032318856,1.1596,287.5,1.12,247.21,1011.0,0.009,20.4,4670.0,4.635,0.682,15.13
K02339.02,CANDIDATE,65.18703725,5.44,,,,,,,,,,15.13
K00239.02,CONFIRMED,3.62275506,2.7868,180.6,1.62,683.84,1304.0,0.007,22.3,5794.0,4.282,1.216,14.762
K02101.01,CONFIRMED,2.892216772,1.3596,360.5,1.31,93.66,794.0,0.806,23.9,4229.0,4.655,0.615,15.068
K02102.01,CONFIRMED,187.746606,5.885,1583.0,2.95,1.2,267.0,0.015,20.2,5303.0,4.55,0.753,15.206
K02103.01,CONFIRMED,2.543063763,2.8473,152.0,1.26,716.3,1319.0,0.215,26.5,5579.0,4.389,1.029,14.736
K00223.01,CONFIRMED,3.177414601,1.5262,1134.3,2.65,233.26,997.0,0.786,113.7,5303.0,4.63,0.708,14.708
K02104.01,CONFIRMED,2.168451063,1.458,466.9,2.41,1389.18,1558.0,0.207,45.5,6153.0,4.382,1.109,15.141
K02173.01,CONFIRMED,37.8154157,4.662,286.4,1.21,6.09,401.0,0.533,22.4,4856.0,4.624,0.705,12.879
K02173.02,CONFIRMED,53.5783052,5.194,224.9,1.16,3.82,357.0,0.769,15.4,4856.0,4.624,0.705,12.879
K02174.01,CANDIDATE,6.69332825,2.311,781.8,2.44,32.54,609.0,0.952,23.4,4245.0,4.641,0.637,15.673
K02174.02,CONFIRMED,33.1362861,4.163,825.2,2.05,3.86,357.0,0.791,16.3,4245.0,4.641,0.637,15.673
K02174.03,CONFIRMED,7.72513619,2.042,382.2,1.71,26.91,581.0,0.954,10.5,4245.0,4.641,0.637,15.673
K02256.01,CONFIRMED,10.71253475,2.7186,1198.6,2.02,13.09,485.0,0.72,31.2,4175.0,4.715,0.544,15.813
K02257.01,CONFIRMED,32.5635249,5.418,578.3,2.05,13.63,490.0,0.371,24.1,5225.0,4.505,0.859,15.48
K02259.01,CONFIRMED,12.19140405,1.8832,665.8,2.46,80.01,763.0,0.091,19.4,5516.0,4.399,0.967,15.364
K02260.01,CONFIRMED,6.11784972,3.458,60.5,1.05,509.24,1211.0,0.391,25.8,6226.0,4.247,1.333,12.168
K02261.01,CONFIRMED,3.97599629,2.2029,206.0,1.11,181.47,936.0,0.331,27.3,5143.0,4.561,0.778,14.11
K02340.01,CONFIRMED,7.68478504,2.447,274.1,1.47,112.06,830.0,0.045,21.4,5344.0,4.469,0.907,14.776
K02341.01,FALSE POSITIVE,0.990516282,2.019,101.6,3.52,15469.83,2841.0,0.989,20.4,5975.0,3.755,2.399,13.405
K02342.01,CONFIRMED,15.0447098,5.823,97.9,1.51,177.24,931.0,0.022,23.4,5798.0,4.025,1.525,13.037
K02343.01,CANDIDATE,29.0726293,2.516,439.6,2.32,33.69,614.0,0.682,20.9,5799.0,4.37,1.042,14.409
K02344.01,CONFIRMED,1.118547814,1.5534,234.8,0.98,447.97,1174.0,0.221,21.7,4496.0,4.65,0.658,15.793
K02105.01,CONFIRMED,6.42199919,2.6192,161.6,1.25,236.21,1000.0,0.281,25.4,5985.0,4.468,0.981,13.862
K02106.01,CONFIRMED,9.75374033,2.348,430.8,1.87,103.3,813.0,0.295,18.9,5806.0,4.528,0.899,15.158
K02107.01,CONFIRMED,81.3153052,5.807,715.5,2.55,5.64,393.0,0.013,20.7,5325.0,4.39,0.975,15.111
K02108.01,CONFIRMED,51.3283527,9.357,692.3,3.06,21.06,546.0,0.582,34.7,6119.0,4.353,1.119,14.955
K02109.01,CONFIRMED,19.7919389,3.787,383.7,2.58,69.48,736.0,0.954,22.8,6285.0,4.441,1.039,14.09
K02175.01,CONFIRMED,26.8475962,10.068,254.1,3.2,96.89,800.0,0.457,39.2,5508.0,3.897,1.988,12.848
K02177.01,CONFIRMED,62.8917493,6.831,791.0,2.5,5.13,384.0,0.632,22.6,5052.0,4.48,0.855,15.481
K02179.01,CONFIRMED,14.87149773,2.4076,944.9,1.59,5.51,391.0,0.018,27.3,3825.0,4.749,0.524,15.673
K02179.02,CONFIRMED,2.732767897,1.1102,613.1,1.42,52.68,687.0,0.748,27.0,3825.0,4.749,0.524,15.673
K00231.01,FALSE POSITIVE,119.8401019,3.6796,5448.7,26.96,1.0,255.0,1.269,83.7,4602.0,4.637,0.675,14.945
K00234.01,CONFIRMED,9.61375316,4.654,797.9,3.27,177.26,931.0,0.604,108.6,5997.0,4.364,1.11,14.283
K02261.02,CANDIDATE,6.6254781,2.358,122.0,0.9,111.18,828.0,0.2113,2.7,5211.0,4.5,0.832,14.11
K02263.01,CONFIRMED,29.9685917,6.678,309.5,1.91,40.76,644.0,0.282,26.5,6249.0,4.428,1.076,14.456
K02264.01,CONFIRMED,33.2407985,4.675,341.9,1.51,13.17,486.0,0.231,20.4,5382.0,4.571,0.827,14.477
K02265.01,FALSE POSITIVE,2.97600846,4.274,103.2,2.27,3034.68,1892.0,0.715,25.9,6208.0,3.898,2.088,13.4
K02345.01,CONFIRMED,15.18727049,4.509,292.5,1.94,91.56,789.0,0.839,21.4,6136.0,4.414,1.005,14.724
K02346.01,CONFIRMED,28.6853212,6.307,689.1,2.69,21.09,547.0,0.922,23.8,5726.0,4.559,0.838,15.658
K02347.01,CONFIRMED,0.588001053,1.1451,297.4,0.99,473.45,1188.0,0.403,50.9,3814.0,4.687,0.57,14.934
K02348.01,CONFIRMED,85.7357202,7.625,747.7,2.94,9.54,448.0,0.033,20.8,6096.0,4.397,1.077,15.301
K02350.01,CONFIRMED,1.078389713,1.3394,300.5,1.98,1817.38,1667.0,0.846,23.6,5325.0,4.384,0.985,15.143
K02110.01,CONFIRMED,5.03728033,2.0619,76.3,1.55,720.22,1321.0,0.96,20.9,6387.0,4.271,1.381,12.189
K02111.01,CONFIRMED,3.289726319,2.3274,234.9,1.37,367.18,1116.0,0.052,27.0,5463.0,4.492,0.91,14.866
K02111.02,CONFIRMED,7.18644594,1.4972,402.0,2.19,129.48,860.0,0.892,23.8,5463.0,4.492,0.91,14.866
K02113.01,CONFIRMED,15.94248453,3.4894,1093.7,2.62,34.06,616.0,0.022,34.3,5376.0,4.576,0.806,15.886
K00223.02,CONFIRMED,41.0081117,4.376,1004.5,2.64,7.72,425.0,0.878,43.9,5303.0,4.63,0.708,14.708
K02180.01,CONFIRMED,11.55562042,1.6758,441.5,2.11,57.75,703.0,0.874,22.7,5420.0,4.555,0.85,14.816
K02181.01,CONFIRMED,12.2885046,2.807,342.1,3.22,164.61,913.0,0.632,12.0,5109.0,3.96,1.671,14.414
K02182.01,CONFIRMED,17.13263125,3.0555,850.2,2.31,32.91,611.0,0.298,26.4,5477.0,4.578,0.794,15.842
K02183.01,CONFIRMED,19.0231361,3.431,401.6,2.04,41.5,647.0,0.698,19.7,5569.0,4.459,0.954,15.198
K02183.02,CONFIRMED,4.57948235,3.106,207.1,1.35,276.82,1040.0,0.055,20.0,5569.0,4.459,0.954,15.198
K02266.01,CONFIRMED,1.003931703,1.4361,491.1,1.6,962.58,1419.0,0.023,25.2,4949.0,4.552,0.741,15.942
K02269.01,FALSE POSITIVE,0.614083885,0.9817,389.5,2.55,10827.22,2603.0,0.106,36.4,6521.0,4.352,1.276,15.177
K02271.01,CONFIRMED,55.8224775,5.457,879.6,2.13,4.85,379.0,0.031,23.7,5162.0,4.611,0.736,15.624
K02272.01,CANDIDATE,1.34145255,7.502,26.6,1.31,19568.74,3015.0,0.68,31.2,7495.0,3.926,2.389,12.783
K02273.01,CONFIRMED,6.11010439,2.314,59.7,0.93,378.84,1125.0,0.284,11.8,6213.0,4.387,1.195,12.716
K00240.01,CONFIRMED,4.286866229,4.4726,1321.9,4.14,517.66,1217.0,0.757,167.3,6228.0,4.441,1.049,14.982
K02351.01,CONFIRMED,10.27380957,3.252,352.8,1.68,96.27,799.0,0.125,19.2,5806.0,4.528,0.899,14.909
K02352.01,CONFIRMED,13.39155154,3.391,48.9,1.58,459.23,1180.0,0.539,24.5,6197.0,3.837,2.188,10.421
K02352.02,CONFIRMED,5.62904396,3.7295,39.5,1.39,1459.41,1576.0,0.237,32.2,6197.0,3.837,2.188,10.421
K02352.03,CONFIRMED,8.2562857,2.0378,37.3,1.49,874.56,1387.0,0.816,18.2,6197.0,3.837,2.188,10.421
K02113.02,CONFIRMED,12.33087921,3.0664,872.2,2.34,47.99,671.0,0.011,28.3,5376.0,4.576,0.806,15.886
K02114.01,CONFIRMED,4.421566535,2.1229,684.0,2.19,66.94,729.0,0.869,31.9,4299.0,4.604,0.697,15.18
K02115.01,CONFIRMED,15.72585941,3.8284,1313.1,2.69,31.13,602.0,0.122,32.7,5332.0,4.597,0.755,16.144
K02116.01,CONFIRMED,1.252753881,2.1472,200.0,2.44,5545.35,2199.0,0.4,40.5,5907.0,4.041,1.705,14.69
K02117.01,CONFIRMED,13.36019864,2.788,699.9,1.84,17.3,520.0,0.534,21.3,4500.0,4.638,0.688,15.637
K02185.01,CONFIRMED,76.957056,9.551,367.1,2.09,9.81,451.0,0.638,26.5,5878.0,4.363,1.041,14.353
K02186.01,CANDIDATE,14.97974335,4.126,1211.8,3.79,34.95,620.0,0.93,33.2,5062.0,4.481,0.853,15.549
K02188.02,CANDIDATE,6.7445683,3.813,86.6,0.86,220.68,983.0,0.1199,6.8,6106.0,4.496,0.923,15.319
K02189.01,CANDIDATE,33.35859852,2.286,1825.9,4.44,10.46,459.0,0.937,32.2,5009.0,4.515,0.799,15.253
K02191.01,CONFIRMED,8.84784273,2.0572,460.2,1.15,12.48,479.0,0.047,21.1,3867.0,4.718,0.552,14.911
K02274.01,CONFIRMED,9.98970266,3.7,988.4,2.48,58.26,705.0,0.005,24.1,5265.0,4.58,0.81,15.909
K00235.01,CONFIRMED,5.63252508,2.1448,634.4,2.04,119.75,844.0,0.455,70.9,5216.0,4.58,0.804,14.353
K02276.01,CONFIRMED,1.442592305,2.9698,166.0,2.67,12557.23,2700.0,0.207,27.1,7216.0,3.983,2.043,11.558
K02278.01,CONFIRMED,14.17222858,2.6297,246.8,2.39,137.33,873.0,0.869,24.5,5845.0,4.2,1.314,13.776
K02278.02,CONFIRMED,4.92031063,4.046,81.0,1.18,562.99,1242.0,0.242,17.7,5845.0,4.2,1.314,13.776
K02358.01,CONFIRMED,56.4931698,8.704,411.9,4.43,50.79,681.0,0.707,31.8,6160.0,3.976,2.046,13.524
K00241.01,CONFIRMED,13.82142084,3.985,765.2,2.2,23.15,560.0,0.904,75.3,4983.0,4.66,0.651,14.139
K02360.01,FALSE POSITIVE,2.30367952,3.0898,136.4,1.3,866.21,1384.0,0.964,18.9,6191.0,4.546,0.865,15.206
K02361.01,CONFIRMED,5.78387049,1.3966,413.3,2.07,288.69,1051.0,0.227,20.7,6063.0,4.476,1.012,15.049
K02362.02,CONFIRMED,11.08507658,1.751,771.8,2.5,46.17,665.0,0.819,17.7,5080.0,4.538,0.793,15.938
K02119.01,CONFIRMED,0.571038347,1.1267,242.1,1.65,3069.59,1897.0,0.876,38.2,5132.0,4.457,0.886,14.098
K02120.01,CONFIRMED,8.77425786,2.2245,239.6,1.75,83.63,771.0,0.917,22.3,5146.0,4.445,0.905,13.714
K02121.01,CONFIRMED,4.51005082,2.1533,294.8,1.74,301.74,1063.0,0.115,21.5,5362.0,4.352,1.032,14.979
K02122.01,CONFIRMED,37.6468519,6.344,427.4,5.37,90.85,787.0,0.008,31.0,5443.0,3.74,2.652,14.288
K02123.01,CONFIRMED,29.4557841,3.451,533.8,2.19,30.3,598.0,0.018,26.6,6036.0,4.491,0.949,14.385
K00232.01,CONFIRMED,12.466004437,5.0066,2232.1,5.65,152.76,897.0,0.209,304.6,6038.0,4.284,1.191,14.247
K02193.01,CONFIRMED,2.361724472,1.2167,587.0,1.53,170.59,922.0,0.009,34.6,4478.0,4.615,0.651,15.658
K02194.01,CONFIRMED,34.7630543,4.309,293.7,1.75,22.23,554.0,0.731,24.0,5670.0,4.387,0.95,13.865
K02195.01,CONFIRMED,20.0545282,7.173,305.4,2.63,76.97,755.0,0.939,26.9,6056.0,4.332,1.209,14.881
K02200.01,CONFIRMED,3.17059731,1.6686,325.4,1.69,321.28,1080.0,0.793,20.1,5431.0,4.563,0.843,15.353
K02279.01,CONFIRMED,27.0142622,5.385,287.6,2.0,49.65,677.0,0.009,25.5,5949.0,4.303,1.184,13.86
K02279.02,CONFIRMED,12.50945798,3.479,155.3,1.54,138.54,875.0,0.626,16.0,5949.0,4.303,1.184,13.86
K02280.01,CONFIRMED,26.0203329,4.965,1164.4,4.53,49.09,675.0,0.704,23.7,5624.0,4.218,1.244,15.889
K02281.01,CONFIRMED,0.769854899,1.0243,109.6,0.93,1756.8,1650.0,0.705,28.7,5173.0,4.55,0.822,13.829
K02282.01,CONFIRMED,6.89226333,2.4921,214.4,2.13,422.14,1156.0,0.061,22.4,5862.0,4.148,1.463,14.207
K02368.01,CONFIRMED,8.07127043,2.393,318.2,1.53,126.94,856.0,0.271,16.9,5766.0,4.517,0.853,15.553
K02369.01,CONFIRMED,11.01819178,4.635,545.7,2.64,117.97,840.0,0.883,22.0,6075.0,4.486,0.969,15.832
K00241.02,CONFIRMED,30.9505927,5.394,301.4,1.51,7.91,428.0,0.958,23.2,4983.0,4.66,0.651,14.139
K02369.02,CANDIDATE,6.3143447,2.796,191.4,1.34,247.53,1012.0,0.0584,6.4,6075.0,4.486,0.969,15.832
K02370.01,CANDIDATE,78.7327023,5.041,495.8,7.76,79.13,761.0,0.956,19.1,6715.0,3.754,2.763,13.003
K00224.01,FALSE POSITIVE,3.979867514,2.3607,907.6,26.5,446.89,1173.0,1.216,65.2,6032.0,4.485,0.973,14.782
K02124.01,CANDIDATE,42.3375799,4.924,354.8,1.45,2.21,311.0,0.947,18.1,4132.0,4.682,0.581,14.275
K02125.01,CONFIRMED,23.3593589,5.389,570.1,2.98,51.68,684.0,0.94,25.9,6244.0,4.46,1.009,15.347
K02126.01,CONFIRMED,9.69310837,2.734,1130.7,2.12,32.4,609.0,0.534,30.4,4818.0,4.639,0.618,15.914
K02128.01,FALSE POSITIVE,24.2598301,3.897,1540.3,25.42,21.13,547.0,1.244,26.3,5485.0,4.574,0.805,15.962
K02201.01,FALSE POSITIVE,116.5214317,5.577,771.5,44.41,10.33,457.0,1.26,25.0,6056.0,4.179,1.411,13.806
K02202.01,CONFIRMED,0.813166357,1.4122,173.5,1.14,1945.44,1693.0,0.06,34.8,5237.0,4.5,0.887,14.113
K02204.01,CONFIRMED,10.86062378,2.2874,189.6,2.09,356.24,1108.0,0.261,20.7,6455.0,4.125,1.496,13.957
K02205.01,CONFIRMED,24.08632177,2.236,1041.7,2.78,14.78,500.0,0.802,18.0,4973.0,4.537,0.768,15.464
K02206.01,CANDIDATE,1.834277283,1.7499,286.5,1.64,1068.36,1459.0,0.381,24.8,5751.0,4.458,0.958,15.198
K02283.01,FALSE POSITIVE,17.40208965,3.745,616.5,16.37,7.49,422.0,1.216,20.9,4098.0,4.662,0.615,15.245
K02285.01,CONFIRMED,37.9456138,4.093,1032.9,2.79,16.61,515.0,0.263,24.0,5861.0,4.546,0.865,15.939
K00027.01,FALSE POSITIVE,1.141877248,4.33931,309490.0,88.62,5358.79,2184.0,0.598,2036.3,6158.0,4.152,1.368,13.418
K00236.01,FALSE POSITIVE,5.77675928,6.789,3522.5,32.77,195.79,954.0,1.272,141.4,5544.0,4.435,0.875,14.572
K02286.01,CONFIRMED,24.1738244,3.056,532.6,2.21,29.69,595.0,0.251,21.5,5468.0,4.427,0.968,15.056
K02353.01,CONFIRMED,5.186737262,0.8023,712.7,2.4,129.37,860.0,0.825,25.7,5230.0,4.594,0.777,14.988
K02354.01,CANDIDATE,1.151244686,1.272,269.6,40.32,2253.09,1756.0,1.387,32.6,6086.0,4.511,0.921,14.519
K02355.01,CONFIRMED,1.217000383,1.3285,459.8,1.58,707.61,1314.0,0.028,26.5,4859.0,4.545,0.757,15.975
K02356.01,CONFIRMED,13.6823798,4.153,179.6,1.43,97.74,802.0,0.595,17.0,6102.0,4.457,1.026,14.5
K02357.01,CANDIDATE,2.42088277,2.812,223.3,2.27,1615.12,1616.0,0.227,20.7,5583.0,4.077,1.53,15.61
K02129.01,CONFIRMED,8.79618433,3.3781,286.3,1.77,183.26,938.0,0.05,27.0,6142.0,4.456,1.046,15.159
K02130.01,CONFIRMED,16.85592593,2.309,871.5,1.7,6.52,408.0,0.038,19.5,3967.0,4.674,0.587,15.661
K02131.01,CONFIRMED,14.36270451,4.564,349.4,2.31,167.88,918.0,0.272,26.8,6643.0,4.357,1.216,14.612
K02132.01,CONFIRMED,69.8956789,5.276,548.4,3.04,8.99,442.0,0.872,21.9,5390.0,4.303,1.104,14.552
K02133.01,CONFIRMED,6.24667547,11.261,396.8,14.93,3095.83,1902.0,0.877,63.6,4604.0,2.936,6.221,12.495
K02208.01,CONFIRMED,2.344512589,1.4116,58.9,0.97,1106.25,1471.0,0.803,21.9,5821.0,4.328,1.132,12.589
K00232.02,CONFIRMED,5.766165573,3.8314,364.8,2.27,426.48,1159.0,0.017,65.6,6038.0,4.284,1.191,14.247
K02209.01,CONFIRMED,18.3027235,8.262,186.7,2.72,156.71,902.0,0.742,24.7,5528.0,3.892,1.839,14.31
K02210.01,CONFIRMED,2.888904439,1.6043,402.2,1.68,215.06,976.0,0.77,23.7,4895.0,4.589,0.759,15.195
K02212.01,CONFIRMED,17.14648756,4.2354,440.3,3.64,102.24,811.0,0.918,28.3,5559.0,4.127,1.412,14.941
K02287.01,CONFIRMED,16.09227518,2.1072,128.5,0.98,15.15,503.0,0.932,18.1,4657.0,4.641,0.67,12.485
K02288.01,CANDIDATE,38.103908,3.837,961.1,4.08,10.22,456.0,0.987,20.3,5250.0,4.522,0.771,15.469
K02289.01,CONFIRMED,62.7843981,4.81,325.0,2.28,18.7,530.0,0.272,21.1,6053.0,4.279,1.26,13.358
K02290.01,CONFIRMED,91.500873,4.842,704.8,1.82,2.18,310.0,0.032,22.6,5051.0,4.628,0.706,14.447
K02291.01,CONFIRMED,44.2993483,4.298,797.9,2.68,10.85,463.0,0.614,23.2,5316.0,4.459,0.915,15.115
K02363.01,CONFIRMED,3.13877646,1.6663,174.1,0.97,257.32,1022.0,0.436,20.2,5242.0,4.556,0.722,14.364
K02364.01,CANDIDATE,5.24242029,6.413,334.9,3.86,825.0,1367.0,0.863,20.1,5383.0,3.824,1.829,15.83
K02365.01,CONFIRMED,35.9682692,2.839,269.7,2.95,48.68,674.0,0.883,21.0,5883.0,4.149,1.529,13.848
K02366.01,CONFIRMED,25.3690868,4.746,110.1,1.67,76.9,755.0,0.845,21.6,6126.0,4.224,1.406,12.476
K02367.01,CONFIRMED,6.89213244,1.725,82.0,1.35,454.45,1177.0,0.541,17.3,6164.0,4.227,1.446,12.618
K02134.01,CONFIRMED,42.3006282,4.372,507.9,2.54,22.94,558.0,0.269,23.8,5852.0,4.353,1.129,14.766
K00225.01,FALSE POSITIVE,0.838597429,1.68668,2482.1,44.67,6353.25,2278.0,1.274,303.7,6366.0,4.352,1.236,14.784
K02135.01,CONFIRMED,55.1866213,9.133,375.5,2.47,24.56,568.0,0.225,36.2,6178.0,4.269,1.267,13.573
K02136.01,FALSE POSITIVE,1.728528176,3.682,197.6,5.07,12977.86,2720.0,0.787,26.2,6153.0,3.597,3.279,12.99
K02137.01,CONFIRMED,14.97436238,2.4461,265.4,1.28,37.53,631.0,0.092,24.9,5311.0,4.532,0.8,13.747
K02213.01,CONFIRMED,3.97076603,1.814,349.2,1.6,198.43,958.0,0.775,23.9,5178.0,4.521,0.778,15.443
K02214.01,CONFIRMED,2.352273912,1.7389,318.6,1.29,255.03,1019.0,0.095,20.4,4816.0,4.608,0.748,15.848
K02215.01,FALSE POSITIVE,22.0425953,61.2018,348.0,28.78,78.85,760.0,1.191,90.4,5974.0,4.216,1.26,12.999
K02216.01,CONFIRMED,23.34036251,2.054,615.1,2.21,30.94,601.0,0.25,18.2,5530.0,4.425,0.892,15.23
K02217.01,CANDIDATE,37.8034121,4.641,678.1,2.95,10.57,460.0,0.968,20.2,5329.0,4.572,0.819,15.191
K02293.01,CONFIRMED,15.03366411,3.272,374.9,1.7,47.32,669.0,0.01,22.2,5523.0,4.526,0.891,14.837
K02294.01,CANDIDATE,131.485184,5.294,557.8,3.03,6.08,400.0,0.578,19.4,5765.0,4.236,1.242,14.895
K02295.01,CANDIDATE,16.2908527,3.176,44.1,0.52,35.48,622.0,0.105,14.5,5425.0,4.549,0.797,11.671
K02296.01,CONFIRMED,106.247882,13.78,397.4,2.01,4.75,377.0,0.586,24.0,5679.0,4.435,0.972,14.552
K00237.01,CONFIRMED,8.508333104,3.4559,646.5,2.6,161.66,909.0,0.004,93.4,5767.0,4.396,1.03,14.176
K02371.01,CONFIRMED,12.94123564,4.636,328.8,1.7,94.29,795.0,0.028,22.1,6119.0,4.497,0.938,15.012
K02372.01,CONFIRMED,5.349791,4.279,88.8,1.29,422.79,1156.0,0.867,23.3,6074.0,4.368,1.183,13.386
K02373.01,CANDIDATE,147.281212,7.375,452.8,2.28,3.69,353.0,0.474,17.3,5708.0,4.365,1.054,14.685
K02374.01,CONFIRMED,5.26211833,3.244,194.5,1.95,436.61,1166.0,0.71,20.3,5587.0,4.188,1.309,14.623
K02374.02,CONFIRMED,12.1628195,2.3161,306.3,3.14,142.77,882.0,0.971,15.2,5587.0,4.188,1.309,14.623
K02138.01,CONFIRMED,23.5541012,7.3,95.2,2.33,859.63,1381.0,0.536,29.9,9565.0,4.088,2.286,11.98
K02140.01,CONFIRMED,41.6977582,5.513,684.8,2.26,13.45,488.0,0.018,27.7,5730.0,4.545,0.87,15.265
K02143.01,CONFIRMED,4.79029482,2.7219,142.0,1.01,183.02,938.0,0.46,23.1,5412.0,4.562,0.843,14.102
K02144.01,CONFIRMED,38.6715843,5.532,599.3,2.45,15.03,502.0,0.773,25.2,5432.0,4.42,0.913,14.94
K02145.01,CONFIRMED,8.32651854,5.483,267.9,1.8,182.69,938.0,0.782,27.2,6057.0,4.45,1.0,15.06
K02218.01,CONFIRMED,5.53533152,2.793,260.6,1.75,292.33,1054.0,0.051,27.5,5588.0,4.331,1.1,14.514
K02218.02,CONFIRMED,16.7261969,2.708,194.9,1.56,66.83,729.0,0.496,11.6,5588.0,4.331,1.1,14.514
K00232.03,CONFIRMED,21.58752788,4.4968,336.8,2.18,73.42,747.0,0.009,34.0,6038.0,4.284,1.191,14.247
K02219.01,CONFIRMED,3.757294695,0.9269,273.3,1.23,139.89,877.0,0.586,23.4,4901.0,4.618,0.716,14.099
K02220.01,CONFIRMED,3.2828024,3.2532,142.5,1.79,1093.39,1467.0,0.159,24.4,5640.0,4.087,1.515,14.686
K02297.01,CONFIRMED,4.64495172,3.366,147.4,1.38,504.23,1209.0,0.301,19.8,6047.0,4.343,1.129,14.338
K02298.01,CANDIDATE,16.6671415,3.526,175.0,0.7,11.47,469.0,0.444,17.9,4729.0,4.726,0.525,13.831
K02299.01,CONFIRMED,16.48686712,1.431,987.9,27.45,78.99,760.0,1.198,22.1,6090.0,4.447,1.071,15.315
K02300.01,CONFIRMED,2.685054445,1.0473,252.7,1.46,395.08,1137.0,0.762,28.9,5266.0,4.484,0.829,14.077
K02302.01,CONFIRMED,16.8600805,5.557,273.4,1.71,80.9,765.0,0.682,22.4,6205.0,4.419,0.973,14.989
K02072.01,CONFIRMED,1.54320541,2.5779,91.2,1.23,2636.85,1827.0,0.217,35.2,5866.0,4.2,1.282,13.38
K02073.01,CONFIRMED,49.5004725,5.772,965.2,2.49,6.2,402.0,0.162,27.8,4954.0,4.5,0.828,15.565
K02073.02,CONFIRMED,6.47539108,2.7048,530.6,1.92,93.41,793.0,0.486,28.1,4954.0,4.5,0.828,15.565
K02073.03,CONFIRMED,16.85825609,2.0728,759.6,2.51,26.05,576.0,0.763,21.8,4954.0,4.5,0.828,15.565
K00025.01,FALSE POSITIVE,3.132604547,3.6337,9969.2,48.73,1028.81,1444.0,1.251,222.3,6248.0,4.328,1.181,13.499
K02146.01,CONFIRMED,2.949029106,2.0311,358.3,1.48,263.92,1027.0,0.044,29.3,4983.0,4.512,0.807,15.333
K02147.01,CONFIRMED,37.8658964,4.782,395.2,2.01,20.61,543.0,0.18,25.9,5757.0,4.431,1.017,14.5
K00226.01,CONFIRMED,8.30865307,3.2747,836.1,2.42,73.53,747.0,0.333,74.3,5022.0,4.485,0.849,14.817
K02148.01,CONFIRMED,11.93205399,6.205,178.5,1.83,158.22,905.0,0.123,32.3,5711.0,4.221,1.391,13.353
K02148.02,CONFIRMED,7.54235832,4.73,132.5,1.59,292.19,1054.0,0.318,25.8,5711.0,4.221,1.391,13.353
K02220.02,CONFIRMED,5.02818253,3.526,181.3,2.03,620.0,1272.0,0.3,26.1,5640.0,4.087,1.515,14.686
K02220.03,CONFIRMED,1.897828815,2.7114,132.4,1.73,2278.95,1761.0,0.227,27.2,5640.0,4.087,1.515,14.686
K02221.01,CONFIRMED,10.62788695,4.576,326.7,1.87,136.34,872.0,0.473,22.6,6082.0,4.445,1.014,15.401
K02222.01,CANDIDATE,34.135676,9.12,622.0,13.98,1281.86,1526.0,0.087,8.6,7818.0,3.365,5.555,12.963
K02223.01,CONFIRMED,1.104462494,1.0458,469.1,1.6,898.79,1397.0,0.151,35.3,5002.0,4.543,0.753,15.277
K02303.01,CONFIRMED,4.89336495,3.485,138.3,1.6,842.45,1374.0,0.218,15.9,6688.0,4.304,1.347,13.827
K02304.01,CONFIRMED,11.17392077,3.307,324.8,1.64,94.84,796.0,0.025,21.4,5911.0,4.519,0.914,15.356
K02305.01,CONFIRMED,31.0325991,3.476,737.4,2.64,23.41,561.0,0.611,17.6,5841.0,4.52,0.931,15.728
K02306.01,FALSE POSITIVE,0.512407185,1.0579,329.2,1.03,583.45,1255.0,0.301,46.1,3862.0,4.69,0.563,14.78
K02307.01,FALSE POSITIVE,4.150297119,1.2058,593.4,3.03,218.44,981.0,0.971,24.2,5290.0,4.519,0.858,14.854
K00221.02,CONFIRMED,5.89661966,3.154,144.0,1.28,237.1,1000.0,0.039,15.3,5392.0,4.314,1.087,14.622
K02074.01,CONFIRMED,33.4178173,4.645,1166.8,3.13,9.56,448.0,0.913,28.4,5136.0,4.607,0.744,15.824
K02075.01,CONFIRMED,2.053341891,2.596,65.5,1.44,2154.14,1737.0,0.966,23.2,6084.0,4.204,1.358,12.217
K02076.01,CONFIRMED,56.7769831,6.864,884.3,3.21,13.74,491.0,0.703,33.6,6063.0,4.476,1.012,15.273
K02078.01,CONFIRMED,18.78429232,3.1136,1009.5,2.14,8.3,433.0,0.658,23.8,4243.0,4.637,0.641,15.561
K02148.03,CONFIRMED,3.61460279,3.227,64.8,1.14,776.7,1347.0,0.516,14.9,5711.0,4.221,1.391,13.353
K02149.01,CONFIRMED,13.15140223,5.439,97.8,1.87,243.84,1008.0,0.872,25.5,6154.0,4.12,1.636,12.071
K02150.01,CONFIRMED,18.5084526,6.596,758.9,29.33,51.32,683.0,1.258,30.1,5942.0,4.506,0.938,15.253
K02151.01,FALSE POSITIVE,7.47763833,2.5693,110.0,2.05,776.56,1346.0,0.012,26.2,5957.0,3.849,1.953,11.539
K02152.01,CONFIRMED,42.1918331,7.083,488.7,2.35,18.08,526.0,0.067,25.7,5520.0,4.339,1.08,15.06
K02224.01,CONFIRMED,3.73090026,2.9095,191.2,1.48,383.51,1128.0,0.822,24.0,5709.0,4.489,0.95,14.966
K02224.02,CANDIDATE,86.130534,3.321,285.2,1.47,5.55,391.0,0.072,3.7,5830.0,4.54,0.876,14.966
K02225.01,CONFIRMED,2.787874175,2.0348,197.4,2.33,993.06,1432.0,0.153,22.2,4827.0,3.942,1.727,14.435
K00232.04,CONFIRMED,37.9962369,6.7751,403.7,2.39,34.55,618.0,0.023,37.8,6038.0,4.284,1.191,14.247
K02226.01,CANDIDATE,8.46354384,1.4078,792.2,2.51,99.37,805.0,0.387,26.1,5427.0,4.495,0.887,15.338
K00238.01,CONFIRMED,17.23232894,4.5568,509.8,2.79,105.47,817.0,0.395,64.1,6086.0,4.274,1.216,14.061
K02308.01,CONFIRMED,28.5057217,6.324,755.8,2.55,22.43,555.0,0.695,20.8,5712.0,4.534,0.87,15.778
K02309.01,CONFIRMED,53.5991459,6.811,523.1,2.49,18.54,529.0,0.658,23.1,6319.0,4.447,1.032,14.953
K02310.01,CONFIRMED,16.4581861,1.9637,435.8,1.82,40.61,644.0,0.108,22.4,5475.0,4.521,0.884,14.64
K02311.01,CANDIDATE,191.86419296,4.9,,,,,,,,,,12.57
K02311.02,CANDIDATE,13.72549689,7.62,,,,,,,,,,12.57
K02312.01,CANDIDATE,176.331289,13.89,109.8,2.38,15.4,505.0,0.2455,8.4,6146.0,3.8,2.251,12.982
K02079.01,CONFIRMED,0.693842661,1.6197,49.3,0.83,5182.78,2161.0,0.195,28.9,5457.0,4.239,1.196,12.953
K02080.01,CONFIRMED,83.4887405,6.21,955.4,2.95,6.76,411.0,0.42,24.7,5910.0,4.505,0.94,15.375
K02080.02,CONFIRMED,34.0607677,2.471,818.9,2.96,22.32,554.0,0.786,20.5,5910.0,4.505,0.94,15.375
K02081.01,CANDIDATE,6.2141496,10.141,183.4,4.27,1216.48,1506.0,0.403,53.4,5295.0,3.617,3.152,13.439
K02082.01,CONFIRMED,31.5888979,3.438,360.6,2.59,51.02,682.0,0.194,27.3,5866.0,4.175,1.367,14.143
K02153.01,CONFIRMED,59.9809868,7.588,282.4,2.81,24.58,568.0,0.918,25.2,6103.0,4.202,1.383,13.66
K02153.02,CONFIRMED,25.7457957,7.073,140.3,1.73,75.97,753.0,0.661,19.3,6103.0,4.202,1.383,13.66
K02154.01,CONFIRMED,11.92979348,6.152,709.3,2.43,83.04,770.0,0.003,27.8,5831.0,4.517,0.921,15.844
K00227.01,CANDIDATE,17.65737838,3.509,2155.7,2.45,3.55,350.0,0.8277,117.2,3745.0,4.784,0.47,14.267
K02155.01,CONFIRMED,4.3394569,2.3652,337.4,2.11,300.07,1061.0,0.821,31.6,5330.0,4.366,1.013,14.822
K02156.01,CONFIRMED,2.852348262,0.7051,1402.9,1.66,34.95,621.0,0.295,33.3,3731.0,4.83,0.433,15.959
K02227.01,CONFIRMED,65.6480892,5.746,588.7,3.93,13.04,485.0,0.949,22.0,5565.0,4.251,1.246,14.872
K02228.01,FALSE POSITIVE,102.653705,53.5887,687.3,39.16,23.66,562.0,1.184,82.1,6711.0,4.097,1.698,12.678
K02229.01,CONFIRMED,14.83340944,3.927,783.0,2.54,54.74,694.0,0.399,19.1,5570.0,4.471,0.904,15.707
K02230.01,FALSE POSITIVE,0.987338654,2.591,26.5,0.98,11973.87,2669.0,0.002,25.0,6258.0,3.939,1.896,11.511
K02232.01,CONFIRMED,101.1323475,4.366,1502.9,3.87,4.91,380.0,0.057,25.7,5492.0,4.389,1.016,15.331
K02233.01,FALSE POSITIVE,1.811460943,5.065,428.5,2.83,1224.37,1508.0,0.971,83.9,5700.0,4.382,1.008,14.674
K02313.01,CONFIRMED,16.07673148,2.205,488.0,2.14,64.75,724.0,0.108,19.3,5957.0,4.498,0.971,15.306
K02314.01,CONFIRMED,18.87058705,3.4701,588.0,2.67,56.97,701.0,0.878,28.5,6103.0,4.496,0.949,14.562
K02315.01,CONFIRMED,22.1334224,2.049,654.6,1.76,15.65,507.0,0.025,16.3,5165.0,4.633,0.702,15.571
K02316.01,CONFIRMED,17.1369408,6.416,362.1,2.05,85.15,775.0,0.03,25.4,6218.0,4.421,1.077,15.004
K00238.02,CONFIRMED,26.6951944,4.576,132.6,1.4,58.81,706.0,0.136,13.4,6086.0,4.274,1.216,14.061
K02083.01,CONFIRMED,7.72085047,1.8264,267.0,2.53,257.14,1021.0,0.963,25.0,5887.0,4.29,1.177,13.516
K00222.01,CONFIRMED,6.312508525,2.7455,1286.0,2.0,25.94,575.0,0.029,112.5,4090.0,4.696,0.571,14.735
K02084.01,CONFIRMED,4.19577385,2.1557,874.2,3.02,283.78,1047.0,0.521,23.3,5229.0,4.378,1.005,15.168
K02086.01,CONFIRMED,7.1329472,4.368,145.0,1.64,349.21,1102.0,0.612,27.2,5862.0,4.194,1.307,13.959
K02086.02,CONFIRMED,8.91901228,4.141,180.6,1.84,258.92,1023.0,0.619,29.6,5862.0,4.194,1.307,13.959
K02158.01,CONFIRMED,4.5620407,2.8521,81.6,2.82,1306.97,1533.0,0.925,22.8,5343.0,3.764,2.506,13.052
K02159.01,CANDIDATE,7.5966998,3.667,127.5,1.32,204.34,964.0,0.725,24.5,5716.0,4.343,1.091,13.482
K02159.02,FALSE POSITIVE,2.392630668,1.3705,101.5,1.33,955.41,1418.0,0.909,20.5,5716.0,4.343,1.091,13.482
K02160.01,CONFIRMED,17.6700291,6.693,348.4,2.89,86.37,778.0,0.932,25.0,5795.0,4.265,1.247,14.874
K02160.02,CANDIDATE,15.40877383,3.49,,,,,,,,,,14.874
K02162.01,CONFIRMED,108.593113,7.989,338.2,1.68,4.64,374.0,0.007,24.3,5678.0,4.409,0.921,14.033
K02236.01,CONFIRMED,19.9865916,4.391,648.0,4.22,63.67,720.0,0.962,21.8,5500.0,4.218,1.238,15.699
K02236.02,CONFIRMED,12.12580644,3.289,327.5,2.5,123.78,851.0,0.805,14.0,5500.0,4.218,1.238,15.699
K02237.01,CONFIRMED,76.421501,7.218,578.4,2.81,10.11,455.0,0.015,23.9,5561.0,4.263,1.19,15.165
K00232.05,CONFIRMED,56.2590881,8.114,348.8,2.22,20.49,543.0,0.026,29.7,6038.0,4.284,1.191,14.247
K02238.01,CONFIRMED,1.646801683,1.1966,284.2,0.86,99.8,806.0,0.129,25.2,3810.0,4.753,0.513,14.634
K02317.01,CONFIRMED,3.78861833,2.808,143.4,1.23,424.17,1158.0,0.183,18.2,5560.0,4.379,1.04,14.285
K02318.01,CONFIRMED,10.45839865,3.154,306.8,1.25,32.45,609.0,0.009,18.6,4641.0,4.557,0.747,14.471
K02319.01,CONFIRMED,21.1033014,2.059,192.5,1.56,62.99,718.0,0.125,21.3,6000.0,4.363,1.126,13.355
K02321.01,CONFIRMED,95.6114617,7.489,487.4,2.37,7.45,421.0,0.046,21.6,6002.0,4.424,1.081,14.71
K02323.01,CANDIDATE,58.35512552,8.45,,,,,,,,,,15.484
K02324.01,CANDIDATE,1.204686597,0.823,233.2,1.55,2026.81,1711.0,0.328,10.8,5780.0,4.438,1.0,11.671
K02086.03,CONFIRMED,11.8984948,3.015,130.9,1.69,176.27,929.0,0.836,15.9,5862.0,4.194,1.307,13.959
K02087.01,CONFIRMED,23.1274171,4.901,157.3,1.44,46.89,667.0,0.737,20.9,5865.0,4.393,1.066,11.863
K02090.01,CONFIRMED,5.132486123,1.4575,908.4,1.69,27.41,584.0,0.217,35.4,3879.0,4.707,0.578,15.535
K02091.01,CONFIRMED,8.77997349,3.2201,755.7,2.12,61.24,713.0,0.481,32.7,5191.0,4.597,0.764,15.789
K02092.01,CONFIRMED,57.6896212,5.118,1626.6,5.14,16.19,512.0,0.924,30.2,6228.0,4.441,1.049,15.886
K02163.01,CONFIRMED,10.66489514,3.159,292.6,1.76,132.15,865.0,0.308,25.3,6014.0,4.436,1.021,14.651
K02164.01,CONFIRMED,5.1233204,2.7466,286.2,1.65,231.12,994.0,0.308,25.1,5364.0,4.394,0.982,15.162
K00229.01,CONFIRMED,3.573202801,2.88,2975.0,5.81,507.91,1210.0,0.053,362.1,5646.0,4.37,1.08,14.72
K02166.01,CONFIRMED,61.6174528,3.816,1350.7,3.36,7.67,424.0,0.091,19.5,5480.0,4.485,0.931,15.722
K02167.01,CONFIRMED,24.3398202,3.891,777.3,5.09,69.79,737.0,0.928,27.8,5596.0,4.105,1.466,15.28
K02241.01,CONFIRMED,7.16520428,1.705,433.8,2.31,270.34,1034.0,0.142,17.6,6174.0,4.417,1.103,15.302
K02242.01,CONFIRMED,1.755843555,1.9425,386.0,1.94,771.02,1343.0,0.893,25.1,5569.0,4.566,0.829,15.758
K02243.01,CONFIRMED,5.18560081,4.054,252.6,2.34,705.79,1314.0,0.012,27.6,6172.0,4.198,1.471,14.806
K02245.01,CONFIRMED,33.4698571,4.749,370.7,2.45,32.52,609.0,0.876,23.2,5912.0,4.342,1.094,14.74
K02246.01,CONFIRMED,11.89520436,3.433,184.3,1.33,90.77,787.0,0.067,22.3,5649.0,4.411,0.992,14.152
K02325.01,CONFIRMED,1.025857984,0.8069,270.7,1.57,1264.7,1520.0,0.779,36.0,5123.0,4.501,0.847,14.413
K02327.01,CONFIRMED,5.60013327,2.6508,329.2,1.73,194.26,952.0,0.046,22.8,5288.0,4.391,0.978,15.378
K02328.01,CONFIRMED,25.2034128,4.515,697.1,2.42,30.62,600.0,0.168,22.3,5831.0,4.517,0.921,15.684
K02329.01,CONFIRMED,1.615357809,1.1435,499.6,1.37,99.32,806.0,0.931,31.2,3821.0,4.755,0.486,15.655
K00239.01,CONFIRMED,5.640676975,2.8354,1453.3,4.59,379.36,1125.0,0.033,145.9,5794.0,4.282,1.216,14.762
K02092.02,CONFIRMED,25.5638626,4.685,1124.9,4.0,47.94,671.0,0.85,31.6,6228.0,4.441,1.049,15.886
K02093.01,CANDIDATE,6.78341325,3.5437,501.2,20.75,11295.61,2628.0,0.665,35.3,5096.0,2.435,8.769,15.357
K00222.02,CONFIRMED,12.7945474,3.4197,816.7,1.6,10.1,455.0,0.18,54.1,4090.0,4.696,0.571,14.735
K02094.01,CONFIRMED,42.4269647,5.907,632.4,3.44,14.33,496.0,0.962,26.0,5330.0,4.366,1.013,15.001
K02095.01,CONFIRMED,1.434745129,1.862,200.7,1.5,1813.0,1664.0,0.108,28.4,5806.0,4.4,1.064,14.691
K02167.02,CANDIDATE,6.95787,4.537,182.3,1.39,284.4,1047.0,0.1686,1.8,6240.0,4.406,1.025,15.28
K02168.01,CONFIRMED,3.28192056,2.917,191.0,1.6,728.9,1326.0,0.223,24.5,5859.0,4.335,1.162,14.842
K02168.02,CONFIRMED,12.51610549,4.853,263.0,1.87,122.54,848.0,0.023,22.6,5859.0,4.335,1.162,14.842
K02169.01,CONFIRMED,5.45298742,2.1328,86.0,0.92,158.12,904.0,0.879,21.0,5450.0,4.563,0.842,12.404
K02169.02,CONFIRMED,3.26662733,2.056,59.9,0.68,312.85,1072.0,0.623,18.6,5450.0,4.563,0.842,12.404
K02247.01,CONFIRMED,4.45743267,2.3226,175.7,0.79,67.7,732.0,0.175,20.8,4487.0,4.644,0.612,14.374
K02248.01,CONFIRMED,2.81814715,1.763,278.6,1.3,298.2,1059.0,0.305,16.5,5167.0,4.555,0.787,15.498
K02248.02,CANDIDATE,9.4907638,2.713,197.4,1.05,58.01,704.0,0.3638,7.3,5290.0,4.604,0.746,15.498
K02248.03,CANDIDATE,0.76196247,1.282,190.2,1.08,1710.11,1638.0,0.322,18.3,5167.0,4.555,0.787,15.498
K00233.01,FALSE POSITIVE,1.824649,4.2285,3218.5,5.31,1222.28,1508.0,0.901,184.3,6190.0,4.487,0.793,14.605
K02331.01,CONFIRMED,2.832647249,2.306,114.7,1.37,1054.98,1453.0,0.374,27.5,5865.0,4.266,1.272,13.467
K02332.01,CONFIRMED,3.70063251,5.408,68.6,1.24,737.02,1329.0,0.71,29.8,5423.0,4.105,1.404,13.024
K02333.01,CONFIRMED,3.93083997,2.932,101.4,1.2,711.45,1317.0,0.222,22.0,6038.0,4.284,1.191,13.652
K02333.02,CONFIRMED,7.63008196,2.78,124.0,1.39,293.67,1056.0,0.628,18.6,6038.0,4.284,1.191,13.652
K02335.01,CONFIRMED,16.22378479,2.5462,262.3,1.51,49.35,676.0,0.413,20.6,5547.0,4.46,0.925,14.129
K02096.01,CONFIRMED,9.76293284,3.064,553.2,1.94,57.59,703.0,0.499,23.6,5052.0,4.503,0.816,15.246
K02097.01,CONFIRMED,58.601926,5.522,396.4,2.06,15.8,508.0,0.392,19.1,6250.0,4.44,1.019,14.649
K02098.01,CONFIRMED,25.0823402,6.423,244.6,2.26,85.76,776.0,0.865,30.5,6429.0,4.241,1.262,13.838
K02099.01,CONFIRMED,78.0998908,8.422,656.9,3.37,12.52,480.0,0.528,23.8,5779.0,4.238,1.284,14.999
K02100.01,CONFIRMED,4.27103727,2.2759,180.4,1.22,356.54,1108.0,0.02,24.6,5984.0,4.521,0.906,14.553
K02169.03,CONFIRMED,4.27226421,2.113,48.9,0.64,218.63,981.0,0.744,13.7,5450.0,4.563,0.842,12.404
K02169.04,CANDIDATE,2.19251903,1.845,18.1,0.37,533.25,1225.0,0.616,6.6,5450.0,4.563,0.842,12.404
K02171.01,CONFIRMED,3.53232429,2.765,224.2,1.43,427.65,1159.0,0.299,12.8,5761.0,4.492,0.956,14.972
K00026.01,FALSE POSITIVE,15.03946326,5.1008,5237.7,12.36,202.6,962.0,0.902,181.6,6501.0,4.212,1.441,11.997
K00230.01,FALSE POSITIVE,4.702495974,2.3421,4787.3,37.24,219.08,981.0,1.303,101.1,5408.0,4.476,0.878,14.916
K02172.01,CONFIRMED,10.44087398,3.743,821.5,3.41,111.52,829.0,0.914,22.2,5738.0,4.426,0.981,15.104
K02554.01,CANDIDATE,39.7557642,1.958,621.8,13.72,2.64,325.0,1.219,10.2,4405.0,4.732,0.511,15.439
K02554.02,CANDIDATE,10.27127527,3.029,343.5,0.94,16.02,510.0,0.046,17.5,4405.0,4.732,0.511,15.439
K02555.01,CONFIRMED,12.5722897,4.765,86.5,1.09,145.82,886.0,0.252,12.4,6084.0,4.319,1.169,12.885
K02556.01,CONFIRMED,40.8366307,4.956,264.8,1.5,14.3,496.0,0.363,18.7,5529.0,4.457,0.925,14.05
K02557.01,FALSE POSITIVE,11.7761073,2.829,281.3,1.31,34.75,619.0,0.829,15.1,5096.0,4.618,0.689,15.005
K02633.01,FALSE POSITIVE,29.7123181,70.3707,385.4,46.43,135.31,870.0,1.202,130.0,6440.0,3.984,1.921,11.549
K00253.02,CONFIRMED,20.6180348,3.267,769.5,1.57,3.92,359.0,0.155,16.3,3757.0,4.681,0.576,15.254
K02634.01,CONFIRMED,19.9401211,4.283,758.9,2.42,28.29,588.0,0.862,18.0,5623.0,4.596,0.763,15.922
K02635.01,CONFIRMED,22.2420032,7.532,63.5,2.04,195.54,954.0,0.897,16.2,5979.0,3.854,2.164,12.816
K02636.01,CONFIRMED,3.88148385,2.679,36.3,0.59,423.0,1156.0,0.252,11.9,5854.0,4.469,0.979,12.32
K02409.01,CONFIRMED,0.577369336,1.0852,400.4,1.42,2239.26,1757.0,0.032,68.3,5255.0,4.617,0.716,14.859
K02410.01,FALSE POSITIVE,186.65435483,10.51,,,,,,,,,,15.141
K00244.01,CONFIRMED,12.720370263,2.7306,1180.1,4.75,180.23,934.0,0.787,485.5,6267.0,4.28,1.258,10.734
K02410.02,FALSE POSITIVE,86.59322294,7.98,,,,,,,,,,15.141
K02411.01,CONFIRMED,11.96407399,4.526,784.2,3.21,100.96,808.0,0.903,22.9,5903.0,4.437,0.961,15.361
K02412.01,FALSE POSITIVE,2.493237866,2.644,259.2,9.48,5975.48,2241.0,0.975,20.7,5002.0,3.344,4.131,13.962
K02413.01,CONFIRMED,12.90467523,3.28,412.4,1.49,20.91,545.0,0.553,21.2,4513.0,4.574,0.722,15.07
K02484.01,CONFIRMED,68.8861017,5.925,143.9,1.47,14.91,501.0,0.241,19.5,5753.0,4.2,1.222,12.464
K02485.01,CONFIRMED,9.99115241,2.657,391.7,1.68,44.77,660.0,0.691,16.7,4838.0,4.524,0.796,15.311
K02486.01,CANDIDATE,4.267961416,1.3427,127.4,1.42,834.16,1371.0,0.255,24.6,6395.0,4.275,1.237,13.047
K02487.01,CONFIRMED,36.292017,8.198,374.7,3.1,54.91,694.0,0.002,21.4,5843.0,4.069,1.615,15.251
K00031.01,FALSE POSITIVE,0.925589891,1.967,400.8,50.6,460202.18,6637.0,0.616,20.6,4094.0,1.627,24.488,10.795
K00250.02,CONFIRMED,17.25121397,2.0371,2054.8,2.64,5.17,385.0,0.749,68.6,3879.0,4.708,0.537,15.473
K02558.01,FALSE POSITIVE,1.867281146,7.495,701.1,31.18,1405.94,1561.0,1.252,58.5,6117.0,4.457,1.025,15.6
K02559.01,CONFIRMED,9.30991834,3.455,114.5,1.21,164.38,913.0,0.551,19.2,5806.0,4.353,1.101,13.799
K02560.01,CANDIDATE,18.1209388,3.781,504.2,1.68,20.58,543.0,0.108,15.8,4905.0,4.536,0.774,15.486
K02561.01,CONFIRMED,3.23941775,2.569,77.4,0.77,511.14,1213.0,0.386,17.2,6075.0,4.541,0.858,13.658
K02637.01,CANDIDATE,3.98864999,3.516,94.2,1.15,547.73,1233.0,0.355,12.4,5692.0,4.288,1.188,15.016
K02638.01,CONFIRMED,2.524017517,1.1968,303.0,1.5,495.14,1203.0,0.077,19.8,5420.0,4.487,0.871,15.55
K02639.01,CANDIDATE,25.1123362,7.922,398.8,2.22,53.73,691.0,0.007,11.8,6133.0,4.367,1.112,15.527
K02639.02,CANDIDATE,2.121023807,0.3673,263.9,5.75,1446.5,1573.0,1.0045,6.4,6133.0,4.367,1.112,15.527
K02640.01,CANDIDATE,33.18089453,15.24,,,,,,,,,,13.226
K02641.01,CANDIDATE,3.55557922,3.24,60.4,0.84,615.03,1270.0,0.269,15.5,5839.0,4.337,1.082,13.845
K02413.02,CONFIRMED,31.2012202,4.077,360.1,1.47,6.44,406.0,0.714,13.7,4513.0,4.574,0.722,15.07
K02414.01,CONFIRMED,22.5968256,6.179,142.9,1.3,47.7,670.0,0.062,22.2,5610.0,4.301,1.104,13.584
K02414.02,CONFIRMED,45.3486381,4.858,162.9,1.61,18.84,531.0,0.847,15.9,5610.0,4.301,1.104,13.584
K02415.01,CONFIRMED,5.25419589,2.9878,461.8,2.12,338.15,1093.0,0.007,26.1,6123.0,4.472,0.987,15.659
K02416.01,CONFIRMED,5.90608902,2.409,340.7,1.77,247.83,1012.0,0.025,9.3,5966.0,4.493,0.961,15.466
K00247.01,CONFIRMED,13.81504449,2.3244,1032.6,1.91,5.52,391.0,0.868,46.7,3732.0,4.736,0.509,14.216
K02488.01,CONFIRMED,12.4128518,4.298,108.1,1.5,179.24,933.0,0.711,19.4,5945.0,4.196,1.346,13.539
K02489.01,CONFIRMED,3.92453009,3.691,463.5,1.82,314.25,1074.0,0.112,25.3,5776.0,4.554,0.849,15.708
K02490.01,CONFIRMED,11.60653061,2.194,771.7,1.88,27.47,584.0,0.024,17.8,4703.0,4.582,0.701,15.701
K02491.01,CONFIRMED,2.66831274,2.4141,266.2,1.48,581.38,1252.0,0.333,23.3,5806.0,4.528,0.899,15.553
K02562.01,FALSE POSITIVE,2.9322509,2.931,181.2,1.33,700.81,1312.0,0.457,13.1,6106.0,4.487,0.966,15.662
K02563.01,CONFIRMED,23.4772553,6.735,141.4,1.34,70.05,738.0,0.013,17.6,6384.0,4.361,1.121,13.973
K02564.01,CONFIRMED,66.5576728,10.532,214.2,4.96,77.68,757.0,0.254,21.3,5734.0,3.591,3.405,14.074
K02565.01,FALSE POSITIVE,2.01948607,5.248,275.4,2.15,988.37,1430.0,0.977,27.9,5884.0,4.481,0.944,15.415
K02566.01,FALSE POSITIVE,3.04468229,5.951,71.4,0.86,566.03,1244.0,0.623,22.2,5575.0,4.363,0.98,14.028
K02642.01,FALSE POSITIVE,15.05028313,1.848,615.2,2.46,69.16,735.0,0.3125,13.4,5887.0,4.49,0.989,15.612
K00254.01,CONFIRMED,2.455240626,1.72722,36911.9,10.6,67.3,730.0,0.144,1341.6,3793.0,4.697,0.568,15.979
K02643.01,CONFIRMED,9.08233411,2.008,296.9,1.35,68.75,734.0,0.262,15.8,5354.0,4.587,0.788,15.4
K02644.01,FALSE POSITIVE,0.790539912,1.0567,277.3,1.24,1200.65,1502.0,0.008,31.5,4791.0,4.541,0.767,14.864
K02645.01,FALSE POSITIVE,1.705782214,1.007,278.0,1.82,1060.41,1455.0,0.709,11.5,5387.0,4.38,1.009,15.272
K02646.01,FALSE POSITIVE,0.532086296,4.023,495.8,16.99,2417.28,1790.0,1.199,85.2,5271.0,4.636,0.698,15.397
K02417.01,CONFIRMED,47.7052566,5.959,1161.5,2.89,3.42,347.0,0.918,22.8,4551.0,4.609,0.672,16.22
K00244.02,CONFIRMED,6.238535444,3.5255,401.6,2.53,465.61,1185.0,0.008,274.5,6267.0,4.28,1.258,10.734
K02418.01,CONFIRMED,86.829519,7.464,751.0,1.68,0.35,196.0,0.953,15.1,3576.0,4.791,0.463,15.474
K02419.01,CONFIRMED,9.95667035,3.534,586.8,3.41,189.48,946.0,0.949,16.8,6165.0,4.365,1.115,15.309
K02420.01,CONFIRMED,10.41728722,4.125,210.4,1.64,135.34,870.0,0.12,20.3,5557.0,4.288,1.151,14.746
K02492.01,CONFIRMED,0.984941669,1.9724,81.4,1.49,7044.68,2335.0,0.045,22.9,5825.0,4.046,1.662,13.835
K02493.01,CONFIRMED,0.663085361,1.1522,322.7,1.6,1894.94,1681.0,0.841,35.3,5172.0,4.6,0.767,15.304
K02494.01,CONFIRMED,19.1187425,6.805,217.5,2.33,108.48,823.0,0.74,20.5,5862.0,4.148,1.463,14.838
K02495.01,FALSE POSITIVE,1.08749101,1.6192,126.4,4.91,21388.7,3081.0,0.979,33.5,5988.0,3.594,3.204,13.214
K02496.01,FALSE POSITIVE,1.183818383,1.393,84.3,0.91,2337.65,1775.0,0.17,12.7,6014.0,4.459,0.992,14.675
K02567.01,FALSE POSITIVE,4.98845099,7.453,193.9,1.33,292.71,1055.0,0.041,23.3,5695.0,4.411,0.961,15.331
K00250.03,CONFIRMED,3.543919702,1.8717,507.0,1.21,42.68,652.0,0.022,38.2,3879.0,4.708,0.537,15.473
K02569.01,CANDIDATE,8.28157072,3.1,139.2,1.37,197.82,956.0,0.042,12.9,5640.0,4.288,1.175,14.273
K02571.01,CANDIDATE,0.82628442,0.9603,134.9,0.96,1654.69,1629.0,0.28,25.6,5218.0,4.548,0.829,14.434
K02572.01,CANDIDATE,6.37705295,1.949,502.8,2.15,180.66,935.0,0.234,17.9,5672.0,4.503,0.965,15.522
K02647.01,CONFIRMED,8.83929462,1.719,316.2,1.94,86.5,778.0,0.924,14.8,5330.0,4.491,0.87,15.102
K02648.01,FALSE POSITIVE,0.631795416,1.0703,145.2,1.88,14547.08,2797.0,0.433,24.7,6414.0,4.173,1.519,14.676
K02649.01,CONFIRMED,7.56126152,2.851,180.6,1.2,149.17,891.0,0.253,15.7,5853.0,4.529,0.895,14.64
K02650.01,CONFIRMED,34.9897847,4.208,498.5,1.14,1.71,292.0,0.034,11.5,3765.0,4.725,0.521,15.987
K02650.02,CONFIRMED,7.05429483,1.716,359.3,1.0,14.46,497.0,0.48,11.2,3765.0,4.725,0.521,15.987
K02421.01,CANDIDATE,2.27050106,1.903,106.7,0.55,157.05,903.0,0.473,15.9,4671.0,4.721,0.528,14.363
K02422.01,CONFIRMED,26.7838935,4.584,365.3,1.59,17.69,523.0,0.036,20.9,5242.0,4.512,0.856,14.803
K02423.01,CONFIRMED,45.126216,6.656,373.1,2.32,31.54,604.0,0.49,17.1,6499.0,4.378,1.169,14.689
K02424.01,CONFIRMED,11.94019101,2.866,631.7,1.86,35.99,625.0,0.348,15.6,5073.0,4.607,0.748,15.912
K02425.01,FALSE POSITIVE,3.51295674,3.06,83.1,1.1,999.6,1434.0,0.499,22.5,6453.0,4.326,1.17,13.51
K02497.01,CONFIRMED,48.4313003,4.03,886.4,2.78,5.81,396.0,0.846,17.3,4891.0,4.516,0.805,15.605
K00248.01,CONFIRMED,7.203855862,2.5418,1765.9,2.25,15.87,509.0,0.037,101.1,3834.0,4.708,0.539,15.264
K02498.01,CONFIRMED,6.73808701,2.591,92.9,0.73,90.19,786.0,0.148,14.4,5168.0,4.566,0.769,13.942
K02499.01,FALSE POSITIVE,7.57571414,2.357,418.5,2.45,315.8,1075.0,0.413,12.8,6418.0,4.395,1.171,15.614
K02501.01,FALSE POSITIVE,4.76887671,1.672,115.8,2.11,1303.61,1532.0,0.654,20.0,6063.0,3.926,1.855,13.388
K02573.01,FALSE POSITIVE,1.347512632,1.9817,2651.8,23.45,775.18,1346.0,1.252,88.7,5316.0,4.585,0.685,15.894
K02574.01,FALSE POSITIVE,0.512581697,1.5789,259.1,1.32,3827.79,2009.0,0.283,45.2,5547.0,4.571,0.82,15.338
K02576.01,FALSE POSITIVE,12.07760884,2.233,151.0,1.03,59.51,708.0,0.264,14.0,5370.0,4.471,0.845,14.166
K02577.01,CANDIDATE,18.55581565,5.372,565.9,20.83,2442.24,1793.0,0.073,33.2,5988.0,2.982,8.841,13.506
K02578.01,CANDIDATE,13.33094869,1.426,725.6,25.95,104.37,815.0,1.199,17.1,5991.0,4.394,1.039,14.847
K02651.01,FALSE POSITIVE,6.38315744,1.7075,1112.6,2.35,91.0,787.0,0.029,23.8,5262.0,4.623,0.714,15.554
K00255.01,CONFIRMED,27.52194772,4.047,2312.8,2.47,2.28,314.0,0.35,106.5,3780.0,4.746,0.511,15.108
K02652.01,CONFIRMED,16.1289679,6.271,389.0,2.94,61.87,715.0,0.968,21.3,5392.0,4.314,1.087,15.022
K02654.01,CONFIRMED,13.5631157,5.438,336.4,1.75,68.41,733.0,0.704,15.4,5853.0,4.529,0.895,15.785
K02655.01,CONFIRMED,16.2959916,2.116,369.6,1.83,49.81,678.0,0.213,15.7,5495.0,4.442,0.961,15.243
K02426.01,CONFIRMED,4.16056658,2.61,75.8,0.7,222.54,985.0,0.069,16.3,5481.0,4.574,0.815,13.889
K02427.01,FALSE POSITIVE,2.93101771,2.231,199.1,1.15,390.28,1134.0,0.523,15.0,5485.0,4.5,0.788,15.484
K00245.01,CONFIRMED,39.79220077,4.466,610.4,1.9,10.38,458.0,0.019,179.5,5437.0,4.571,0.781,9.705
K02428.01,FALSE POSITIVE,16.2276756,3.699,525.8,2.11,41.57,648.0,0.633,20.5,5328.0,4.447,0.883,15.388
K02429.01,FALSE POSITIVE,1.595630597,1.793,259.6,17.94,778.05,1346.0,1.21,18.3,5632.0,4.616,0.729,15.112
K02503.01,CONFIRMED,14.8200596,3.902,184.9,0.96,21.92,552.0,0.059,21.9,4825.0,4.603,0.732,14.146
K02504.01,CONFIRMED,20.49041,4.369,661.8,2.34,36.01,625.0,0.011,23.3,5681.0,4.524,0.923,15.93
K02505.01,FALSE POSITIVE,0.962827066,4.48,86.3,29.27,31471.91,3399.0,1.079,28.7,6534.0,3.647,3.028,13.398
K02506.01,CONFIRMED,8.679037,2.864,301.6,1.79,191.84,949.0,0.224,19.9,6117.0,4.42,1.027,15.18
K02507.01,CONFIRMED,11.1296971,2.942,371.0,1.93,119.44,843.0,0.572,14.7,6122.0,4.487,0.964,15.859
K02579.01,CONFIRMED,2.7296036,2.721,145.6,1.53,1056.15,1455.0,0.509,18.4,5887.0,4.292,1.235,15.147
K02580.01,CONFIRMED,3.11604194,1.7763,345.2,1.59,375.55,1123.0,0.195,18.8,5591.0,4.559,0.86,15.79
K00250.04,CONFIRMED,46.82767725,1.9033,1537.7,2.13,1.37,276.0,0.393,32.4,3879.0,4.708,0.537,15.473
K02581.01,CONFIRMED,12.7372371,3.358,100.8,0.87,55.82,697.0,0.364,12.9,5420.0,4.502,0.868,13.463
K02582.01,CONFIRMED,40.0306267,4.815,214.5,2.01,34.19,617.0,0.322,19.5,5855.0,4.227,1.373,13.628
K02668.01,CONFIRMED,0.679336747,1.2188,240.7,1.4,2982.78,1883.0,0.209,36.7,5440.0,4.491,0.913,14.159
K02669.01,FALSE POSITIVE,213.6103207,10.7643,110990.0,46.07,1.69,291.0,0.977,534.5,5931.0,4.554,0.845,15.619
K02670.01,FALSE POSITIVE,170.8658492,16.9895,29840.8,24.4,5.33,387.0,0.684,897.0,5989.0,4.221,1.324,14.412
K02671.01,CANDIDATE,21.47642727,5.5498,348130.0,59.5,43.52,655.0,0.006,124.8,5780.0,4.438,1.0,17.29
K02671.02,FALSE POSITIVE,17.5509742,4.064,3859.0,5.97,56.9,700.0,0.2023,9.7,5780.0,4.438,1.0,17.29
K02672.01,CONFIRMED,88.5122014,6.8214,2518.7,4.7,5.47,390.0,0.242,63.1,5593.0,4.45,0.945,11.921
K02430.01,FALSE POSITIVE,10.21507506,3.395,258.6,1.5,87.48,780.0,0.1,17.4,5406.0,4.433,0.95,14.338
K02431.01,FALSE POSITIVE,8.3806973,3.028,650.8,1.91,57.04,701.0,0.5317,4.6,5062.0,4.601,0.735,15.97
K02432.01,CONFIRMED,31.0572947,3.401,636.6,1.85,12.57,480.0,0.335,15.8,5395.0,4.615,0.734,15.956
K02433.01,CONFIRMED,15.1622287,7.332,479.8,3.12,111.74,829.0,0.959,28.5,6325.0,4.409,1.112,15.212
K02433.02,CONFIRMED,10.04378351,5.548,437.9,2.94,193.39,951.0,0.953,28.8,6325.0,4.409,1.112,15.212
K02508.01,CANDIDATE,7.10397925,1.5398,370.5,1.51,105.84,818.0,0.192,16.8,5488.0,4.584,0.789,15.164
K02509.01,CONFIRMED,4.5513988,2.457,188.7,1.13,159.65,907.0,0.248,19.4,5009.0,4.491,0.84,15.035
K00248.02,CONFIRMED,10.91274065,2.1801,1387.2,2.13,9.12,443.0,0.685,57.4,3834.0,4.708,0.539,15.264
K02510.01,FALSE POSITIVE,12.2141545,10.262,535.8,18.13,51.37,683.0,1.175,24.7,5435.0,4.578,0.824,15.352
K02511.01,FALSE POSITIVE,3.732261,2.054,153.6,1.09,369.47,1119.0,0.4,15.7,5762.0,4.495,0.867,14.834
K02583.01,CONFIRMED,3.03267135,1.774,42.4,0.6,468.31,1187.0,0.238,15.6,5640.0,4.492,0.921,12.623
K02585.01,CONFIRMED,5.34182466,3.577,70.5,0.95,379.09,1125.0,0.07,19.2,5767.0,4.287,1.135,13.455
K02586.01,CONFIRMED,2.131945045,1.8061,269.4,1.66,955.16,1418.0,0.209,22.9,5845.0,4.469,1.013,15.545
K02587.01,CONFIRMED,12.9462567,9.568,168.7,1.13,80.34,764.0,0.109,15.7,6058.0,4.54,0.867,15.079
K02588.01,CONFIRMED,5.77957133,2.5213,396.6,1.5,30.22,598.0,0.946,18.9,4102.0,4.687,0.581,15.484
K02656.01,CANDIDATE,6.77367892,3.579,150.7,1.33,324.84,1083.0,0.228,15.1,6392.0,4.425,1.072,15.024
K02657.01,CANDIDATE,5.22402436,2.608,48.1,0.58,185.16,941.0,0.12,15.1,5487.0,4.512,0.84,12.869
K02658.01,CONFIRMED,11.6601667,5.882,181.0,2.08,114.36,834.0,0.983,20.4,5791.0,4.381,1.083,14.406
K02659.01,FALSE POSITIVE,89.465468,9.88,67.9,2.57,21.43,549.0,0.931,5.7,5192.0,3.773,2.46,12.998
K02660.01,CONFIRMED,18.0161227,4.016,499.5,2.39,82.38,768.0,0.023,16.7,6245.0,4.406,1.065,15.394
K02434.01,FALSE POSITIVE,40.8777605,9.745,719.1,29.55,18.15,526.0,1.262,23.6,5930.0,4.489,0.937,15.59
K02435.01,FALSE POSITIVE,6.80243431,3.817,249.1,2.6,151.72,895.0,1.0,14.9,5836.0,4.561,0.816,15.188
K02436.01,CONFIRMED,84.5733346,5.762,891.6,2.59,4.26,366.0,0.024,20.4,5418.0,4.543,0.888,15.758
K00245.02,CONFIRMED,21.30181863,3.8763,87.3,0.72,23.89,564.0,0.086,32.4,5437.0,4.571,0.781,9.705
K02437.01,CONFIRMED,4.14789051,3.829,137.6,1.93,878.32,1389.0,0.878,16.4,6150.0,4.223,1.417,14.725
K02512.01,CANDIDATE,15.92108138,1.5443,716.8,3.14,40.88,645.0,0.972,16.1,5595.0,4.57,0.82,15.523
K02513.01,CONFIRMED,19.0054098,1.843,542.4,28.47,78.19,758.0,1.228,20.2,6347.0,4.423,1.036,14.839
K02514.01,FALSE POSITIVE,1.96433113,2.381,139.1,1.33,1704.63,1638.0,0.16,14.2,6306.0,4.405,1.121,15.083
K02516.01,CANDIDATE,2.81043228,3.874,47.4,1.43,1978.53,1701.0,0.351,17.8,5415.0,3.868,2.079,13.388
K02517.01,CONFIRMED,0.968527683,1.3672,114.6,1.21,1867.0,1677.0,0.941,16.9,5580.0,4.538,0.886,14.511
K02589.01,CONFIRMED,0.664074145,1.0925,212.6,1.19,1998.48,1703.0,0.525,20.9,5178.0,4.585,0.797,15.645
K02590.01,FALSE POSITIVE,11.7489907,4.043,36.7,1.01,363.51,1114.0,0.1228,12.5,6440.0,4.081,1.655,11.638
K02592.01,CANDIDATE,175.603366,9.543,506.8,2.87,3.46,348.0,0.952,14.7,6225.0,4.461,1.009,15.054
K00004.01,CONFIRMED,3.849371737,2.632,1298.6,12.94,4055.29,2034.0,0.915,132.7,6244.0,3.657,2.992,11.432
K00033.01,FALSE POSITIVE,0.366197145,1.2335,275.3,51.34,2335438.28,9983.0,0.319,16.7,4448.0,1.694,31.5,11.059
K00251.01,CONFIRMED,4.164384505,1.8464,2338.0,2.54,28.75,590.0,0.59,132.1,3808.0,4.754,0.508,14.752
K02662.01,CONFIRMED,2.10433534,1.1168,242.1,0.79,45.34,662.0,0.872,20.7,3605.0,4.837,0.433,14.488
K02664.01,CONFIRMED,28.8431751,3.171,756.7,2.66,13.77,491.0,0.913,15.0,5151.0,4.528,0.785,15.652
K00256.01,FALSE POSITIVE,1.378649746,1.2232,22462.0,6.51,68.34,734.0,0.099,172.2,3440.0,4.82,0.439,15.373
K02665.01,FALSE POSITIVE,1.112207126,1.35,54.7,0.73,2467.09,1797.0,0.402,13.0,6046.0,4.486,0.972,13.823
K02666.01,CANDIDATE,64.034363,9.174,758.8,3.47,6.72,411.0,0.985,16.9,5691.0,4.561,0.783,15.341
K02667.01,FALSE POSITIVE,1.303576682,1.021,245.5,1.51,1940.45,1694.0,0.08,22.1,6045.0,4.494,0.955,14.834
K02438.01,FALSE POSITIVE,1.958577398,2.388,453.0,1.8,579.19,1252.0,0.59,24.5,5402.0,4.568,0.816,15.902
K02439.01,CONFIRMED,5.19103699,4.222,290.1,1.92,462.91,1183.0,0.117,25.2,6321.0,4.417,1.125,15.438
K02440.01,CONFIRMED,4.86638504,2.296,143.8,1.32,372.7,1121.0,0.176,17.1,5688.0,4.333,1.111,13.987
K02441.01,FALSE POSITIVE,4.79176993,4.52,116.6,0.81,143.74,883.0,0.372,23.0,5138.0,4.536,0.756,14.287
K02442.01,CONFIRMED,25.1933989,4.62,481.2,1.95,16.34,513.0,0.679,18.0,5009.0,4.491,0.84,15.629
K02518.01,FALSE POSITIVE,0.759762021,4.912,227.0,24.2,6419.35,2280.0,1.183,65.3,6386.0,4.402,1.123,14.871
K02519.01,CANDIDATE,4.790912471,0.5134,360.7,2.25,62.51,717.0,0.969,17.6,4359.0,4.601,0.676,14.452
K02520.01,CONFIRMED,6.49441464,2.344,357.3,1.75,68.05,732.0,0.911,17.7,4769.0,4.557,0.742,15.602
K00248.03,CONFIRMED,2.576571021,1.5997,852.8,1.57,62.42,717.0,0.187,63.6,3834.0,4.708,0.539,15.264
K02521.01,CONFIRMED,28.4750006,4.718,763.8,2.64,13.5,489.0,0.835,21.4,4996.0,4.497,0.831,15.86
K02593.01,CONFIRMED,14.7966306,5.613,56.1,0.98,138.25,874.0,0.182,22.4,6175.0,4.299,1.307,11.714
K02594.01,CONFIRMED,11.25401871,4.759,433.4,2.42,147.13,888.0,0.603,17.0,5995.0,4.351,1.118,15.166
K02595.01,CONFIRMED,9.18244299,4.318,87.6,1.24,289.74,1052.0,0.257,20.3,6194.0,4.242,1.314,13.223
K02595.02,CONFIRMED,14.6134781,5.266,72.8,1.12,155.87,901.0,0.086,15.2,6194.0,4.242,1.314,13.223
K02596.01,FALSE POSITIVE,119.682075,31.28,1704.1,30.39,3.59,351.0,1.259,38.1,5778.0,4.531,0.911,15.903
K02672.02,CONFIRMED,42.9923284,4.726,1120.1,3.32,14.33,496.0,0.643,34.1,5593.0,4.45,0.945,11.921
K00257.01,CONFIRMED,6.88341278,2.0674,487.4,2.63,321.63,1080.0,0.083,35.4,6139.0,4.359,1.193,10.868
K02673.01,FALSE POSITIVE,4.593595496,2.7468,45034.0,44.14,258.12,1022.0,1.147,92.0,5717.0,4.538,0.884,16.444
K02674.01,CONFIRMED,197.5111484,11.106,2575.6,9.52,5.54,391.0,0.814,175.2,5616.0,4.004,1.674,13.349
K02674.02,CONFIRMED,11.1726723,6.106,76.8,1.5,255.06,1019.0,0.504,17.0,5616.0,4.004,1.674,13.349
K02674.03,CONFIRMED,2.53573284,3.989,68.0,1.36,1842.18,1671.0,0.054,25.5,5616.0,4.004,1.674,13.349
K02443.01,CONFIRMED,6.79164656,3.343,102.6,1.01,230.81,994.0,0.121,18.5,5772.0,4.351,1.003,13.987
K02443.02,CONFIRMED,11.8376933,3.381,92.9,1.0,110.03,826.0,0.557,12.7,5772.0,4.351,1.003,13.987
K02444.01,CONFIRMED,18.5525162,4.385,771.5,2.53,33.14,612.0,0.78,17.2,5569.0,4.566,0.829,15.714
K02445.01,CANDIDATE,47.3659328,7.929,757.0,11.97,12.62,481.0,1.085,16.0,5708.0,4.482,0.902,15.817
K00245.03,CONFIRMED,13.3669309,3.733,12.2,0.27,43.71,656.0,0.4064,7.4,5417.0,4.567,0.772,9.705
K02447.01,FALSE POSITIVE,1.045492348,2.933,28.7,0.83,6522.69,2291.0,0.708,21.7,6057.0,4.088,1.457,12.804
K02521.02,CONFIRMED,4.86634094,1.885,366.7,1.94,142.39,881.0,0.895,15.2,4996.0,4.497,0.831,15.86
K02522.01,CONFIRMED,5.60402307,1.0273,224.9,1.25,84.65,774.0,0.8,20.6,4847.0,4.581,0.737,13.713
K02523.01,CONFIRMED,13.0313583,4.521,573.3,2.88,84.94,774.0,0.813,18.9,5514.0,4.345,1.071,15.829
K02524.01,CONFIRMED,40.9905002,7.336,297.3,2.41,36.5,627.0,0.048,15.4,5842.0,4.17,1.41,15.272
K02525.01,CONFIRMED,57.2932309,4.878,773.6,1.95,3.76,355.0,0.021,15.7,4806.0,4.564,0.729,15.699
K02597.01,CONFIRMED,8.00504749,3.32,187.5,1.52,271.68,1035.0,0.054,15.6,6398.0,4.411,1.101,14.79
K02597.02,CONFIRMED,12.13070414,3.843,211.2,1.61,155.85,901.0,0.083,15.3,6398.0,4.411,1.101,14.79
K02597.03,CONFIRMED,5.61357653,2.905,162.3,1.41,435.61,1165.0,0.119,15.2,6398.0,4.411,1.101,14.79
K02598.01,CANDIDATE,29.2254372,5.293,174.1,1.35,33.69,614.0,0.384,15.7,6049.0,4.461,1.008,14.162
K02600.01,FALSE POSITIVE,1.33255087,3.565,123.3,1.19,2107.29,1728.0,0.415,14.0,5774.0,4.347,1.054,15.053
K02375.01,FALSE POSITIVE,40.8792243,7.005,413.6,1.62,8.59,437.0,0.79,23.4,5383.0,4.609,0.72,14.923
K02376.01,CONFIRMED,18.8262877,2.344,795.8,2.34,28.85,591.0,0.198,19.9,5215.0,4.481,0.845,15.279
K02377.01,CANDIDATE,13.9034057,3.408,261.4,1.55,41.08,646.0,0.871,15.3,5261.0,4.523,0.819,14.782
K00241.03,CONFIRMED,3.41045981,2.866,136.2,1.06,149.88,892.0,0.971,22.5,4983.0,4.66,0.651,14.139
K02378.01,CONFIRMED,4.76702759,2.013,163.4,1.19,282.97,1046.0,0.077,14.3,5629.0,4.43,0.937,14.431
K02448.01,CONFIRMED,13.62801048,3.5374,912.8,3.28,39.48,639.0,0.927,26.7,5052.0,4.48,0.855,15.462
K02449.01,CANDIDATE,53.3580444,6.812,736.1,3.41,11.94,474.0,0.905,19.7,5481.0,4.369,1.036,15.114
K02450.01,CONFIRMED,16.83203175,4.031,326.0,1.86,53.44,690.0,0.533,21.6,5518.0,4.4,1.008,14.834
K02451.01,FALSE POSITIVE,13.37499553,1.639,458.1,2.01,57.85,703.0,0.045,16.9,5263.0,4.404,0.961,14.738
K02452.01,FALSE POSITIVE,4.35370136,1.913,168.9,1.33,456.83,1179.0,0.535,12.2,5992.0,4.382,0.985,14.685
K02526.01,FALSE POSITIVE,134.96694,18.43,68.4,0.87,5.18,385.0,0.0156,6.9,6154.0,4.416,1.053,13.314
K02527.01,CONFIRMED,1.385787741,1.6449,85.4,0.55,245.15,1008.0,0.35,19.1,4239.0,4.667,0.6,14.131
K02528.01,CONFIRMED,12.02295362,1.2667,778.6,3.28,85.78,776.0,0.965,20.1,5982.0,4.535,0.879,15.646
K02529.01,CONFIRMED,16.79716262,3.83,1023.8,2.75,15.19,503.0,0.899,21.2,4652.0,4.617,0.697,15.856
K00248.04,CONFIRMED,18.59611518,2.3052,813.8,1.53,4.48,371.0,0.014,27.6,3834.0,4.708,0.539,15.264
K00251.02,CONFIRMED,5.77440326,1.768,245.3,0.8,18.6,529.0,0.425,11.8,3808.0,4.754,0.508,14.752
K02601.01,FALSE POSITIVE,2.622134451,4.735,128.2,1.64,1359.14,1548.0,0.664,42.9,5864.0,4.199,1.369,13.915
K02602.01,CONFIRMED,11.47685263,2.756,240.6,1.58,94.94,796.0,0.07,16.5,5550.0,4.384,1.032,15.051
K02603.01,CANDIDATE,73.711039,10.062,136.7,1.77,23.81,563.0,0.284,21.1,6374.0,4.193,1.502,12.643
K02604.01,CANDIDATE,14.43348326,2.663,526.8,16.25,22.91,558.0,1.185,14.8,4915.0,4.627,0.702,15.323
K02379.01,FALSE POSITIVE,40.0088894,3.616,582.3,20.75,27.65,585.0,1.16,20.2,6237.0,4.403,1.023,15.04
K02380.01,CANDIDATE,6.35705314,1.324,272.2,1.59,227.07,990.0,0.023,17.3,5982.0,4.493,0.96,14.216
K02381.01,FALSE POSITIVE,6.58738839,4.758,258.5,1.35,136.02,871.0,0.523,15.7,5616.0,4.564,0.822,15.575
K02382.01,FALSE POSITIVE,0.759706632,1.0896,39.7,1.38,51080.76,3834.0,0.52,21.6,8621.0,4.101,2.094,12.438
K02383.01,CONFIRMED,4.37033233,2.845,177.8,1.56,475.39,1191.0,0.093,17.7,5657.0,4.282,1.182,15.133
K02453.01,CANDIDATE,1.530515205,0.5945,659.7,0.84,32.46,608.0,0.882,23.2,3462.0,5.004,0.259,15.63
K02454.01,FALSE POSITIVE,1.08070294,3.363,145.6,1.04,1419.52,1565.0,0.688,17.6,5482.0,4.539,0.813,15.986
K02455.01,FALSE POSITIVE,4.74254518,1.023,305.7,1.77,369.34,1118.0,0.051,13.2,6046.0,4.478,1.007,14.413
K02456.01,FALSE POSITIVE,18.13559979,2.019,452.7,24.49,72.36,744.0,1.194,16.4,6184.0,4.448,1.038,14.99
K00245.04,CONFIRMED,51.20690303,8.99,,,,,,,,,,9.705
K02457.01,CONFIRMED,3.70429015,3.37,55.7,1.45,2708.57,1839.0,0.001,15.9,6732.0,3.958,1.927,12.402
K02530.01,CONFIRMED,37.3331165,7.643,187.8,2.5,44.17,657.0,0.851,22.5,5623.0,4.079,1.588,13.611
K02531.01,CANDIDATE,17.6997392,2.76,752.7,1.96,17.73,523.0,0.105,19.8,4807.0,4.583,0.742,15.44
K02532.01,CONFIRMED,7.9709719,1.2893,488.4,2.27,79.1,760.0,0.911,17.3,5237.0,4.572,0.826,15.43
K02533.01,CONFIRMED,6.03355539,10.049,89.5,3.34,1540.84,1598.0,0.35,26.1,4924.0,3.356,3.588,13.274
K02534.01,CONFIRMED,3.02558494,3.0008,128.3,1.62,1148.47,1484.0,0.839,23.8,6123.0,4.263,1.263,13.925
K02605.01,FALSE POSITIVE,0.933746783,4.255,417.5,1.3,696.63,1309.0,0.007,62.8,4643.0,4.61,0.663,15.647
K02606.01,FALSE POSITIVE,6.09740316,4.635,568.5,45.49,2630.31,1826.0,1.2051,14.0,8828.0,4.227,1.828,13.424
K02607.01,CANDIDATE,0.754457729,0.5891,248.2,2.07,4879.62,2131.0,0.677,31.1,5561.0,4.25,1.193,14.482
K02608.01,CONFIRMED,2.7612237,3.681,66.8,1.84,3906.36,2017.0,0.238,14.2,6381.0,3.897,2.232,13.321
K02609.01,FALSE POSITIVE,5.59727625,1.659,200.8,1.26,213.15,975.0,0.403,15.3,5796.0,4.522,0.876,14.626
K02384.01,CANDIDATE,62.6825769,2.327,398.9,39.8,166.36,916.0,1.095,17.8,7058.0,3.648,3.101,13.072
K02385.01,FALSE POSITIVE,50.5715805,3.726,1282.6,2.74,6.44,406.0,0.074,19.9,5262.0,4.59,0.783,15.812
K02386.01,CANDIDATE,16.2707207,5.707,468.0,28.42,110.79,827.0,1.187,13.0,6117.0,4.315,1.244,14.94
K02387.01,CONFIRMED,2.032319072,1.6762,315.5,1.87,1333.35,1542.0,0.133,24.5,6156.0,4.443,1.05,15.298
K00028.01,FALSE POSITIVE,4.100870416,8.15361,123521.0,82.46,939.61,1413.0,0.938,2619.2,5923.0,4.118,1.51,11.26
K02458.01,CONFIRMED,4.35407371,2.427,277.1,1.63,279.53,1043.0,0.734,19.0,5455.0,4.421,0.909,15.404
K02460.01,CONFIRMED,11.32269749,3.517,311.0,1.51,22.24,554.0,0.951,16.0,4563.0,4.624,0.642,15.006
K02461.01,CONFIRMED,13.71218522,2.437,786.7,2.47,49.26,676.0,0.68,22.6,5550.0,4.562,0.831,15.935
K02462.01,CONFIRMED,12.14684625,6.197,70.7,1.75,342.49,1097.0,0.687,27.1,5877.0,3.927,1.963,11.821
K02463.01,CONFIRMED,7.46718958,3.633,75.7,1.04,271.25,1035.0,0.486,18.8,6161.0,4.399,1.169,12.77
K02534.02,CANDIDATE,5.42204257,2.952,79.1,1.39,527.11,1222.0,0.94,10.7,6123.0,4.263,1.263,13.925
K02535.01,CONFIRMED,48.8882668,6.468,462.8,2.96,5.23,386.0,0.988,13.5,4821.0,4.529,0.788,14.985
K02536.01,CONFIRMED,51.1319346,6.019,382.3,2.43,20.36,542.0,0.829,19.6,6071.0,4.353,1.107,14.423
K02537.01,FALSE POSITIVE,133.516435,2.196,510.0,2.01,3.3,344.0,0.6285,6.5,5989.0,4.553,0.848,15.309
K02538.01,CONFIRMED,39.8312536,2.442,388.8,1.46,7.33,420.0,0.24,15.8,5026.0,4.58,0.759,14.125
K00249.01,CONFIRMED,9.549277089,1.5832,1826.9,1.57,4.62,374.0,0.068,112.2,3547.0,4.899,0.369,14.486
K02610.01,CANDIDATE,24.1073172,10.465,104.2,2.74,304.22,1065.0,0.693,23.6,6585.0,3.813,2.517,12.605
K00252.01,CONFIRMED,17.60461401,3.716,2292.1,2.64,4.07,362.0,0.715,80.1,3744.0,4.737,0.516,15.613
K02611.01,FALSE POSITIVE,1.228721184,1.041,465.6,1.62,728.99,1324.0,0.208,26.4,4897.0,4.542,0.764,15.76
K02613.01,CANDIDATE,51.5738653,2.784,900.7,2.41,7.12,417.0,0.275,13.2,5380.0,4.581,0.813,15.96
K02615.01,CONFIRMED,4.69505576,3.058,240.0,1.49,343.6,1098.0,0.204,15.9,5999.0,4.494,0.959,15.711
K02616.01,FALSE POSITIVE,0.569115976,2.028,796.9,1.8,1504.24,1589.0,0.068,59.8,4788.0,4.61,0.656,12.093
K00242.01,FALSE POSITIVE,7.258450123,5.7297,3714.7,5.53,141.3,880.0,0.05,288.6,5638.0,4.513,0.92,14.747
K02388.01,FALSE POSITIVE,6.0959841,10.39,112.7,0.99,225.07,988.0,0.657,29.2,5826.0,4.43,0.885,14.104
K02389.01,CONFIRMED,22.9221181,8.2,140.3,1.33,51.7,684.0,0.603,24.0,5897.0,4.357,1.081,13.578
K02390.01,CONFIRMED,16.10474503,5.712,124.1,3.21,425.93,1159.0,0.224,25.4,5822.0,3.683,2.886,12.249
K02392.01,CONFIRMED,7.42697378,3.206,205.2,1.4,154.52,899.0,0.337,15.4,5573.0,4.434,0.982,14.985
K02464.01,FALSE POSITIVE,0.874629873,1.782,68.1,0.72,1538.25,1597.0,0.665,19.2,5099.0,4.491,0.832,14.107
K02465.01,FALSE POSITIVE,5.46091846,1.781,172.0,1.25,353.34,1106.0,0.4,21.2,6319.0,4.465,0.93,14.332
K02466.01,CONFIRMED,3.17323012,1.9094,204.5,0.88,112.21,830.0,0.085,21.4,4500.0,4.632,0.633,14.993
K02466.02,CONFIRMED,13.2970695,3.283,219.7,0.91,16.64,515.0,0.03,14.9,4500.0,4.632,0.633,14.993
K00246.01,CONFIRMED,5.398752862,3.4303,346.5,2.21,398.33,1140.0,0.015,289.6,5790.0,4.279,1.198,9.997
K02539.01,FALSE POSITIVE,5.26648126,1.964,97.8,1.07,420.53,1155.0,0.403,16.0,6204.0,4.394,1.065,13.648
K02540.01,FALSE POSITIVE,2.67596808,2.021,420.6,1.57,234.19,998.0,0.115,17.5,4732.0,4.53,0.795,15.596
K02541.01,CONFIRMED,7.41683033,7.274,72.6,3.36,973.85,1425.0,0.873,20.6,4938.0,3.45,3.324,13.007
K02542.01,CONFIRMED,0.727331746,0.8323,357.4,0.67,122.92,849.0,0.153,20.4,3460.0,4.92,0.356,15.527
K02543.01,CONFIRMED,1.302017467,1.3692,290.5,1.37,772.73,1344.0,0.286,21.4,4948.0,4.508,0.816,15.351
K02617.01,CONFIRMED,8.63050092,3.144,325.8,1.43,70.63,739.0,0.595,14.9,5352.0,4.599,0.764,15.868
K02618.01,FALSE POSITIVE,12.49117388,2.848,189.9,1.36,80.08,763.0,0.747,17.0,5753.0,4.461,0.911,14.521
K02619.01,CONFIRMED,3.27645723,2.219,323.0,1.71,482.56,1195.0,0.001,17.9,5812.0,4.504,0.963,15.934
K02620.01,CONFIRMED,16.0573291,3.546,575.0,2.27,41.04,645.0,0.883,17.5,5644.0,4.575,0.806,15.869
K02621.01,FALSE POSITIVE,8.44326557,3.353,359.5,1.97,179.79,934.0,0.42,19.0,6081.0,4.468,1.023,15.351
K02393.01,CONFIRMED,4.60300256,2.6848,302.5,1.32,122.02,848.0,0.072,22.2,4821.0,4.529,0.788,14.903
K02395.01,FALSE POSITIVE,16.9329284,1.218,488.3,2.46,93.34,793.0,0.319,20.4,6310.0,4.417,1.095,14.779
K02397.01,CONFIRMED,12.00089667,3.266,420.7,1.47,37.81,632.0,0.595,20.0,5195.0,4.598,0.69,15.563
K02398.01,FALSE POSITIVE,1.169010526,1.1717,165.9,91.91,47688.8,3766.0,1.13,37.1,5944.0,3.25,5.847,13.579
K02399.01,CONFIRMED,1.916940872,1.4243,105.1,0.89,571.25,1246.0,0.405,17.7,5083.0,4.468,0.872,14.1
K02467.01,CONFIRMED,5.05661302,3.926,137.9,1.15,286.32,1049.0,0.616,17.6,5926.0,4.506,0.939,14.63
K02468.01,CONFIRMED,24.3344939,6.557,323.1,1.74,41.3,647.0,0.017,18.1,6091.0,4.487,0.967,15.373
K02469.01,CONFIRMED,131.187921,6.905,915.9,2.34,1.54,284.0,0.069,23.9,4898.0,4.518,0.803,15.048
K02470.01,FALSE POSITIVE,2.17489806,4.599,74.8,1.08,1187.26,1496.0,0.76,29.3,5749.0,4.323,1.15,13.655
K02471.01,CONFIRMED,25.8859397,4.548,217.1,1.66,20.35,542.0,0.922,16.1,5190.0,4.446,0.899,14.556
K02544.01,CONFIRMED,28.6253502,4.551,652.7,2.38,25.54,573.0,0.021,18.3,5774.0,4.508,0.941,15.826
K02545.01,CONFIRMED,6.98141327,6.527,38.0,1.42,865.81,1384.0,0.699,20.9,6054.0,3.923,2.163,11.752
K02546.01,FALSE POSITIVE,1.319677953,1.978,100.7,1.13,2729.71,1843.0,0.62,17.4,6306.0,4.426,1.076,14.332
K02547.01,CONFIRMED,8.94337724,2.469,215.1,1.48,188.93,946.0,0.163,18.4,6074.0,4.375,1.005,14.169
K02548.01,CANDIDATE,0.827151296,1.385,272.4,19.1,168151.39,5171.0,0.281,8.1,4452.0,2.28,11.895,14.992
K00250.01,CONFIRMED,12.282998287,2.7096,2794.7,2.83,8.14,431.0,0.047,137.2,3879.0,4.708,0.537,15.473
K02622.01,FALSE POSITIVE,0.328686504,0.8592,171.9,1.11,6891.11,2324.0,0.233,26.8,5430.0,4.535,0.847,15.316
K00253.01,CONFIRMED,6.383159135,1.7504,2313.2,2.73,18.73,530.0,0.197,64.4,3757.0,4.681,0.576,15.254
K02623.01,CONFIRMED,5.57654782,3.673,53.6,0.92,462.81,1183.0,0.45,13.2,6187.0,4.341,1.238,13.383
K02624.01,CONFIRMED,115.6863392,4.65,945.9,3.52,6.09,401.0,0.226,20.7,5800.0,4.327,1.149,15.174
K02625.01,CONFIRMED,3.81371423,1.973,281.0,1.37,264.63,1029.0,0.306,11.4,5547.0,4.571,0.82,15.89
K02626.01,CONFIRMED,38.0970717,4.307,913.3,1.58,0.81,242.0,0.953,17.0,3554.0,4.867,0.398,15.931
K02400.01,CANDIDATE,11.6191707,1.819,700.4,2.21,77.43,756.0,0.059,18.5,5870.0,4.56,0.834,15.664
K00243.01,FALSE POSITIVE,2.637574744,5.4573,5423.5,9.16,868.86,1385.0,0.909,222.8,6108.0,4.466,1.03,15.106
K02401.01,CANDIDATE,38.2292037,3.893,605.8,1.51,3.92,359.0,0.571,21.0,4544.0,4.656,0.598,14.847
K02402.01,CONFIRMED,16.3012727,3.974,259.5,1.54,22.73,557.0,0.88,19.7,4873.0,4.558,0.796,14.61
K02403.01,CONFIRMED,13.32354078,3.873,116.6,1.32,136.61,872.0,0.225,16.3,6113.0,4.341,1.218,12.867
K02472.01,CONFIRMED,2.607545159,1.3916,351.5,2.07,993.79,1431.0,0.206,23.0,6147.0,4.435,1.096,15.618
K02473.01,CONFIRMED,3.24417541,1.992,371.9,1.84,283.66,1047.0,0.761,18.0,5094.0,4.469,0.87,15.77
K02474.01,CANDIDATE,176.845697,3.812,431.6,42.05,1.69,291.0,1.4653,7.7,5592.0,4.541,0.797,14.182
K02475.01,FALSE POSITIVE,6.85567248,2.268,197.7,1.27,153.07,897.0,0.479,17.2,5734.0,4.538,0.883,14.738
K02476.01,FALSE POSITIVE,2.28607282,7.82,261.8,1.01,186.39,942.0,0.059,35.9,4583.0,4.65,0.654,15.546
K00246.02,CONFIRMED,9.60505976,3.0063,55.0,0.91,185.15,941.0,0.54,32.2,5790.0,4.279,1.198,9.997
K02549.01,FALSE POSITIVE,3.54789928,2.861,185.3,0.99,224.45,987.0,0.325,13.6,5399.0,4.619,0.725,15.413
K02550.01,CANDIDATE,18.0243482,3.575,441.2,1.98,51.44,683.0,0.57,17.3,5955.0,4.52,0.91,15.419
K02551.01,CANDIDATE,16.4793229,3.312,479.1,1.53,19.62,537.0,0.263,13.8,4908.0,4.618,0.716,15.846
K02552.01,CONFIRMED,3.65690909,2.064,107.4,1.32,828.52,1368.0,0.217,12.8,6078.0,4.294,1.271,14.46
K02553.01,CONFIRMED,88.0712769,6.758,885.4,2.4,2.79,330.0,0.347,18.1,4939.0,4.506,0.819,15.639
K02627.01,CONFIRMED,8.38395796,5.2,108.5,3.24,645.64,1285.0,0.892,14.1,5405.0,3.741,2.605,14.667
K02628.01,CONFIRMED,1.68189051,2.992,83.2,1.27,2432.14,1790.0,0.415,17.4,5827.0,4.191,1.374,14.812
K02629.01,FALSE POSITIVE,8.59000355,6.68,298.1,1.82,119.26,843.0,0.909,18.9,5817.0,4.538,0.876,15.408
K02631.01,CONFIRMED,44.9977604,9.686,170.2,1.59,15.74,508.0,0.928,21.4,5871.0,4.493,0.983,13.468
K02632.01,CONFIRMED,7.12815163,5.522,45.9,1.36,839.5,1373.0,0.201,22.0,6311.0,3.998,1.994,11.392
K02404.01,CANDIDATE,2.10081629,2.8182,169.1,1.65,852.78,1378.0,0.979,15.3,5815.0,4.5,0.918,15.656
K02405.01,FALSE POSITIVE,0.872952088,1.4499,137.3,25.5,23715.46,3165.0,1.1,41.6,7102.0,3.972,2.082,12.335
K02406.01,CONFIRMED,7.01074295,2.1787,222.8,3.76,1054.63,1453.0,0.427,21.3,5814.0,3.745,2.476,14.689
K02407.01,CONFIRMED,17.2922631,7.042,203.1,2.13,101.22,809.0,0.865,23.7,5936.0,4.261,1.299,14.15
K02408.01,CONFIRMED,94.289223,4.102,505.4,2.11,4.39,369.0,0.613,22.5,5632.0,4.537,0.904,14.183
K02477.01,CONFIRMED,14.02634692,1.2808,403.6,2.66,108.07,822.0,0.877,19.3,5970.0,4.355,1.131,14.729
K02478.01,FALSE POSITIVE,12.425866431,29.1428,257.9,2.12,71.19,741.0,0.977,62.2,5428.0,4.404,0.94,14.148
K02479.01,CONFIRMED,25.5433704,8.567,138.6,2.11,84.0,772.0,0.44,28.4,5422.0,3.945,1.782,12.939
K02481.01,FALSE POSITIVE,33.8542586,12.689,253.3,15.96,730.99,1326.0,0.1881,10.0,4553.0,2.605,10.472,13.605
K02482.01,CONFIRMED,45.0909201,4.605,436.3,2.44,13.27,487.0,0.957,14.1,5790.0,4.528,0.9,14.976
K02483.01,CONFIRMED,15.0539886,4.422,221.5,1.44,46.3,665.0,0.886,16.3,5475.0,4.479,0.818,14.503
K02840.01,CANDIDATE,3.67936863,3.47,85.9,0.92,361.27,1112.0,0.885,18.1,5676.0,4.474,0.848,13.884
K02840.02,CANDIDATE,7.4464635,4.084,78.0,0.77,141.12,879.0,0.531,12.7,5676.0,4.474,0.848,13.884
K02841.01,CONFIRMED,159.388788,8.432,1033.0,2.73,1.65,289.0,0.109,17.3,5135.0,4.464,0.874,15.822
K02842.01,CONFIRMED,1.565412613,0.7572,2754.6,1.73,41.85,648.0,0.003,48.6,3464.0,4.923,0.328,16.257
K02842.02,CONFIRMED,5.14892346,0.9613,2355.0,1.72,8.54,436.0,0.719,25.4,3464.0,4.923,0.328,16.257
K02917.01,FALSE POSITIVE,0.730943372,3.004,134.7,1.37,5461.14,2190.0,0.792,27.0,6143.0,4.418,1.067,15.021
K02918.01,FALSE POSITIVE,0.515552803,1.7869,1224.1,13.96,2508.21,1807.0,1.128,79.6,5068.0,4.556,0.73,15.786
K02919.01,CONFIRMED,2.522590567,1.406,210.2,25.82,499.07,1205.0,1.261,18.5,5591.0,4.559,0.86,14.816
K02920.01,CONFIRMED,6.73968289,4.183,142.0,1.48,246.9,1011.0,0.662,15.4,5511.0,4.261,1.176,14.455
K00276.01,CONFIRMED,41.74598855,4.6125,421.8,2.4,27.58,584.0,0.049,110.5,5978.0,4.316,1.171,11.854
K02702.01,FALSE POSITIVE,75.378004,6.744,447.8,3.82,10.13,455.0,0.989,20.5,5876.0,4.374,1.077,13.693
K02703.01,CONFIRMED,213.258526,7.768,1992.3,2.72,0.39,202.0,0.037,36.1,4477.0,4.649,0.637,15.165
K00260.02,CONFIRMED,100.2830675,10.8636,351.2,2.51,12.07,475.0,0.535,81.9,6214.0,4.238,1.297,10.5
K02704.01,CONFIRMED,4.871223664,1.5916,6462.0,1.56,3.18,341.0,0.706,50.5,3157.0,5.112,0.18,17.475
K02704.02,CONFIRMED,2.984157711,1.2637,2598.0,0.92,6.12,401.0,0.45,24.3,3157.0,5.112,0.18,17.475
K02705.01,CONFIRMED,2.8867624,0.9879,631.8,1.24,22.75,557.0,0.92,37.1,3483.0,4.875,0.389,14.717
K02763.01,FALSE POSITIVE,0.498434645,0.955,239.2,1.08,1873.28,1676.0,0.288,26.8,4784.0,4.618,0.708,15.397
K02764.01,CANDIDATE,2.252976718,1.7131,467.9,1.19,94.26,795.0,0.157,21.7,4039.0,4.708,0.559,15.794
K02765.01,FALSE POSITIVE,2.75505467,3.426,85.5,1.74,2387.41,1783.0,0.738,27.8,6257.0,4.063,1.748,13.883
K02766.01,FALSE POSITIVE,1.572181216,7.219,219.5,77.12,30903.98,3384.0,1.149,48.2,6622.0,3.421,4.315,13.157
K02767.01,FALSE POSITIVE,1.28805834,3.419,92.6,1.08,2142.23,1736.0,0.214,28.1,5631.0,4.33,1.132,14.487
K02844.01,FALSE POSITIVE,2.72288246,2.408,152.6,1.06,431.75,1162.0,0.08,15.5,5458.0,4.53,0.872,15.003
K02845.01,CONFIRMED,1.574090323,1.5796,224.9,0.93,234.92,998.0,0.071,17.7,4313.0,4.662,0.65,15.571
K02846.01,FALSE POSITIVE,0.947738312,1.206,202.2,0.88,537.85,1229.0,0.022,13.9,4464.0,4.643,0.638,15.761
K02848.01,CONFIRMED,13.7872627,5.747,75.1,1.55,150.64,894.0,0.921,23.9,5691.0,4.139,1.458,12.458
K00271.03,CONFIRMED,14.4359459,3.414,107.3,1.46,144.45,884.0,0.613,22.0,6075.0,4.264,1.352,11.485
K02849.01,CONFIRMED,5.95958637,2.899,133.1,1.02,153.48,897.0,0.26,16.1,5452.0,4.535,0.9,14.52
K02921.01,CANDIDATE,16.6146221,2.706,361.2,1.49,31.48,604.0,0.017,10.6,5295.0,4.548,0.8,15.46
K02922.01,FALSE POSITIVE,0.497581917,1.46,140.6,0.76,2487.04,1801.0,0.328,17.1,5271.0,4.634,0.63,15.481
K02923.01,CANDIDATE,5.83892993,1.1066,237.4,1.19,114.94,835.0,0.319,15.3,5279.0,4.588,0.769,14.628
K02924.01,CONFIRMED,2.279523364,1.6202,126.8,0.87,374.78,1123.0,0.033,16.7,5017.0,4.516,0.797,14.589
K02926.01,CONFIRMED,12.2854718,2.996,1617.1,2.21,8.39,434.0,0.291,23.8,3891.0,4.718,0.564,16.279
K02926.02,CONFIRMED,5.53609368,2.2942,1223.3,2.2,24.23,566.0,0.791,22.6,3891.0,4.718,0.564,16.279
K02706.01,CANDIDATE,3.09756897,4.588,83.3,1.75,2380.18,1782.0,0.408,14.6,6329.0,4.026,1.885,10.268
K02707.01,CONFIRMED,58.0337426,5.584,807.1,3.21,13.17,486.0,0.021,34.9,5467.0,4.271,1.152,14.467
K02707.02,CONFIRMED,14.4252635,3.754,221.2,1.68,84.28,773.0,0.013,15.2,5467.0,4.271,1.152,14.467
K02707.03,CONFIRMED,26.6757818,2.696,474.8,2.69,37.15,630.0,0.713,20.0,5467.0,4.271,1.152,14.467
K02708.01,CONFIRMED,0.868386354,1.066,488.5,1.52,880.33,1389.0,0.135,27.3,4792.0,4.627,0.704,15.898
K02768.01,CONFIRMED,11.8288843,3.337,191.0,1.18,67.13,730.0,0.2658,9.1,5653.0,4.551,0.857,15.228
K02768.02,CONFIRMED,14.7512034,1.25,261.1,1.63,49.97,678.0,0.8759,8.3,5653.0,4.551,0.857,15.228
K02769.01,FALSE POSITIVE,1.480323978,1.833,166.2,1.46,2180.25,1743.0,0.617,43.4,5996.0,4.342,1.081,13.66
K02770.01,CANDIDATE,205.385912,8.681,1248.7,2.11,0.38,200.0,0.008,24.3,4400.0,4.659,0.624,15.558
K00041.02,CONFIRMED,6.88707073,4.4679,68.7,1.3,420.97,1155.0,0.696,38.2,5788.0,4.122,1.474,11.197
K00267.01,FALSE POSITIVE,165.75597,8.45,57.3,15049.8,5.96,398.0,98.6021,12.8,5800.0,4.119,1.412,10.458
K02850.01,FALSE POSITIVE,1.11431205,2.112,160.4,1.07,1691.99,1635.0,0.141,15.5,5776.0,4.554,0.849,15.411
K02851.01,CONFIRMED,3.42064689,1.767,356.8,2.27,382.68,1129.0,0.92,13.9,5370.0,4.411,0.966,15.472
K02851.02,CANDIDATE,1.23935745,1.683,150.9,1.5,1488.51,1583.0,0.932,9.7,5370.0,4.411,0.966,15.472
K02852.01,CONFIRMED,0.675650404,1.8261,200.7,1.36,4473.06,2085.0,0.03,22.4,5966.0,4.493,0.961,15.892
K02853.01,CANDIDATE,1.407020118,1.3766,181.9,1.12,782.45,1350.0,0.167,18.9,5022.0,4.485,0.849,14.946
K02927.01,CANDIDATE,24.4359956,6.254,496.6,2.31,48.81,674.0,0.019,17.1,6197.0,4.449,1.035,15.849
K02928.01,FALSE POSITIVE,17.7337356,5.558,217.3,1.24,29.95,597.0,0.514,17.0,5335.0,4.56,0.831,14.625
K02929.01,FALSE POSITIVE,10.06478627,2.86,285.7,1.49,66.74,729.0,0.729,18.6,5438.0,4.574,0.82,14.89
K02930.01,FALSE POSITIVE,1.12976597,3.096,133.7,0.83,987.44,1429.0,0.338,14.3,5366.0,4.625,0.715,15.625
K00277.01,CONFIRMED,16.23191704,7.461,501.6,3.54,174.1,926.0,0.017,194.9,5919.0,4.042,1.585,11.866
K02709.01,FALSE POSITIVE,15.4126766,3.402,599.8,2.82,34.56,618.0,0.958,7.5,5240.0,4.555,0.856,14.373
K02710.01,FALSE POSITIVE,1.110599919,1.3493,157.6,1.07,1320.65,1539.0,0.214,38.7,5227.0,4.463,0.867,14.139
K00260.03,CONFIRMED,21.86965714,5.5177,125.5,1.51,92.0,790.0,0.557,43.5,6214.0,4.238,1.297,10.5
K02711.01,CONFIRMED,9.02436414,3.011,214.6,1.62,183.39,939.0,0.014,23.5,5885.0,4.348,1.111,13.642
K02711.02,CONFIRMED,17.3408735,3.398,159.0,1.43,76.86,755.0,0.489,13.5,5885.0,4.348,1.111,13.642
K02771.01,FALSE POSITIVE,0.814280672,2.326,134.9,1.91,10224.99,2563.0,0.701,12.3,6366.0,4.167,1.543,11.751
K02773.01,FALSE POSITIVE,0.878855771,1.1014,269.7,1.57,2857.19,1864.0,0.41,25.3,5727.0,4.438,0.937,14.853
K02774.01,FALSE POSITIVE,2.49432176,2.3269,8043.0,8.91,766.49,1342.0,0.069,43.2,5780.0,4.438,1.0,17.69
K02775.01,CANDIDATE,17.57704569,2.022,670.0,27.21,48.33,673.0,1.25,19.1,5653.0,4.442,0.901,14.94
K02776.01,FALSE POSITIVE,1.00652785,1.3175,125.9,1.03,2556.97,1815.0,0.467,17.9,6089.0,4.527,0.889,14.716
K02777.01,FALSE POSITIVE,1.99566293,4.514,197.0,1.11,462.26,1182.0,0.564,21.9,5235.0,4.595,0.771,15.734
K02854.01,FALSE POSITIVE,0.755111225,3.164,168.0,1.38,3759.62,1999.0,0.694,76.4,5780.0,4.438,1.0,13.573
K02855.01,CANDIDATE,1.400755743,1.0562,144.4,1.3,1659.74,1628.0,0.413,19.8,5487.0,4.333,1.072,14.456
K02856.01,CONFIRMED,25.8730914,5.085,694.4,2.88,46.82,667.0,0.196,20.1,6036.0,4.382,1.093,15.323
K02857.01,CONFIRMED,20.2642023,4.664,185.3,2.12,82.92,770.0,0.914,19.9,5937.0,4.251,1.291,13.701
K00272.01,CANDIDATE,1.28132831,0.9157,525.5,4.52,5673.71,2215.0,0.926,196.4,5918.0,3.978,1.596,12.107
K02857.02,CONFIRMED,7.44136102,4.554,79.7,1.33,315.02,1075.0,0.862,14.2,5937.0,4.251,1.291,13.701
K02931.01,CONFIRMED,99.2532336,7.208,538.0,2.17,1.93,300.0,0.947,20.5,5010.0,4.623,0.715,14.699
K02932.01,FALSE POSITIVE,3.84933401,2.299,503.9,2.12,408.84,1147.0,0.591,13.6,5984.0,4.521,0.906,15.851
K02933.01,CANDIDATE,119.0833042,2.558,2951.0,22.19,0.78,240.0,1.257,18.9,4412.0,4.662,0.623,15.823
K02935.01,CANDIDATE,27.8813154,6.346,209.2,1.54,50.86,681.0,0.168,15.5,6434.0,4.414,1.055,13.603
K02936.01,CONFIRMED,6.4802138,3.27,142.0,1.26,180.05,934.0,0.725,13.7,5496.0,4.417,0.983,14.421
K02712.01,CANDIDATE,7.50790041,5.646,145.0,1.77,396.33,1138.0,0.795,11.9,6408.0,4.309,1.337,11.125
K02713.01,FALSE POSITIVE,21.3910125,3.512,645.8,1.72,12.88,483.0,0.347,25.1,4889.0,4.637,0.686,14.985
K02714.01,CONFIRMED,14.3832267,8.378,178.5,1.84,147.78,889.0,0.7,39.0,6115.0,4.249,1.291,13.312
K02714.02,CONFIRMED,47.3186631,10.465,263.4,2.1,30.22,598.0,0.189,36.2,6115.0,4.249,1.291,13.312
K02715.01,CONFIRMED,11.12827427,2.6118,6057.0,4.04,6.52,408.0,0.594,65.6,3640.0,4.744,0.503,16.835
K02778.01,CONFIRMED,2.21571296,1.8211,285.1,1.7,638.56,1283.0,0.796,22.1,5417.0,4.447,0.901,15.392
K02779.01,CONFIRMED,34.4585495,7.434,431.0,1.88,23.05,559.0,0.626,23.7,6161.0,4.545,0.862,14.936
K02780.01,CONFIRMED,3.35184041,1.9855,345.3,1.88,661.69,1294.0,0.091,20.0,6198.0,4.464,1.005,15.526
K02781.01,FALSE POSITIVE,1.615758517,1.734,41.7,1.31,5140.67,2158.0,0.234,18.0,5622.0,3.813,2.017,12.743
K00268.01,CANDIDATE,110.3783828,12.211,489.8,3.02,11.82,473.0,0.014,108.9,6342.0,4.242,1.359,10.56
K02859.01,CONFIRMED,3.4462125,2.101,83.5,0.7,251.24,1015.0,0.704,15.6,5374.0,4.555,0.721,13.851
K02859.02,CONFIRMED,2.005414293,1.934,59.5,0.65,516.85,1216.0,0.874,13.9,5374.0,4.555,0.721,13.851
K02859.03,CANDIDATE,4.28886792,2.599,59.3,0.57,187.43,944.0,0.534,11.1,5374.0,4.555,0.721,13.851
K02861.01,FALSE POSITIVE,1.868564038,1.192,176.7,1.4,1417.56,1565.0,0.456,17.2,6065.0,4.427,1.023,14.944
K02862.01,CANDIDATE,24.5752524,2.258,1003.4,1.64,2.35,316.0,0.489,12.1,3678.0,4.755,0.512,15.907
K02946.01,CONFIRMED,15.1408916,4.359,476.8,1.93,61.42,714.0,0.136,20.1,5926.0,4.532,0.887,15.679
K02948.01,CONFIRMED,11.39169531,5.0,51.0,1.02,145.67,886.0,0.849,19.0,5557.0,4.198,1.249,11.926
K02949.01,CANDIDATE,10.1747037,5.179,52.4,1.04,222.53,985.0,0.726,11.8,5866.0,4.191,1.339,13.313
K02951.01,CONFIRMED,2.44358543,1.852,59.1,0.67,574.37,1249.0,0.258,11.9,5561.0,4.486,0.873,13.348
K02952.01,FALSE POSITIVE,1.7592691,2.381,140.4,1.21,1254.94,1519.0,0.564,13.5,5784.0,4.416,0.984,15.229
K02715.02,CONFIRMED,2.226496196,1.7073,1839.1,2.1,55.76,697.0,0.048,36.0,3640.0,4.744,0.503,16.835
K02715.03,CONFIRMED,5.72084599,2.744,1316.0,1.78,15.84,509.0,0.166,20.5,3640.0,4.744,0.503,16.835
K02716.01,CONFIRMED,0.962864171,1.6802,303.5,1.52,1828.67,1666.0,0.736,31.6,5704.0,4.575,0.804,15.81
K00261.01,CONFIRMED,16.23847733,3.9699,646.7,2.76,60.35,711.0,0.766,125.8,5683.0,4.422,0.993,10.297
K02716.02,CONFIRMED,6.46004728,1.979,394.2,1.8,144.06,883.0,0.828,17.0,5704.0,4.575,0.804,15.81
K02785.01,CONFIRMED,4.76831033,3.2363,251.8,1.78,522.81,1219.0,0.191,35.4,6237.0,4.374,1.116,14.083
K02786.01,CONFIRMED,44.616751,7.831,239.7,2.31,54.56,693.0,0.618,28.4,6763.0,4.22,1.424,13.791
K02787.01,FALSE POSITIVE,1.714410345,3.336,50.4,1.84,10025.53,2551.0,0.56,22.9,6340.0,3.731,2.498,13.297
K02789.01,CONFIRMED,3.40165617,1.9617,155.9,1.34,552.42,1236.0,0.906,19.9,6177.0,4.516,0.906,14.497
K02790.01,CONFIRMED,14.00948631,3.399,169.9,0.98,34.32,617.0,0.268,22.6,5153.0,4.551,0.767,13.38
K02863.01,FALSE POSITIVE,1.703359172,1.914,57.6,0.69,1284.58,1525.0,0.152,13.9,6026.0,4.503,0.904,13.778
K02864.01,FALSE POSITIVE,3.77881664,5.819,47.1,3.99,10473.57,2580.0,0.628,22.2,6115.0,3.267,5.544,12.923
K02865.01,CONFIRMED,1.311558909,1.919,141.3,1.15,1776.99,1655.0,0.218,17.2,5926.0,4.501,0.963,15.371
K02866.01,CONFIRMED,1.291233083,1.855,66.0,0.89,2993.7,1887.0,0.2,15.9,6384.0,4.419,1.086,14.135
K00273.01,CONFIRMED,10.573751447,1.7259,298.9,2.07,120.25,844.0,0.785,82.0,5720.0,4.4,1.08,11.457
K02961.01,CONFIRMED,3.7847507,2.924,33.5,0.7,699.15,1311.0,0.021,12.2,6017.0,4.326,1.206,12.581
K02962.01,CANDIDATE,2.17291055,2.139,76.4,0.93,1220.49,1507.0,0.362,13.6,6164.0,4.446,1.045,14.229
K02963.01,CONFIRMED,18.2206024,5.109,201.8,1.78,90.43,786.0,0.125,19.7,5951.0,4.283,1.262,14.544
K02963.02,CANDIDATE,7.35101287,2.757,115.9,1.42,303.08,1064.0,0.608,12.8,5951.0,4.283,1.262,14.544
K02964.01,CONFIRMED,47.4497134,10.675,206.4,1.61,21.82,551.0,0.016,16.9,6007.0,4.353,1.126,14.089
K02717.01,CONFIRMED,0.929906166,1.743,108.7,1.48,6514.57,2291.0,0.102,79.7,6039.0,4.169,1.413,12.41
K02718.01,FALSE POSITIVE,0.784513087,1.9206,316.6,131.4,3036857.56,10634.0,0.029,47.7,3853.0,0.892,78.869,13.819
K02719.01,CONFIRMED,4.11585514,1.4858,425.8,1.93,151.55,895.0,0.807,20.8,4827.0,4.508,0.823,15.141
K02720.01,CANDIDATE,6.57159435,3.1044,65.7,1.26,507.81,1211.0,0.751,30.7,6042.0,4.139,1.432,10.338
K02721.01,CONFIRMED,33.878639,6.194,700.1,3.52,24.0,564.0,0.923,27.9,5533.0,4.348,1.072,15.16
K02791.01,CONFIRMED,27.5722144,5.256,296.3,1.94,38.62,636.0,0.562,20.0,5912.0,4.397,1.09,14.718
K02792.01,CONFIRMED,2.12821621,3.146,25.9,0.7,1831.55,1668.0,0.098,22.1,5952.0,4.227,1.377,11.126
K02794.01,FALSE POSITIVE,0.703399912,0.823,531.4,2.15,3879.31,2013.0,0.393,32.0,5955.0,4.52,0.91,15.728
K02795.01,FALSE POSITIVE,2.5355023,7.189,354.6,2.7,1127.68,1477.0,0.965,37.6,6268.0,4.429,1.1,15.273
K02797.01,CANDIDATE,0.868122253,1.5471,231.3,1.65,4163.14,2047.0,0.006,23.2,6116.0,4.44,1.084,15.8
K02867.01,FALSE POSITIVE,1.332560553,3.315,31.7,0.4,574.99,1249.0,0.37,26.1,4947.0,4.621,0.714,12.912
K02867.02,FALSE POSITIVE,18.936061,22.27,24.3,0.34,16.7,516.0,0.285,14.0,4947.0,4.621,0.714,12.912
K02868.01,CONFIRMED,10.65275054,2.684,740.7,2.2,69.81,737.0,0.051,17.5,5602.0,4.571,0.817,15.97
K02869.01,CONFIRMED,3.30040818,4.462,98.8,1.43,1341.9,1543.0,0.008,19.3,6333.0,4.229,1.438,13.749
K02870.01,FALSE POSITIVE,5.62950902,6.542,297.5,2.11,216.41,979.0,0.974,14.3,5822.0,4.529,0.898,15.957
K02942.01,CANDIDATE,13.84301228,4.077,567.8,1.98,56.45,699.0,0.052,17.5,5745.0,4.559,0.837,15.48
K02942.02,CONFIRMED,24.2758992,4.59,702.2,2.25,26.68,580.0,0.441,17.0,5745.0,4.559,0.837,15.48
K02943.01,CONFIRMED,54.4099612,9.314,193.0,1.56,16.35,513.0,0.157,20.8,5746.0,4.309,1.133,13.852
K02944.01,FALSE POSITIVE,9.12209336,4.347,906.8,28.17,131.35,863.0,1.236,22.2,5899.0,4.499,0.96,15.676
K02945.01,CONFIRMED,19.94752741,1.756,861.3,2.52,36.14,625.0,0.094,16.0,5749.0,4.547,0.864,15.999
K00277.02,CONFIRMED,13.84984567,7.2783,84.6,1.45,214.98,977.0,0.012,35.2,5919.0,4.042,1.585,11.866
K02722.01,CONFIRMED,6.12479773,3.466,129.3,1.51,399.43,1140.0,0.79,20.1,6052.0,4.285,1.202,13.268
K02722.02,CONFIRMED,11.24284815,4.241,136.0,1.44,177.7,931.0,0.52,17.4,6052.0,4.285,1.202,13.268
K02722.03,CONFIRMED,4.02877097,3.173,100.4,1.21,699.45,1311.0,0.193,18.6,6052.0,4.285,1.202,13.268
K02722.04,CONFIRMED,8.92114318,3.933,110.8,1.27,241.79,1006.0,0.12,15.3,6052.0,4.285,1.202,13.268
K00262.01,CONFIRMED,7.81285862,4.098,117.3,1.68,483.06,1196.0,0.03,32.3,6237.0,4.136,1.543,10.421
K00269.01,CONFIRMED,18.01164974,6.7367,107.8,1.83,155.37,900.0,0.924,60.8,6477.0,4.224,1.459,10.927
K02798.01,CONFIRMED,0.916142298,1.1555,98.5,0.6,507.47,1212.0,0.232,23.0,4374.0,4.639,0.614,14.107
K02799.01,FALSE POSITIVE,0.597933473,1.918,106.0,1.24,10196.42,2564.0,0.562,26.0,6543.0,4.382,1.159,13.364
K02800.01,FALSE POSITIVE,2.69636494,3.892,109.0,1.24,925.14,1406.0,0.628,22.2,5653.0,4.25,1.139,14.515
K02801.01,CONFIRMED,6.99205021,5.037,33.4,1.06,479.87,1194.0,0.944,24.4,6057.0,4.139,1.467,10.787
K02871.01,CONFIRMED,12.0999065,3.558,165.5,1.39,100.37,807.0,0.14,15.1,5553.0,4.33,1.098,14.754
K02871.02,CONFIRMED,5.36375016,2.94,114.3,1.15,296.73,1059.0,0.008,14.4,5553.0,4.33,1.098,14.754
K02872.01,FALSE POSITIVE,3.17319407,2.512,135.8,0.91,318.23,1077.0,0.211,16.2,5369.0,4.508,0.784,14.162
K02873.01,FALSE POSITIVE,5.24368302,10.873,225.4,0.91,43.13,654.0,0.006,36.9,4194.0,4.633,0.629,15.29
K02876.01,CANDIDATE,5.1952021,2.1552,320.8,1.37,115.35,836.0,0.604,17.7,5044.0,4.551,0.738,14.937
K02955.01,FALSE POSITIVE,0.591280187,1.1656,135.0,1.3,7620.01,2385.0,0.395,21.6,6246.0,4.433,1.092,15.046
K02956.01,CONFIRMED,3.93766786,4.655,24.3,1.36,3388.82,1947.0,0.226,16.8,6277.0,3.728,2.741,11.801
K02958.01,CANDIDATE,31.6084371,3.675,331.6,1.89,38.1,634.0,0.022,16.2,6341.0,4.446,1.033,14.756
K02959.01,CANDIDATE,16.1558656,3.798,731.3,2.04,10.1,455.0,0.973,17.5,4504.0,4.713,0.53,15.771
K02960.01,FALSE POSITIVE,1.465943491,1.513,52.3,1.6,8804.6,2472.0,0.211,15.8,6230.0,3.847,2.19,13.147
K00279.01,CONFIRMED,28.45489091,8.1593,1418.6,6.08,82.7,769.0,0.5,244.7,6206.0,4.159,1.573,11.684
K02723.01,CONFIRMED,1.952711161,0.872,403.0,2.58,917.15,1403.0,0.962,30.7,5741.0,4.495,0.946,14.575
K02724.01,FALSE POSITIVE,0.620739667,2.477,108.2,29.28,17924.29,2947.0,1.158,30.8,6559.0,4.133,1.602,12.878
K02725.01,FALSE POSITIVE,0.587470828,2.4382,193.8,51.02,33039.47,3434.0,1.161,48.3,5787.0,3.678,2.667,13.744
K02726.01,FALSE POSITIVE,0.934924739,2.052,73.8,2.29,23533.0,3156.0,0.309,20.3,6477.0,3.781,2.628,12.31
K02727.01,FALSE POSITIVE,25.7054557,6.059,266.3,1.75,47.76,670.0,0.722,27.6,6326.0,4.459,1.001,13.859
K02802.01,CONFIRMED,3.84822189,2.013,203.9,1.72,641.53,1283.0,0.368,17.6,5927.0,4.323,1.193,14.919
K02803.01,CONFIRMED,2.37752442,2.307,32.1,0.53,632.62,1278.0,0.256,15.9,5615.0,4.505,0.936,12.258
K02804.01,FALSE POSITIVE,2.62838097,3.193,89.9,1.01,846.09,1375.0,0.087,15.3,5884.0,4.408,1.07,14.037
K02805.01,CONFIRMED,1.877878538,2.39,47.5,0.78,1977.35,1701.0,0.248,20.6,6324.0,4.352,1.115,13.295
K02807.01,CANDIDATE,3.375716723,1.5436,175.7,2.34,1111.66,1472.0,0.982,20.2,6310.0,4.273,1.282,13.91
K00041.03,CONFIRMED,35.3331932,5.966,99.7,1.55,47.52,670.0,0.656,28.8,5788.0,4.122,1.474,11.197
K00274.01,CONFIRMED,15.0896415,4.3349,77.8,1.42,207.64,968.0,0.02,29.5,6063.0,4.061,1.613,11.39
K02877.01,CONFIRMED,5.30873978,3.018,127.5,1.08,279.21,1042.0,0.173,16.7,5914.0,4.483,0.955,14.699
K02878.01,CONFIRMED,3.89524296,1.689,189.0,1.13,197.66,956.0,0.224,16.2,5018.0,4.492,0.838,14.756
K02880.01,CONFIRMED,0.740926358,1.0163,195.5,1.22,2909.21,1873.0,0.202,20.0,5618.0,4.494,0.874,15.918
K02882.01,CANDIDATE,75.8580035,5.382,1148.4,2.72,1.47,281.0,0.935,16.1,4474.0,4.67,0.614,15.398
K02965.01,FALSE POSITIVE,1.352564873,3.469,56.7,1.45,8505.97,2447.0,0.669,34.9,6463.0,3.959,1.823,12.709
K02966.01,FALSE POSITIVE,7.72768833,2.06,404.8,1.89,154.46,899.0,0.203,14.6,5765.0,4.468,0.94,15.648
K02967.01,CONFIRMED,37.3033197,7.793,551.7,2.31,14.0,493.0,0.908,19.5,5646.0,4.55,0.817,15.527
K02968.01,CANDIDATE,10.16435076,6.017,37.7,1.99,879.94,1389.0,0.915,18.4,6133.0,3.718,2.71,11.912
K02969.01,FALSE POSITIVE,31.9729501,9.41,156.3,2.41,77.49,757.0,0.773,38.3,6007.0,4.064,1.759,12.567
K02729.01,CONFIRMED,14.8877665,4.981,252.5,1.96,112.85,831.0,0.795,28.4,6143.0,4.344,1.116,13.914
K02730.01,CONFIRMED,4.52158614,3.4702,106.2,1.31,513.68,1214.0,0.203,26.2,5576.0,4.201,1.289,13.836
K02731.01,FALSE POSITIVE,2.007750531,2.0715,352.0,1.64,716.79,1319.0,0.42,21.8,5645.0,4.549,0.865,15.664
K02732.01,CONFIRMED,7.03146295,5.922,85.4,1.38,480.26,1194.0,0.014,33.8,6170.0,4.192,1.499,12.805
K02732.03,CONFIRMED,54.2811949,5.517,147.8,2.07,31.45,604.0,0.85,20.0,6170.0,4.192,1.499,12.805
K02808.01,FALSE POSITIVE,0.596087893,0.7159,105.1,1.92,18259.79,2967.0,0.283,30.3,6049.0,3.997,1.827,13.484
K00270.01,CONFIRMED,12.58229808,6.375,118.7,1.53,167.41,917.0,0.044,62.1,5587.0,4.091,1.423,11.411
K02809.01,FALSE POSITIVE,7.12684695,3.179,206.3,1.38,185.17,941.0,0.71,20.7,6050.0,4.525,0.896,14.8
K02810.01,FALSE POSITIVE,0.661749944,4.112,215.6,23.92,8123.02,2420.0,1.169,34.5,6363.0,4.386,1.198,15.396
K02810.02,FALSE POSITIVE,354.95118,13.02,421.9,2.53,1.99,303.0,0.0405,7.0,6392.0,4.366,1.23,15.396
K02811.01,FALSE POSITIVE,1.35477049,1.618,145.3,0.8,348.9,1102.0,0.24,14.8,4414.0,4.621,0.689,15.169
K02882.02,FALSE POSITIVE,0.493393859,1.1319,264.7,1.4,1203.14,1505.0,0.961,20.3,4474.0,4.67,0.614,15.398
K02883.01,CONFIRMED,11.95401876,2.656,855.9,2.1,17.92,525.0,0.744,19.3,4359.0,4.611,0.659,15.911
K02884.01,FALSE POSITIVE,2.48883033,4.268,51.4,0.64,540.34,1230.0,0.696,15.1,5615.0,4.514,0.833,14.103
K02885.01,FALSE POSITIVE,20.2340219,3.674,193.6,0.99,23.53,562.0,0.249,11.5,5528.0,4.627,0.71,13.776
K02886.01,CONFIRMED,0.88184263,1.3117,249.9,1.24,1419.46,1564.0,0.454,21.2,5268.0,4.594,0.776,15.919
K02675.01,CONFIRMED,5.448321078,2.2213,529.4,2.17,215.95,978.0,0.614,55.1,5721.0,4.517,0.905,12.43
K02675.02,CONFIRMED,1.116127169,1.3235,109.2,1.0,1797.63,1659.0,0.648,19.2,5721.0,4.517,0.905,12.43
K02676.01,FALSE POSITIVE,195.613824,23.777,1651.9,10.65,11.24,467.0,0.891,102.7,5970.0,3.835,2.229,13.56
K02677.01,CANDIDATE,237.787237,10.509,1627.7,9.91,3.73,354.0,0.947,92.3,5185.0,3.936,1.853,13.46
K02678.01,CONFIRMED,3.833087643,1.51,461.4,2.25,247.8,1012.0,0.932,40.2,5397.0,4.543,0.831,11.799
K00262.02,CONFIRMED,9.37663713,2.1033,118.4,1.89,379.3,1125.0,0.828,21.0,6237.0,4.136,1.543,10.421
K02733.01,CONFIRMED,5.62006198,2.751,190.1,1.45,84.01,772.0,0.969,17.4,4868.0,4.6,0.746,14.009
K02734.01,CONFIRMED,3.8259005,1.8057,857.2,3.45,241.25,1005.0,0.951,20.3,5223.0,4.505,0.885,15.768
K02735.01,CONFIRMED,0.558841234,0.7918,280.9,1.33,2412.15,1787.0,0.307,26.3,5151.0,4.592,0.792,15.6
K02736.01,CONFIRMED,9.33648141,2.5449,885.4,2.39,26.22,577.0,0.901,23.1,4442.0,4.619,0.648,15.911
K02812.01,CONFIRMED,76.6139446,10.22,498.7,2.61,11.12,466.0,0.851,28.6,6173.0,4.408,1.03,14.357
K02813.01,CANDIDATE,0.698461304,0.7887,134.4,14.81,168689.02,5173.0,0.459,16.1,4676.0,2.577,12.558,13.586
K02815.01,FALSE POSITIVE,1.545388842,3.037,52.8,0.56,964.53,1421.0,0.341,20.6,5782.0,4.594,0.767,13.529
K02816.01,CONFIRMED,1.289590179,1.3541,286.0,1.38,1040.23,1448.0,0.401,18.9,5467.0,4.578,0.808,15.471
K02817.01,CONFIRMED,0.634003002,0.9207,316.9,1.35,2030.16,1714.0,0.367,21.0,5226.0,4.606,0.75,15.76
K02887.01,FALSE POSITIVE,1.56859048,11.591,280.6,23.41,1935.28,1693.0,1.198,43.3,6248.0,4.442,1.002,15.105
K00274.02,CONFIRMED,22.8030252,4.768,62.9,1.29,119.6,843.0,0.291,20.4,6063.0,4.061,1.613,11.39
K02888.01,FALSE POSITIVE,0.623441939,1.4053,128.1,13.89,25489.88,3219.0,1.027,40.6,5385.0,3.639,2.871,12.65
K02889.01,FALSE POSITIVE,5.24364571,16.984,270.4,25.01,411.58,1149.0,1.201,45.6,6197.0,4.406,1.056,15.163
K02890.01,CONFIRMED,8.98826122,4.96,160.8,1.39,131.92,864.0,0.92,14.5,5984.0,4.521,0.906,15.257
K02679.01,CANDIDATE,110.7556272,6.819,8067.0,29.64,42.53,651.0,0.917,48.5,6525.0,3.772,2.668,13.455
K00258.01,FALSE POSITIVE,4.15743922,9.572,1472.0,96.99,4503.26,2089.0,1.242,52.5,6529.0,3.657,3.131,9.887
K02680.01,CANDIDATE,14.4079035,2.524,3058.0,23.4,35.81,624.0,1.226,7.7,5440.0,4.617,0.728,14.599
K02681.01,CONFIRMED,135.4978256,6.769,5038.1,6.01,1.8,295.0,0.804,73.2,5307.0,4.572,0.757,15.996
K02681.02,CONFIRMED,22.2508509,1.745,618.7,2.07,20.01,539.0,0.771,11.4,5307.0,4.572,0.757,15.996
K02682.01,FALSE POSITIVE,8.53161917,2.9596,65744.0,54.6,148.92,891.0,1.118,86.1,5780.0,4.438,1.0,18.498
K02737.01,FALSE POSITIVE,0.526615152,1.0582,64.0,1.46,18152.32,2959.0,0.028,40.9,5718.0,3.966,1.832,12.428
K02738.01,FALSE POSITIVE,0.690405794,1.7407,178.4,1.04,2129.33,1731.0,0.281,43.0,5204.0,4.515,0.786,14.606
K02739.01,CONFIRMED,10.10773789,3.828,294.9,1.98,140.75,879.0,0.151,25.3,5480.0,4.26,1.174,15.017
K02739.02,CANDIDATE,7.0956395,3.465,108.1,1.2,225.73,989.0,0.06,10.5,5480.0,4.26,1.174,15.017
K02740.01,FALSE POSITIVE,1.844857057,1.6557,85.6,0.97,1548.86,1601.0,0.594,21.5,6143.0,4.403,1.004,13.617
K02819.01,FALSE POSITIVE,18.0116764,6.006,417.2,2.02,55.07,695.0,0.683,23.3,6003.0,4.507,0.932,15.154
K00270.02,CONFIRMED,33.67280658,8.2267,170.9,1.86,45.09,661.0,0.309,61.2,5587.0,4.091,1.423,11.411
K02820.01,CONFIRMED,3.00912491,2.228,191.4,1.22,452.27,1177.0,0.009,16.5,5713.0,4.541,0.893,15.273
K02821.01,CANDIDATE,79.2450351,5.382,1347.3,3.33,6.33,404.0,0.001,14.4,5648.0,4.464,0.917,15.302
K02822.01,CONFIRMED,4.44589508,2.3816,441.4,1.94,302.6,1063.0,0.704,20.9,5918.0,4.544,0.865,15.391
K02891.01,FALSE POSITIVE,2.023126394,1.2771,72.2,0.92,1582.75,1607.0,0.391,19.2,6349.0,4.422,1.059,13.126
K02892.01,FALSE POSITIVE,10.63609504,3.48,290.6,1.36,66.5,728.0,0.029,20.9,5546.0,4.575,0.81,15.091
K02894.01,CONFIRMED,10.3108232,5.617,204.0,1.27,90.1,786.0,0.129,14.0,5708.0,4.521,0.893,15.619
K02895.01,FALSE POSITIVE,1.069842837,5.275,540.3,1.77,998.07,1433.0,0.001,65.2,4999.0,4.523,0.786,14.298
K02896.01,FALSE POSITIVE,1.077467951,2.1125,75.7,31.06,7064.38,2339.0,1.181,47.4,6329.0,4.137,1.508,11.899
K02683.01,CANDIDATE,126.4451275,16.7151,3252.5,4.49,2.51,321.0,0.046,110.9,5613.0,4.581,0.795,15.5
K02684.01,FALSE POSITIVE,2.8736467,1.682,215.7,6.47,15977.28,2866.0,0.985,21.2,8173.0,3.744,3.169,10.035
K02685.01,FALSE POSITIVE,2.846517614,4.228,2154.4,1.88,18.32,528.0,0.931,58.0,3468.0,4.931,0.32,16.3
K02686.01,CONFIRMED,211.032819,7.119,1953.4,3.43,0.5,215.0,0.808,69.3,4658.0,4.632,0.686,13.855
K02687.01,CONFIRMED,1.716828304,2.068,59.5,0.74,1056.84,1455.0,0.7,14.2,5808.0,4.522,0.902,10.158
K02741.01,FALSE POSITIVE,0.755103143,2.885,43.8,1.49,17302.11,2927.0,0.662,27.3,5996.0,3.87,2.128,13.009
K00263.01,FALSE POSITIVE,20.71927223,4.0388,224.6,2.51,105.78,818.0,0.744,36.0,5729.0,4.058,1.545,10.821
K02743.01,CONFIRMED,11.87457664,1.9797,220.7,1.32,66.33,728.0,0.432,21.4,5523.0,4.506,0.88,13.756
K02744.01,CONFIRMED,109.6469948,6.568,899.7,4.85,7.95,428.0,0.797,26.7,5332.0,4.083,1.453,15.162
K02745.01,CONFIRMED,15.64588656,3.959,572.1,2.18,60.08,710.0,0.033,26.9,5896.0,4.518,0.916,15.241
K02823.01,FALSE POSITIVE,0.93375241,6.352,518.0,3.18,1528.26,1594.0,0.989,55.5,5402.0,4.581,0.815,15.807
K02824.01,FALSE POSITIVE,1.70336496,1.7045,316.7,1.67,1151.45,1484.0,0.508,19.8,5881.0,4.516,0.915,15.274
K02825.01,FALSE POSITIVE,0.764174368,2.346,100.2,1.18,5972.52,2241.0,0.626,34.5,6321.0,4.417,1.125,14.361
K02826.01,FALSE POSITIVE,1.85373924,1.816,348.6,0.23,3.36,345.0,0.551,18.0,2661.0,5.283,0.116,12.946
K02827.01,CONFIRMED,7.06321927,2.411,207.2,1.21,110.22,827.0,0.56,12.6,5305.0,4.489,0.818,14.572
K02897.01,FALSE POSITIVE,0.584310213,2.1801,809.4,23.09,4190.91,2053.0,1.209,91.9,5783.0,4.539,0.88,15.361
K02898.01,CONFIRMED,25.384175,3.576,594.0,2.44,42.01,649.0,0.245,15.8,6137.0,4.471,0.994,15.535
K00275.01,CONFIRMED,15.79196594,7.2772,203.1,2.4,161.97,910.0,0.032,77.3,5758.0,4.072,1.704,11.696
K02899.01,CANDIDATE,5.77207177,2.605,328.5,1.54,165.58,915.0,0.018,13.2,5591.0,4.559,0.86,15.703
K02900.01,CANDIDATE,46.151253,5.346,649.0,2.08,7.59,423.0,0.688,17.1,5204.0,4.525,0.769,15.266
K02687.02,CONFIRMED,8.16733851,3.337,104.9,1.03,132.43,865.0,0.801,14.8,5808.0,4.522,0.902,10.158
K00041.01,CONFIRMED,12.81590421,6.3856,220.5,2.26,183.68,939.0,0.58,106.7,5788.0,4.122,1.474,11.197
K00259.01,FALSE POSITIVE,79.99623328,6.3339,24383.5,40.73,62.49,717.0,0.594,721.9,6796.0,3.88,2.49,9.954
K02688.01,CONFIRMED,5.424749327,1.139,7680.0,5.15,36.05,625.0,0.016,78.0,4137.0,4.658,0.591,16.406
K02689.01,CANDIDATE,165.3447044,3.09,4899.0,6.98,1.93,301.0,0.917,48.0,5594.0,4.52,0.812,15.548
K02690.01,CONFIRMED,3.606940379,1.0418,432.3,2.04,283.23,1046.0,0.857,20.8,5508.0,4.569,0.84,13.461
K02746.01,FALSE POSITIVE,69.2002312,5.679,2271.5,45.24,27.66,585.0,1.276,30.0,7044.0,4.337,1.267,15.329
K02747.01,CONFIRMED,6.26404774,2.39,378.7,1.55,101.27,809.0,0.232,20.1,5032.0,4.511,0.817,15.329
K02748.01,CONFIRMED,23.1985852,9.821,224.7,2.61,93.34,793.0,0.305,28.2,5416.0,3.951,1.756,14.056
K02748.02,CONFIRMED,5.77721259,2.462,134.3,2.17,596.37,1260.0,0.692,17.7,5416.0,3.951,1.756,14.056
K02749.01,FALSE POSITIVE,0.905037231,1.4351,37.5,1.1,11199.46,2627.0,0.323,29.0,6223.0,4.01,1.763,11.075
K02828.01,CONFIRMED,59.4969009,5.404,1262.1,2.92,4.36,369.0,0.406,23.2,4817.0,4.499,0.833,15.768
K02829.01,CONFIRMED,10.61345333,0.9829,150.2,1.77,224.63,987.0,0.535,20.0,5865.0,4.163,1.388,12.824
K00271.01,CONFIRMED,48.6303805,7.0805,339.8,2.48,28.6,590.0,0.034,53.9,6075.0,4.264,1.352,11.485
K02830.01,CONFIRMED,40.5289885,10.604,360.7,5.92,178.81,933.0,0.325,35.3,6443.0,3.74,3.086,13.913
K02831.01,FALSE POSITIVE,0.571940563,0.9031,54.3,1.88,28727.59,3320.0,0.792,22.8,5827.0,3.74,2.286,12.557
K02901.01,FALSE POSITIVE,0.633514386,1.2792,179.1,0.81,807.27,1357.0,0.231,22.3,4330.0,4.64,0.618,14.971
K02903.01,FALSE POSITIVE,17.4166143,2.445,314.2,1.84,64.73,723.0,0.489,13.1,5946.0,4.444,1.017,14.715
K02904.01,CONFIRMED,16.3583482,9.858,116.4,2.23,200.1,959.0,0.887,30.0,6133.0,4.084,1.765,12.683
K02905.01,FALSE POSITIVE,36.0054414,3.262,117.5,3.33,259.71,1024.0,0.745,14.6,7048.0,3.797,2.838,12.477
K02906.01,CONFIRMED,13.9093544,6.765,86.8,1.33,175.14,928.0,0.132,15.6,6052.0,4.183,1.424,13.716
K02691.01,CANDIDATE,97.4463194,6.765,2141.1,3.05,1.52,283.0,0.063,62.8,4735.0,4.627,0.686,14.981
K02692.01,FALSE POSITIVE,1.257689465,0.8399,945.6,2.45,1244.66,1513.0,0.197,45.6,5676.0,4.571,0.787,15.522
K02693.01,CONFIRMED,4.081411554,2.3239,171.9,1.0,77.0,755.0,0.876,36.9,4498.0,4.661,0.635,13.256
K02693.02,CONFIRMED,11.41941928,3.3075,150.5,0.99,19.47,536.0,0.918,22.9,4498.0,4.661,0.635,13.256
K02693.03,CONFIRMED,6.83440674,2.2726,177.1,1.01,38.68,636.0,0.871,29.1,4498.0,4.661,0.635,13.256
K02750.01,CANDIDATE,174.636181,15.679,2500.9,11.12,12.65,481.0,0.04,37.1,5974.0,3.859,2.232,15.905
K02751.01,CONFIRMED,24.4004378,2.987,860.5,2.47,8.64,437.0,0.909,20.2,4583.0,4.606,0.674,15.858
K00264.01,FALSE POSITIVE,4.029810359,3.3316,111.1,1.77,1132.21,1479.0,0.45,62.8,5929.0,4.055,1.651,11.551
K02752.01,FALSE POSITIVE,1.287622419,0.821,36.5,0.87,3450.59,1957.0,0.819,16.9,6170.0,4.308,1.274,11.514
K02753.01,CONFIRMED,0.935115863,1.6172,64.8,1.05,4811.82,2124.0,0.243,21.6,5874.0,4.252,1.297,13.615
K02832.01,CONFIRMED,3.57551429,2.364,92.8,0.89,299.19,1061.0,0.462,16.6,5213.0,4.434,0.917,13.93
K02833.01,CANDIDATE,1.791877025,1.166,46.1,1.48,5787.99,2223.0,0.403,12.5,6002.0,3.841,2.139,12.599
K02834.01,CONFIRMED,136.205112,5.568,1209.3,2.35,0.89,248.0,0.49,20.0,4648.0,4.631,0.675,15.839
K02835.01,CONFIRMED,6.30922043,1.3251,691.2,1.37,31.73,606.0,0.118,22.5,4380.0,4.71,0.53,15.906
K02836.01,CONFIRMED,2.94194296,2.056,278.0,1.22,225.15,988.0,0.03,18.2,4901.0,4.544,0.758,15.29
K02906.02,CANDIDATE,145.881936,11.342,156.9,1.8,7.63,424.0,0.325,11.2,6052.0,4.183,1.424,13.716
K02907.01,FALSE POSITIVE,1.146934644,1.7247,256.2,1.39,1382.04,1554.0,0.405,19.7,5423.0,4.502,0.862,15.754
K02908.01,FALSE POSITIVE,1.245353252,2.152,224.2,1.48,1996.55,1704.0,0.528,20.3,5982.0,4.493,0.96,15.895
K00275.02,CONFIRMED,82.2001239,10.627,233.9,2.57,17.96,525.0,0.001,47.9,5758.0,4.072,1.704,11.696
K02910.01,CONFIRMED,15.3626052,3.736,468.3,1.8,32.23,608.0,0.25,19.7,5011.0,4.484,0.851,15.384
K02694.01,CONFIRMED,0.843379985,1.4474,343.3,1.7,1329.99,1541.0,0.696,53.6,4818.0,4.481,0.856,14.975
K02694.02,CONFIRMED,6.56606941,1.8455,402.4,1.83,86.27,777.0,0.687,25.8,4818.0,4.481,0.856,14.975
K00260.01,CONFIRMED,10.49566303,4.7356,106.1,1.34,244.59,1009.0,0.16,48.7,6214.0,4.238,1.297,10.5
K02695.01,CANDIDATE,2.50343279,1.534,1156.0,20.23,408.12,1147.0,1.178,13.2,5174.0,4.483,0.84,15.601
K02696.01,CANDIDATE,96.4562198,11.195,950.5,9.1,65.96,727.0,0.775,54.6,7029.0,3.806,2.704,12.998
K02696.02,CANDIDATE,44.5643831,7.874,360.5,5.8,184.67,940.0,0.851,27.0,7029.0,3.806,2.704,12.998
K02754.01,CONFIRMED,1.34155642,1.6462,58.2,0.74,1715.26,1642.0,0.259,23.7,5779.0,4.44,0.97,12.299
K02755.01,CONFIRMED,8.48299282,2.505,69.1,0.8,141.04,879.0,0.564,21.3,5827.0,4.471,0.933,12.147
K02756.01,CONFIRMED,0.665025941,1.7542,104.7,1.11,5246.66,2174.0,0.448,26.5,5884.0,4.408,1.07,14.758
K02757.01,CONFIRMED,234.635652,6.965,868.5,2.56,1.2,267.0,0.025,26.7,5422.0,4.481,0.885,14.607
K02758.01,CANDIDATE,253.374581,22.889,1104.0,19.25,22.41,555.0,0.028,99.9,5177.0,3.216,5.949,11.893
K02837.01,CONFIRMED,13.32191461,6.213,133.5,2.88,672.06,1299.0,0.784,24.3,6995.0,3.925,2.274,13.228
K02838.01,CONFIRMED,7.69994466,4.432,70.9,0.92,208.61,969.0,0.018,17.4,5727.0,4.328,1.104,13.421
K02838.02,CONFIRMED,4.77466043,3.804,54.3,0.81,395.06,1137.0,0.03,15.5,5727.0,4.328,1.104,13.421
K00271.02,CONFIRMED,29.39337161,7.0445,327.0,2.5,55.98,698.0,0.512,69.7,6075.0,4.264,1.352,11.485
K02839.01,CONFIRMED,2.164570593,1.2862,525.1,1.27,88.91,783.0,0.338,19.8,3941.0,4.713,0.554,15.877
K02911.01,FALSE POSITIVE,12.4258343,28.1171,449.4,2.75,111.92,830.0,0.967,72.0,6185.0,4.472,0.991,14.865
K02912.01,FALSE POSITIVE,0.873227249,0.7948,221.8,1.68,5053.02,2152.0,0.14,21.9,6341.0,4.409,1.111,15.153
K02913.01,CONFIRMED,2.88878583,2.977,40.9,0.84,969.05,1423.0,0.242,17.2,5696.0,4.247,1.331,12.858
K02914.01,CANDIDATE,21.1181653,9.734,112.7,2.89,359.11,1110.0,0.675,26.3,6461.0,3.779,2.566,12.199
K02915.01,CANDIDATE,5.06092282,2.586,71.6,0.98,234.93,998.0,0.944,15.7,5637.0,4.492,0.911,13.346
K02697.01,FALSE POSITIVE,7.37453336,3.745,304.4,87.08,1770.84,1654.0,1.139,33.1,5028.0,3.289,4.991,12.904
K02698.01,CONFIRMED,87.9724227,14.638,866.7,3.39,9.37,446.0,0.015,64.6,5837.0,4.305,1.159,14.0
K02699.01,CONFIRMED,0.568874717,1.2177,378.4,1.49,2473.19,1796.0,0.05,50.4,5223.0,4.593,0.78,15.23
K02700.01,CANDIDATE,0.910020582,1.7956,358.1,1.12,380.16,1127.0,0.79,29.9,4297.0,4.725,0.533,15.381
K02701.01,FALSE POSITIVE,22.023514,1.932,1670.0,4.79,39.45,639.0,0.934,10.2,5860.0,4.489,0.936,14.818
K02759.01,CANDIDATE,1.07808492,0.8551,155.6,1.01,951.61,1417.0,0.287,22.9,4906.0,4.511,0.814,14.288
K02760.01,CONFIRMED,56.5732318,4.188,688.5,2.69,3.79,356.0,0.942,21.6,4701.0,4.54,0.775,14.889
K02761.01,FALSE POSITIVE,1.846861455,1.6605,648.6,2.23,753.4,1337.0,0.48,35.9,5591.0,4.559,0.86,15.881
K00265.01,CONFIRMED,3.568099612,3.2131,98.4,1.36,926.89,1407.0,0.531,52.5,6007.0,4.232,1.334,11.994
K02762.01,CONFIRMED,132.9955503,7.436,1275.4,2.51,0.8,241.0,0.703,29.3,4523.0,4.636,0.659,15.028
K00301.01,CONFIRMED,6.002548291,4.1628,202.0,2.33,504.79,1209.0,0.914,71.6,6204.0,4.269,1.36,12.73
K00301.02,CONFIRMED,11.44865823,4.953,75.2,1.32,213.39,975.0,0.824,21.9,6204.0,4.269,1.36,12.73
K00302.01,CONFIRMED,24.85466504,9.182,776.2,7.61,339.33,1095.0,0.746,88.0,6967.0,3.864,2.527,12.059
K00303.01,CONFIRMED,60.92818866,6.3336,755.6,2.78,11.28,467.0,0.009,120.1,5638.0,4.359,1.023,12.193
K00304.01,CONFIRMED,8.512037736,2.1861,597.8,2.14,117.11,839.0,0.005,102.2,5767.0,4.538,0.881,12.549
K00359.01,FALSE POSITIVE,5.93720557,4.882,371.4,1.84,150.81,894.0,0.976,59.9,5857.0,4.633,0.712,13.799
K00360.01,FALSE POSITIVE,5.93719982,3.95,175.6,1.47,297.14,1059.0,0.748,37.0,6102.0,4.457,1.026,13.021
K00061.01,FALSE POSITIVE,1.63345402,3.817,359.0,24.87,2211.18,1750.0,1.19,7.4,6283.0,4.372,1.091,12.179
K00361.01,CONFIRMED,3.247548814,2.5146,209.7,1.41,460.67,1181.0,0.31,51.6,5703.0,4.498,0.975,13.1
K00362.01,FALSE POSITIVE,14.022451457,8.08619,20082.9,14.93,101.92,810.0,0.189,2707.7,6061.0,4.401,1.05,13.424
K00363.01,FALSE POSITIVE,2.442945167,4.0145,677.9,38.29,1499.89,1587.0,1.217,102.8,5657.0,4.121,1.428,13.771
K03005.01,FALSE POSITIVE,1.312459403,1.459,36.9,1.65,15018.33,2824.0,0.732,13.9,6543.0,3.782,2.507,12.524
K03007.01,CANDIDATE,11.1916199,2.1,166.4,1.47,88.34,782.0,0.895,11.9,5646.0,4.464,0.956,14.528
K03008.01,CONFIRMED,2.99792926,4.398,45.4,1.12,1611.51,1616.0,0.403,16.0,5888.0,4.061,1.645,12.003
K03010.01,CONFIRMED,60.8660974,4.397,714.3,1.39,0.84,244.0,0.004,15.4,3808.0,4.734,0.522,15.757
K03011.01,FALSE POSITIVE,2.11547854,3.665,222.9,1.66,1264.56,1521.0,0.755,21.6,6208.0,4.454,1.024,15.542
K03086.01,CANDIDATE,174.731515,8.257,1179.9,3.0,1.6,287.0,0.021,16.5,5201.0,4.447,0.897,15.707
K03087.01,FALSE POSITIVE,5.54867998,4.665,68.9,0.68,143.26,882.0,0.095,15.4,5258.0,4.514,0.835,12.837
K03087.02,FALSE POSITIVE,1.22174063,7.443,32.2,0.46,1081.5,1461.0,0.004,19.4,5258.0,4.514,0.835,12.837
K03088.01,CONFIRMED,3.48412874,1.422,161.6,1.16,389.41,1132.0,0.106,13.3,5696.0,4.519,0.921,14.953
K00285.01,CONFIRMED,13.74883059,6.0968,425.9,3.63,213.84,975.0,0.658,167.6,5862.0,4.05,1.67,11.565
K03089.01,CANDIDATE,0.858546796,1.1,106.1,0.88,1846.35,1671.0,0.241,12.2,5269.0,4.491,0.864,15.247
K00304.02,CANDIDATE,5.518195,1.81,27.1,0.46,208.54,969.0,0.243,5.2,5767.0,4.538,0.881,12.549
K00305.01,CONFIRMED,4.603575293,2.3499,440.4,1.51,101.65,810.0,0.246,79.7,4783.0,4.602,0.741,12.97
K00306.01,CONFIRMED,24.30784323,2.6054,677.1,2.14,18.87,532.0,0.425,35.6,5313.0,4.571,0.82,12.63
K00307.01,CONFIRMED,19.67409703,3.7535,204.9,1.78,60.37,711.0,0.914,39.0,6023.0,4.423,1.031,12.797
K00046.01,CONFIRMED,3.487688776,3.83661,1298.8,5.64,1033.07,1445.0,0.026,350.6,5576.0,4.065,1.593,13.77
K00365.01,CONFIRMED,81.737872,6.6923,628.8,2.16,5.2,385.0,0.02,135.4,5559.0,4.502,0.873,11.195
K00366.01,CANDIDATE,75.1122132,4.9458,3751.5,23.23,86.18,777.0,0.838,384.0,6201.0,3.616,3.354,11.714
K00367.01,CONFIRMED,31.578651216,2.12791,2125.4,4.52,24.94,570.0,0.04,324.3,5733.0,4.442,0.99,11.105
K00368.01,FALSE POSITIVE,110.32167272,13.3624,7296.6,18.6,79.11,761.0,0.715,2217.1,9244.0,4.159,2.025,11.375
K00369.01,CONFIRMED,5.88527364,1.9531,112.7,1.59,583.47,1253.0,0.622,27.4,6070.0,4.157,1.431,11.992
K03012.01,FALSE POSITIVE,1.086486129,0.8383,66.0,1.69,9816.28,2539.0,0.524,20.2,5911.0,3.861,2.0,12.988
K03013.01,CANDIDATE,3.76562031,1.288,232.6,19.39,326.2,1084.0,1.193,14.6,5743.0,4.553,0.853,14.698
K03014.01,CONFIRMED,86.1160885,6.058,875.2,3.11,8.93,441.0,0.016,17.8,6161.0,4.454,1.053,15.831
K03015.01,CONFIRMED,3.61460332,3.227,43.9,0.9,900.38,1397.0,0.026,15.4,5799.0,4.161,1.375,13.219
K00282.02,CONFIRMED,8.45744892,3.2893,77.4,1.02,220.05,982.0,0.494,31.0,5903.0,4.304,1.137,11.529
K03017.01,CANDIDATE,2.46288834,1.724,47.4,0.67,883.43,1391.0,0.256,11.9,5893.0,4.395,0.967,13.308
K03090.01,CONFIRMED,3.82223397,1.924,362.7,1.05,30.84,601.0,0.725,15.9,3729.0,4.733,0.514,15.665
K03091.01,CONFIRMED,17.067644,6.026,262.4,1.62,82.56,769.0,0.106,13.5,6347.0,4.464,0.996,15.372
K03092.01,FALSE POSITIVE,5.78542702,2.271,256.2,1.91,510.79,1212.0,0.163,15.4,6555.0,4.374,1.178,15.451
K03093.01,CONFIRMED,29.6099055,7.433,120.1,1.74,37.12,629.0,0.984,14.3,5812.0,4.329,1.122,13.619
K03095.01,CONFIRMED,3.42390809,1.773,153.1,1.25,508.75,1212.0,0.213,13.1,5788.0,4.442,1.015,15.067
K00307.02,CONFIRMED,5.21104597,3.3447,102.7,1.18,354.82,1107.0,0.833,36.9,6023.0,4.423,1.031,12.797
K00308.01,CONFIRMED,35.5969684,6.691,684.5,3.72,41.06,646.0,0.895,52.5,6212.0,4.309,1.209,12.351
K00309.01,FALSE POSITIVE,1.633107509,1.491,60.8,0.53,324.97,1083.0,0.35,21.7,4579.0,4.596,0.684,12.843
K00311.01,FALSE POSITIVE,66.1544958,6.945,1972.0,3.33,2.33,315.0,0.8526,42.7,4679.0,4.627,0.643,12.655
K00312.01,CONFIRMED,11.57890926,2.7207,243.4,2.06,193.48,951.0,0.359,54.8,6156.0,4.284,1.303,12.459
K00369.02,CONFIRMED,10.10463142,2.369,114.6,1.59,283.38,1046.0,0.571,24.1,6070.0,4.157,1.431,11.992
K00370.01,CONFIRMED,42.88247951,9.7471,408.9,3.61,59.6,709.0,0.391,112.2,6143.0,4.039,1.763,11.931
K00063.01,CONFIRMED,9.43414171,2.8112,3977.0,5.73,92.39,791.0,0.538,40.2,5578.0,4.518,0.886,11.582
K00370.02,CONFIRMED,22.95062278,4.4814,129.8,2.17,137.23,873.0,0.748,32.9,6143.0,4.039,1.763,11.931
K00371.01,FALSE POSITIVE,498.391282,6.135,1590.0,17.14,3.11,339.0,0.959,49.7,5134.0,3.611,3.107,12.193
K00372.01,CONFIRMED,125.6291479,9.108,7841.6,10.02,5.35,388.0,0.471,150.4,5819.0,4.334,1.111,12.391
K03018.01,FALSE POSITIVE,45.1178526,3.737,389.2,2.78,16.87,517.0,0.97,17.3,5585.0,4.339,1.038,14.72
K03019.01,CONFIRMED,4.17939037,2.647,172.8,1.52,478.98,1194.0,0.317,16.1,5633.0,4.296,1.162,14.927
K03020.01,CANDIDATE,10.9192653,4.572,91.1,1.9,355.29,1107.0,0.434,15.0,5745.0,3.939,1.972,13.534
K03021.01,FALSE POSITIVE,0.803835923,1.397,52.6,0.78,4863.18,2129.0,0.447,12.4,6242.0,4.442,1.047,13.7
K03022.01,CONFIRMED,2.76263737,1.821,185.0,1.25,544.05,1231.0,0.46,14.1,5772.0,4.528,0.901,15.4
K03097.01,CONFIRMED,11.9216035,5.009,43.2,0.87,123.89,851.0,0.929,15.1,6006.0,4.403,1.082,11.973
K03097.02,CONFIRMED,6.80257947,4.608,32.7,0.73,262.26,1026.0,0.889,14.7,6006.0,4.403,1.082,11.973
K03097.03,CONFIRMED,8.70312154,4.807,32.0,0.72,188.7,945.0,0.886,13.0,6006.0,4.403,1.082,11.973
K03098.01,FALSE POSITIVE,1.332557603,6.043,225.3,19.88,1983.27,1703.0,1.174,28.1,6091.0,4.487,0.967,15.787
K00043.01,FALSE POSITIVE,11.32029599,4.5866,4303.5,8.02,102.12,811.0,0.914,85.0,5780.0,4.438,1.0,13.29
K00285.02,CONFIRMED,26.723169,8.501,195.0,2.31,88.1,781.0,0.035,67.5,5862.0,4.05,1.67,11.565
K00312.02,CONFIRMED,16.39926461,3.4108,220.8,1.94,121.53,847.0,0.115,46.4,6156.0,4.284,1.303,12.459
K00313.01,CONFIRMED,18.73577127,3.0356,567.2,2.1,24.66,568.0,0.785,81.8,5188.0,4.547,0.795,12.99
K00313.02,CONFIRMED,8.43639829,3.2451,345.5,1.5,71.51,742.0,0.51,76.8,5188.0,4.547,0.795,12.99
K00314.01,CONFIRMED,13.78109471,2.3188,756.0,1.42,6.17,402.0,0.545,112.8,3846.0,4.738,0.503,12.925
K00314.02,CONFIRMED,23.08902241,1.7012,598.3,1.24,3.1,338.0,0.32,57.4,3846.0,4.738,0.503,12.925
K00046.02,CONFIRMED,6.02977241,3.961,54.6,1.18,496.46,1204.0,0.379,11.5,5576.0,4.065,1.593,13.77
K00373.01,CONFIRMED,135.1879934,8.8191,663.4,2.32,3.33,345.0,0.023,85.8,5731.0,4.451,0.906,12.765
K00374.01,CONFIRMED,172.7046083,11.347,659.1,2.85,3.77,355.0,0.004,92.9,5851.0,4.302,1.116,12.209
K00375.01,CONFIRMED,988.8811177,5.9504,5060.0,10.81,0.58,223.0,0.1667,136.4,5755.0,4.101,1.549,13.293
K00376.01,FALSE POSITIVE,44.14599042,3.4015,4467.8,121.48,35.87,624.0,1.902,99.6,6692.0,4.383,1.152,13.754
K00376.02,FALSE POSITIVE,1.411627439,1.0814,515.2,2.99,3523.63,1966.0,0.853,53.1,6692.0,4.383,1.152,13.754
K00377.01,CONFIRMED,19.270825843,4.1281,6660.5,7.74,45.05,661.0,0.169,577.1,5779.0,4.491,0.956,13.803
K03022.02,CONFIRMED,5.05368985,2.514,171.5,1.21,243.06,1007.0,0.53,11.5,5772.0,4.528,0.901,15.4
K03023.01,FALSE POSITIVE,4.39049637,3.0112,113.5,2.07,1701.16,1637.0,0.389,31.1,6429.0,3.989,1.908,13.33
K03025.01,CONFIRMED,13.1829329,3.594,518.0,1.84,45.19,661.0,0.016,13.8,5382.0,4.571,0.827,16.239
K03026.01,CONFIRMED,3.51575492,1.381,237.4,1.35,269.57,1033.0,0.061,15.2,5094.0,4.45,0.901,14.897
K00282.03,CONFIRMED,87.5177787,2.55,136.5,1.85,9.76,451.0,0.983,12.2,5903.0,4.304,1.137,11.529
K03099.01,FALSE POSITIVE,14.0498182,2.907,472.0,1.45,12.56,480.0,0.569,14.5,4228.0,4.618,0.652,15.648
K03101.01,CONFIRMED,14.2563272,4.796,206.1,1.73,95.22,797.0,0.894,14.3,6140.0,4.455,1.027,15.192
K03105.01,CANDIDATE,4.21223579,7.898,116.4,1.04,146.4,887.0,0.97,12.8,5116.0,4.591,0.7,15.277
K03106.01,CONFIRMED,0.968980781,1.517,118.5,1.08,2730.51,1844.0,0.065,12.8,5866.0,4.473,1.0,15.415
K03107.01,FALSE POSITIVE,8.589562,9.885,245.4,15.95,148.61,891.0,1.138,14.0,5766.0,4.404,0.945,15.214
K00314.03,CONFIRMED,10.31282204,2.0138,137.6,0.59,9.07,443.0,0.061,22.0,3846.0,4.738,0.503,12.925
K00315.01,CONFIRMED,35.58349688,3.9885,937.6,2.03,6.54,408.0,0.001,90.8,4894.0,4.637,0.684,12.968
K00316.01,CONFIRMED,15.77111067,5.0574,547.1,2.62,75.61,752.0,0.009,123.2,5620.0,4.333,1.143,12.701
K00316.02,CONFIRMED,157.0659976,8.1289,551.4,2.63,3.53,350.0,0.004,50.9,5620.0,4.333,1.143,12.701
K00316.03,CONFIRMED,7.305706326,1.4228,264.9,2.11,210.72,972.0,0.826,43.6,5620.0,4.333,1.143,12.701
K00377.02,CONFIRMED,38.90787517,4.5271,6159.1,7.98,17.66,523.0,0.6883,366.1,5779.0,4.491,0.956,13.803
K00064.01,CANDIDATE,1.951082219,1.6975,1151.8,10.35,3822.26,2005.0,0.925,30.1,5302.0,3.768,2.426,13.143
K00377.03,CONFIRMED,1.59295975,1.9313,248.3,1.48,1251.43,1517.0,0.0779,48.9,5779.0,4.491,0.956,13.803
K00378.01,FALSE POSITIVE,4.94402197,4.062,363.3,32.92,958.29,1419.0,1.157,33.0,6013.0,4.035,1.7,13.15
K00379.01,FALSE POSITIVE,6.71725648,2.5207,272.7,2.78,603.71,1264.0,0.163,49.1,6078.0,4.094,1.683,13.319
K00379.02,CANDIDATE,23.1375919,3.35,114.0,1.83,115.86,837.0,0.429,12.9,6078.0,4.094,1.683,13.319
K03027.01,CONFIRMED,6.07032548,1.341,311.6,1.36,91.45,789.0,0.454,11.9,5076.0,4.598,0.763,15.489
K03028.01,FALSE POSITIVE,1.33256952,2.915,163.5,1.06,1076.99,1461.0,0.463,16.5,5547.0,4.571,0.82,15.983
K03029.01,CANDIDATE,18.9763286,2.379,329.8,2.24,39.11,638.0,0.922,11.0,5300.0,4.385,0.986,14.948
K03029.02,CANDIDATE,6.34724702,3.097,159.8,1.35,168.14,919.0,0.739,11.1,5300.0,4.385,0.986,14.948
K03030.01,FALSE POSITIVE,7.19552624,4.095,214.6,1.67,273.05,1037.0,0.593,15.6,6242.0,4.432,1.093,15.614
K03108.01,CONFIRMED,7.36272124,1.3287,429.3,1.86,155.72,901.0,0.253,17.8,5868.0,4.53,0.894,14.941
K03109.01,CONFIRMED,10.6761592,4.594,151.0,1.79,285.79,1049.0,0.403,14.1,6460.0,4.267,1.434,13.688
K03110.01,CONFIRMED,4.48494315,2.752,134.9,1.23,488.22,1199.0,0.3,12.4,6217.0,4.437,1.051,14.879
K03111.01,CANDIDATE,10.76800074,3.494,65.1,0.92,144.85,885.0,0.583,14.2,5874.0,4.338,1.096,12.863
K03111.02,CANDIDATE,4.32848303,2.955,35.5,0.66,488.23,1199.0,0.367,11.4,5874.0,4.338,1.096,12.863
K00285.03,CONFIRMED,49.3567907,10.954,130.2,1.91,38.86,637.0,0.277,35.0,5862.0,4.05,1.67,11.565
K00317.01,CONFIRMED,22.20809549,7.3327,463.2,3.02,98.36,803.0,0.017,92.7,6336.0,4.266,1.403,12.885
K00318.01,CONFIRMED,38.5833679,12.391,1388.2,8.56,79.08,761.0,0.905,46.1,6273.0,4.04,1.927,12.211
K00319.01,CONFIRMED,46.15119482,6.3427,1817.3,10.02,57.8,703.0,0.904,286.0,5877.0,3.927,1.963,12.711
K00320.01,FALSE POSITIVE,4.79179893,2.9283,123.9,26.26,575.43,1249.0,1.209,46.3,6499.0,4.408,1.103,12.174
K00321.01,CONFIRMED,2.426304127,2.6624,185.4,1.41,679.12,1302.0,0.694,97.0,5678.0,4.484,0.97,12.52
K00005.01,CANDIDATE,4.780327581,2.0253,960.8,7.14,1020.05,1441.0,0.952,380.8,5937.0,4.012,1.787,11.665
K00389.01,FALSE POSITIVE,3.741231778,2.469,419.0,1.55,193.55,951.0,0.25,66.6,5206.0,4.598,0.767,13.936
K00390.01,FALSE POSITIVE,1.168310132,1.31,283.3,1.43,1469.16,1577.0,0.107,64.7,5509.0,4.487,0.857,13.831
K00391.01,FALSE POSITIVE,25.9525478,21.328,478.4,74.69,132.4,865.0,1.228,57.0,5211.0,3.715,2.721,13.778
K00392.01,CONFIRMED,33.4160553,8.605,275.8,2.98,53.18,689.0,0.947,29.3,6007.0,4.178,1.42,13.954
K00392.02,CONFIRMED,12.6119685,6.372,76.5,1.33,194.9,953.0,0.709,12.2,6007.0,4.178,1.42,13.954
K03031.01,CANDIDATE,7.64809462,2.216,195.9,1.19,117.65,840.0,0.265,12.2,5641.0,4.554,0.85,15.267
K03032.01,CONFIRMED,0.636424848,0.947,217.9,1.31,2754.93,1846.0,0.319,18.1,5343.0,4.538,0.885,15.744
K03033.01,FALSE POSITIVE,8.55935323,4.303,148.8,1.21,169.77,921.0,0.744,20.4,6115.0,4.462,0.919,14.538
K03034.01,CANDIDATE,31.0209175,2.012,859.5,1.66,1.7,291.0,0.881,15.1,3720.0,4.764,0.48,15.572
K03035.01,FALSE POSITIVE,21.3419702,10.73,,,105.86,,,,,,,13.87
K03112.01,CANDIDATE,2.118893997,0.822,311.4,1.41,541.53,1230.0,0.019,11.3,5504.0,4.583,0.796,15.855
K03113.01,CONFIRMED,2.46050095,1.861,276.8,1.03,208.54,969.0,0.052,16.7,4811.0,4.626,0.634,15.245
K03114.01,CANDIDATE,7.49133777,6.315,34.5,1.01,656.15,1291.0,0.013,14.4,6177.0,3.993,1.71,12.277
K03115.01,CONFIRMED,5.8660127,3.985,183.0,1.45,302.77,1064.0,0.539,16.8,6020.0,4.427,1.04,15.273
K03116.01,CONFIRMED,23.9107056,4.996,294.0,1.91,59.76,709.0,0.398,12.9,6338.0,4.418,1.091,15.376
K00048.01,FALSE POSITIVE,23.836808884,6.02854,29684.7,59.31,168.28,919.0,1.008,2793.4,6095.0,3.894,1.94,13.722
K00321.02,CONFIRMED,4.62334491,3.0189,62.0,0.77,287.25,1050.0,0.388,25.2,5678.0,4.484,0.97,12.52
K00322.01,FALSE POSITIVE,5.888835386,3.7988,19466.0,584.67,243.87,1008.0,6.217,208.2,5780.0,4.438,1.0,12.97
K00323.01,CONFIRMED,5.83599485,2.062,553.3,1.92,144.5,884.0,0.129,11.2,5423.0,4.542,0.828,12.465
K00324.01,FALSE POSITIVE,1.089077863,2.4676,133.6,1.96,7312.11,2359.0,0.778,104.8,6280.0,4.098,1.551,12.217
K00325.01,FALSE POSITIVE,7.86335883,3.4303,467.3,7.84,482.18,1195.0,0.995,74.3,5731.0,4.005,1.913,12.94
K00380.01,FALSE POSITIVE,8.0970583,5.699,680.7,4.83,495.31,1203.0,0.959,76.4,6573.0,4.2,1.455,13.11
K00381.01,FALSE POSITIVE,6.337614357,1.742,1807.4,9.57,787.89,1351.0,0.972,132.7,6581.0,4.138,1.536,13.406
K00382.01,FALSE POSITIVE,3.900140077,3.77,543.1,23.78,582.32,1253.0,1.205,53.6,6407.0,4.48,0.955,13.561
K00384.01,CONFIRMED,5.0800579,5.207,222.8,3.95,1851.94,1673.0,0.636,56.7,6049.0,3.769,2.52,13.281
K00385.01,CONFIRMED,13.14496741,3.6399,300.8,1.59,56.15,698.0,0.591,44.1,5411.0,4.477,0.888,13.435
K00283.01,CONFIRMED,16.09196369,2.8943,415.8,2.13,62.74,718.0,0.546,84.9,5680.0,4.414,1.016,11.525
K03036.01,FALSE POSITIVE,161.239891,24.472,1075.4,3.48,1.77,294.0,0.946,23.0,5514.0,4.569,0.826,15.648
K03037.01,CANDIDATE,5.4654174,3.209,219.5,1.23,174.08,927.0,0.301,14.2,5612.0,4.566,0.829,15.861
K03038.01,CONFIRMED,1.4951513,3.43,52.0,1.44,2880.38,1870.0,0.974,14.2,5635.0,4.117,1.452,14.22
K03039.01,CONFIRMED,20.3504704,7.225,101.8,1.01,55.07,695.0,0.192,16.6,5952.0,4.41,1.002,13.914
K03117.01,CANDIDATE,6.06664931,1.962,65.3,0.87,165.66,915.0,0.902,10.9,5569.0,4.521,0.892,13.163
K03119.01,CANDIDATE,2.184437698,1.0422,1546.8,0.94,18.41,529.0,0.035,19.7,3421.0,5.014,0.25,16.946
K03120.01,CONFIRMED,4.13592927,2.377,156.2,1.43,535.42,1226.0,0.168,15.2,5886.0,4.345,1.152,14.826
K03122.01,CONFIRMED,8.05337912,5.382,38.3,1.28,717.7,1320.0,0.035,14.9,6231.0,3.976,2.062,12.086
K03123.01,CANDIDATE,15.2311195,3.91,269.1,1.94,96.84,800.0,0.192,13.1,5836.0,4.316,1.186,15.029
K00286.01,FALSE POSITIVE,23.6272223,7.9,154.6,3.84,804.44,1358.0,0.711,65.8,8308.0,3.861,2.879,11.641
K00326.01,FALSE POSITIVE,8.97349999,3.1408,935.1,36.0,6178.9,2262.0,0.56,44.1,4751.0,2.52,11.536,12.96
K00326.02,FALSE POSITIVE,108.546946,7.567,711.3,29.67,222.7,985.0,0.055,15.3,4751.0,2.52,11.536,12.96
K00327.01,CONFIRMED,3.254277742,2.9903,159.9,1.38,675.56,1301.0,0.303,58.6,5945.0,4.402,1.089,12.996
K00327.02,CONFIRMED,91.3514816,8.707,210.0,1.57,7.93,428.0,0.008,25.5,5945.0,4.402,1.089,12.996
K00328.01,FALSE POSITIVE,2.250826647,1.536,534.4,30.03,1161.8,1489.0,1.221,104.3,5779.0,4.308,1.119,12.82
K00386.01,CONFIRMED,31.1588249,5.1803,959.0,3.56,39.46,639.0,0.029,73.6,5951.0,4.319,1.155,13.838
K00066.01,FALSE POSITIVE,0.436282594,1.3988,536.4,83.25,170399.16,5187.0,1.269,218.3,8491.0,3.853,2.622,11.002
K00386.02,CONFIRMED,76.7324556,6.243,685.7,3.08,11.86,473.0,0.462,34.3,5951.0,4.319,1.155,13.838
K00387.01,CONFIRMED,13.89963233,3.5791,1121.7,2.46,17.37,521.0,0.777,98.2,4538.0,4.607,0.663,13.577
K00388.01,CONFIRMED,6.14955931,5.5694,333.7,3.26,649.26,1287.0,0.368,87.3,5687.0,3.973,1.775,13.644
K03040.01,CANDIDATE,4.8099878,1.97,288.2,1.59,317.8,1077.0,0.2,13.6,5988.0,4.507,0.934,15.667
K03041.01,CANDIDATE,5.08288076,2.515,108.0,1.15,462.96,1183.0,0.389,12.5,6217.0,4.375,1.083,14.207
K03042.01,CANDIDATE,31.0259489,5.692,385.4,1.91,29.67,595.0,0.153,12.7,6075.0,4.486,0.969,15.959
K03043.01,CANDIDATE,3.08942807,3.214,85.3,1.07,808.76,1361.0,0.65,13.2,6137.0,4.418,1.103,14.829
K03045.01,CONFIRMED,44.8702042,4.199,636.1,2.56,19.5,536.0,0.436,16.4,6122.0,4.471,0.996,15.755
K03124.01,FALSE POSITIVE,4.8807805,9.4,79.0,0.48,58.98,706.0,0.581,15.9,4763.0,4.738,0.516,14.203
K03125.01,CONFIRMED,4.45342418,3.654,46.6,0.9,740.51,1331.0,0.569,16.3,6256.0,4.269,1.269,12.938
K03126.01,FALSE POSITIVE,2.21396685,4.374,81.6,0.84,952.61,1418.0,0.017,19.1,5986.0,4.461,0.93,14.461
K03127.01,CONFIRMED,9.705693,7.702,140.8,2.07,237.46,1001.0,0.941,14.2,5808.0,4.178,1.385,14.93
K03128.01,CANDIDATE,21.2360024,4.019,104.4,2.62,285.21,1048.0,0.205,15.7,6035.0,3.745,2.559,13.371
K00049.01,CONFIRMED,8.31377304,2.964,837.4,2.74,145.51,886.0,0.002,19.6,5900.0,4.509,0.951,13.704
K00329.01,FALSE POSITIVE,8.58969597,8.471,245.1,20.8,143.02,882.0,1.197,45.9,6024.0,4.523,0.9,13.478
K00330.01,CONFIRMED,7.97420583,5.3503,293.1,1.85,212.75,974.0,0.128,55.1,5973.0,4.386,1.081,13.928
K00330.02,CONFIRMED,1.88899036,3.486,59.0,0.83,1449.92,1574.0,0.011,18.2,5973.0,4.386,1.081,13.928
K00331.01,CONFIRMED,18.68405716,6.9329,381.5,3.64,113.34,832.0,0.858,54.2,5548.0,4.038,1.614,13.497
K00393.01,CONFIRMED,21.41624083,7.081,314.5,2.09,74.2,748.0,0.081,42.7,6156.0,4.331,1.18,13.542
K00394.01,FALSE POSITIVE,12.28351275,3.634,597.8,74.76,765.56,1342.0,1.224,23.4,6171.0,3.668,2.759,13.167
K00069.01,CONFIRMED,4.72674037,2.9267,273.1,1.56,264.08,1028.0,0.657,287.8,5648.0,4.472,0.894,9.931
K00395.01,FALSE POSITIVE,6.77449545,2.5416,481.9,29.41,521.03,1219.0,1.178,41.9,6517.0,4.265,1.342,13.889
K00396.01,CANDIDATE,14.591504451,1.1295,1490.5,36.85,140.82,879.0,1.21,68.0,5940.0,4.199,1.312,13.311
K00397.01,FALSE POSITIVE,27.677680103,2.1704,11545.0,14.41,34.55,618.0,0.933,431.6,6075.0,4.486,0.969,13.767
K03047.01,FALSE POSITIVE,0.605223042,0.8986,232.3,1.14,2099.47,1728.0,0.109,20.7,5089.0,4.559,0.757,15.248
K00283.02,CONFIRMED,25.5172744,4.735,66.8,0.83,33.91,615.0,0.322,13.5,5680.0,4.414,1.016,11.525
K03048.01,CONFIRMED,4.73292061,1.746,151.6,0.97,198.57,957.0,0.121,15.5,5595.0,4.581,0.796,14.651
K03049.01,CONFIRMED,22.4765952,3.437,481.4,1.21,7.27,419.0,0.176,13.3,4563.0,4.704,0.567,15.037
K03050.01,CANDIDATE,1.242639742,1.763,159.3,1.02,1159.26,1487.0,0.152,16.1,5520.0,4.572,0.818,15.33
K03129.01,FALSE POSITIVE,25.503628,3.913,204.4,1.61,27.85,586.0,0.953,13.3,5815.0,4.54,0.877,14.746
K03130.01,CONFIRMED,14.8638496,2.705,220.6,2.9,35.04,620.0,1.006,12.3,5159.0,4.508,0.8,13.752
K03130.02,CONFIRMED,5.65245733,2.062,121.0,1.05,127.1,856.0,0.889,11.7,5159.0,4.508,0.8,13.752
K03131.01,CONFIRMED,10.9294815,5.893,196.9,1.21,83.14,770.0,0.197,14.3,5792.0,4.547,0.864,15.591
K03132.01,CANDIDATE,0.536650319,2.383,41.9,1.35,24688.55,3195.0,0.61,31.0,6020.0,3.922,2.0,12.649
K00332.01,CONFIRMED,5.45849914,4.0448,255.9,1.91,344.32,1099.0,0.65,72.0,5914.0,4.396,1.135,13.046
K00333.01,CONFIRMED,13.28536452,6.283,377.6,4.03,423.65,1157.0,0.774,26.8,6534.0,3.973,1.9,13.39
K00334.01,FALSE POSITIVE,8.4879444,3.224,119.3,1.23,208.99,969.0,0.752,19.5,6134.0,4.396,1.039,13.301
K00335.01,FALSE POSITIVE,46.56675437,7.831,801.1,5.25,59.34,708.0,0.87,111.3,6629.0,4.132,1.619,13.893
K00336.01,FALSE POSITIVE,19.5148412,3.096,102.7,2.8,489.75,1200.0,0.742,13.1,7004.0,3.854,2.556,13.124
K00279.02,CONFIRMED,15.4130812,6.6358,264.3,2.59,187.39,944.0,0.372,55.2,6206.0,4.159,1.573,11.684
K02970.01,CONFIRMED,4.82051088,3.588,40.9,1.08,735.25,1328.0,0.922,14.8,6046.0,4.158,1.396,12.861
K02971.01,CANDIDATE,6.09595681,5.502,65.7,1.26,593.42,1259.0,0.685,18.1,6313.0,4.228,1.467,12.742
K02972.01,CANDIDATE,13.2511214,4.996,266.5,1.98,123.32,850.0,0.231,15.2,5850.0,4.297,1.217,15.085
K02973.01,FALSE POSITIVE,5.76556718,3.138,213.3,1.66,371.86,1120.0,0.678,17.6,6218.0,4.404,1.072,15.39
K03051.01,CANDIDATE,11.682369,2.71,234.5,1.45,97.62,802.0,0.6987,11.2,6089.0,4.527,0.889,15.276
K03052.01,CANDIDATE,10.12956201,3.044,81.3,0.78,69.43,736.0,0.544,12.2,5383.0,4.528,0.842,13.573
K03052.02,CONFIRMED,15.6112238,3.873,113.5,0.91,38.99,637.0,0.468,15.7,5383.0,4.528,0.842,13.573
K03053.01,CONFIRMED,42.5217006,5.723,685.6,2.45,15.97,510.0,0.495,14.7,5911.0,4.519,0.914,15.761
K03055.01,FALSE POSITIVE,0.566805887,5.2317,1.7,0.08,1368.32,1554.0,0.762,0.8,5000.0,4.708,0.549,14.648
K03056.01,CONFIRMED,6.69958851,2.831,253.7,1.24,99.83,806.0,0.0,13.6,5296.0,4.586,0.799,15.883
K00287.01,FALSE POSITIVE,14.170972781,3.7316,13496.5,20.88,650.07,1288.0,0.579,308.1,8347.0,4.231,1.715,11.054
K03135.01,FALSE POSITIVE,1.332562831,6.24,297.9,24.29,1301.29,1532.0,1.241,37.3,5718.0,4.549,0.863,15.846
K03136.01,CONFIRMED,2.39161966,1.906,189.2,0.93,266.01,1031.0,0.299,13.6,4935.0,4.589,0.685,15.738
K03140.01,CONFIRMED,5.68879083,2.55,241.5,0.99,40.88,645.0,0.39,13.8,4234.0,4.63,0.639,15.561
K03141.01,CONFIRMED,2.31941571,1.591,96.4,1.24,1164.84,1490.0,0.429,11.7,5624.0,4.256,1.248,14.869
K00337.01,CONFIRMED,19.7830259,5.4898,373.2,2.1,59.39,708.0,0.015,41.8,5747.0,4.335,1.099,13.936
K00051.01,FALSE POSITIVE,10.431146765,3.8853,29375.6,50.44,114.02,833.0,1.225,400.2,5780.0,4.438,1.0,13.761
K00338.01,CONFIRMED,7.0106324,3.0688,327.3,1.5,70.32,738.0,0.683,48.7,4908.0,4.567,0.782,13.448
K00338.02,CONFIRMED,3.10762684,2.361,77.2,0.73,207.72,968.0,0.7,15.6,4908.0,4.567,0.782,13.448
K00339.01,CONFIRMED,1.980356674,2.4743,271.9,2.1,1808.41,1662.0,0.713,71.9,6078.0,4.29,1.189,13.763
K00339.02,CONFIRMED,12.8344771,3.846,281.0,2.55,149.42,891.0,0.956,35.0,6078.0,4.29,1.189,13.763
K02975.01,FALSE POSITIVE,175.329014,6.269,1059.1,27.03,2.69,327.0,1.231,16.7,6008.0,4.499,0.93,15.31
K02976.01,CANDIDATE,21.61313362,1.52,818.1,1.94,15.14,503.0,0.714,13.8,5267.0,4.681,0.632,15.862
K02977.01,CONFIRMED,2.7881793,3.397,55.8,1.02,1228.07,1510.0,0.058,17.7,5758.0,4.168,1.385,13.71
K02977.02,CONFIRMED,4.13827684,3.449,63.8,1.13,725.53,1324.0,0.499,16.8,5758.0,4.168,1.385,13.71
K02978.01,FALSE POSITIVE,2.61846258,3.505,275.3,1.03,119.68,843.0,0.013,18.7,4266.0,4.626,0.643,15.593
K03057.01,CONFIRMED,29.72722,3.45,1010.2,3.02,22.7,557.0,0.744,19.4,5815.0,4.54,0.877,15.855
K00284.01,CONFIRMED,18.01019956,3.516,177.7,1.93,77.99,758.0,0.966,43.4,5931.0,4.322,1.101,11.818
K03057.02,CONFIRMED,10.61368712,3.498,559.8,2.06,89.65,785.0,0.024,18.9,5815.0,4.54,0.877,15.855
K03058.01,FALSE POSITIVE,7.53887442,3.147,342.1,1.33,75.14,751.0,0.727,13.6,5318.0,4.601,0.667,15.504
K03059.01,FALSE POSITIVE,0.53633519,1.0547,444.1,1.81,3603.58,1974.0,0.489,29.9,5508.0,4.569,0.84,15.546
K03142.01,CANDIDATE,27.9430245,6.125,308.6,2.21,62.74,718.0,0.052,12.3,6468.0,4.363,1.25,15.243
K03144.01,CONFIRMED,8.07394097,2.455,1056.0,1.59,7.33,420.0,0.928,16.0,3675.0,4.869,0.398,16.109
K03145.01,CONFIRMED,4.53702121,1.813,504.4,1.66,95.61,798.0,0.706,15.7,4805.0,4.633,0.688,15.689
K03145.02,CANDIDATE,0.977311489,1.403,250.7,1.06,737.36,1331.0,0.01,14.8,4805.0,4.633,0.688,15.689
K03146.01,CONFIRMED,39.859505,7.987,155.5,1.62,29.97,597.0,0.398,13.9,5675.0,4.209,1.292,14.131
K00340.01,FALSE POSITIVE,23.6731242,14.3948,23112.9,17.74,49.42,676.0,0.21,842.3,5769.0,4.338,1.177,13.057
K00341.01,CONFIRMED,7.170710381,2.9225,863.3,2.73,148.09,890.0,0.188,89.3,5497.0,4.437,0.941,13.338
K00341.02,CONFIRMED,4.699652821,2.553,351.4,1.74,260.54,1024.0,0.135,41.6,5497.0,4.437,0.941,13.338
K00343.01,CONFIRMED,4.761705895,3.3061,497.1,2.75,491.37,1201.0,0.384,138.5,5794.0,4.263,1.225,13.203
K00343.02,CONFIRMED,2.024143568,2.5273,239.4,1.94,1535.09,1597.0,0.513,88.4,5794.0,4.263,1.225,13.203
K02979.01,FALSE POSITIVE,1.371288853,1.4528,66.2,1.15,2695.6,1837.0,0.953,16.9,6220.0,4.378,1.108,13.328
K00280.01,CONFIRMED,11.87290814,2.5342,332.7,2.25,131.55,863.0,0.904,84.7,6147.0,4.412,1.04,11.072
K02980.01,CONFIRMED,1.638652525,1.952,166.9,1.29,1585.07,1610.0,0.365,16.4,6119.0,4.472,0.981,15.49
K02981.01,CONFIRMED,9.06687613,3.381,367.2,1.9,65.52,725.0,0.928,14.6,5142.0,4.515,0.789,15.737
K02982.01,CONFIRMED,4.0223109,0.853,227.8,1.37,253.28,1017.0,0.741,11.0,5516.0,4.544,0.827,14.264
K03060.01,CONFIRMED,6.9131732,4.73,39.1,0.91,505.0,1209.0,0.264,12.5,6296.0,4.21,1.444,12.788
K03061.01,CONFIRMED,7.32851947,1.211,277.8,2.33,100.13,807.0,0.983,14.0,5135.0,4.464,0.874,14.316
K03063.01,CONFIRMED,18.6052046,6.829,242.5,1.94,113.88,833.0,0.093,13.1,6572.0,4.365,1.238,15.665
K03064.01,FALSE POSITIVE,1.332562787,6.28,1111.9,29.1,1983.27,1703.0,1.24,125.2,6091.0,4.487,0.967,15.952
K03065.01,CANDIDATE,0.896382269,1.113,136.4,1.0,2524.81,1810.0,0.332,11.7,5837.0,4.502,0.843,14.603
K03147.01,CONFIRMED,39.4420781,7.029,172.4,2.51,51.14,682.0,0.42,15.2,5430.0,3.923,1.902,14.268
K00288.01,CONFIRMED,10.27532513,6.3093,209.7,3.04,508.21,1211.0,0.315,99.5,6150.0,3.96,2.086,11.02
K03148.01,FALSE POSITIVE,11.50528603,2.098,260.2,1.83,163.79,912.0,0.461,11.4,6355.0,4.41,1.108,15.191
K00289.01,CONFIRMED,26.62941953,7.8709,492.8,3.13,71.75,742.0,0.015,106.9,5866.0,4.117,1.417,12.747
K00289.02,CONFIRMED,296.6375817,16.425,2763.1,7.56,2.88,332.0,0.429,250.0,5866.0,4.117,1.417,12.747
K00343.03,CONFIRMED,41.8085031,7.797,190.4,1.67,27.15,582.0,0.011,27.3,5794.0,4.263,1.225,13.203
K00052.01,FALSE POSITIVE,2.98786272,2.5814,42789.0,17.82,303.15,1064.0,0.621,98.0,5231.0,4.544,0.821,13.109
K00344.01,CONFIRMED,39.30944096,5.77,1132.1,2.87,13.46,488.0,0.028,122.9,5607.0,4.536,0.863,13.4
K00345.01,CONFIRMED,29.88487723,4.5612,1275.7,2.81,9.95,453.0,0.658,128.3,4883.0,4.549,0.749,13.34
K00346.01,CONFIRMED,12.92489803,2.6811,959.0,2.62,34.95,620.0,0.768,49.5,5103.0,4.584,0.768,13.524
K02984.01,CANDIDATE,11.45541896,4.95,68.6,1.12,213.86,975.0,0.116,15.8,6231.0,4.276,1.356,13.066
K02985.01,FALSE POSITIVE,0.575884418,2.0734,272.2,31.17,7790.32,2397.0,1.258,43.2,6290.0,4.442,1.044,15.024
K02986.01,FALSE POSITIVE,0.562555067,1.7402,198.3,1.21,4128.4,2046.0,0.527,21.7,5793.0,4.561,0.832,15.945
K03429.04,CANDIDATE,44.433726,6.118,239.6,1.85,19.73,538.0,0.624,8.0,5596.0,4.298,1.145,15.364
K02987.01,FALSE POSITIVE,0.993703494,0.7645,67.4,2.32,26588.4,3257.0,0.436,14.5,6854.0,3.808,2.715,12.928
K02989.01,CONFIRMED,6.33125228,2.688,306.6,1.31,108.04,822.0,0.094,16.2,5383.0,4.603,0.759,15.411
K03066.01,CONFIRMED,24.2204192,3.271,806.3,2.1,15.43,505.0,0.032,14.0,5165.0,4.599,0.761,15.911
K03067.01,FALSE POSITIVE,30.9597053,5.42,410.7,16.63,8.67,438.0,1.191,13.7,4947.0,4.621,0.714,15.082
K00284.02,CONFIRMED,6.41491277,3.3629,121.0,1.4,309.12,1069.0,0.869,51.1,5931.0,4.322,1.101,11.818
K01175.03,FALSE POSITIVE,93.881556,20.644,188.7,2.02,12.42,479.0,0.008,23.7,5676.0,4.1,1.487,13.29
K03068.01,CANDIDATE,3.91679553,2.072,161.3,0.85,123.73,851.0,0.007,13.2,4889.0,4.637,0.686,14.976
K03069.01,CANDIDATE,43.1024434,7.124,299.8,1.88,19.96,539.0,0.011,14.3,5741.0,4.365,1.097,14.914
K00290.01,FALSE POSITIVE,2.683395376,1.8592,234.7,2.55,2833.83,1860.0,0.763,52.9,6958.0,4.195,1.529,12.269
K00291.01,CONFIRMED,31.51779463,7.634,357.6,2.72,45.68,663.0,0.561,63.2,5611.0,4.144,1.4,12.848
K00291.02,CONFIRMED,8.12999858,2.1492,148.0,2.04,277.89,1041.0,0.896,26.1,5611.0,4.144,1.4,12.848
K02243.03,CANDIDATE,31.4452709,1.758,531.1,4.55,63.78,721.0,0.97,12.7,6172.0,4.198,1.471,14.806
K00044.01,FALSE POSITIVE,66.46746217,19.6638,12643.7,11.97,11.18,466.0,0.116,1049.3,5843.0,4.403,1.073,13.483
K00292.01,CONFIRMED,2.586639524,2.253,217.7,1.44,735.48,1328.0,0.349,77.3,5780.0,4.421,0.966,12.872
K00347.01,FALSE POSITIVE,2.671942657,1.9119,15942.0,22.36,1069.47,1458.0,0.982,97.5,6116.0,4.335,1.055,13.318
K00348.01,CONFIRMED,28.51117639,4.5941,1844.6,3.27,7.55,423.0,0.77,145.5,4687.0,4.627,0.69,13.933
K00349.01,CONFIRMED,14.38682567,2.1417,569.6,2.54,85.46,776.0,0.021,61.7,5725.0,4.353,1.072,13.586
K02924.02,CANDIDATE,8.85686712,0.606,319.2,1.88,61.54,714.0,0.923,11.9,5017.0,4.516,0.797,14.589
K00350.01,CANDIDATE,12.99065074,2.3748,392.3,2.02,92.12,790.0,0.068,42.5,5787.0,4.402,1.027,13.387
K00351.01,CONFIRMED,331.5972732,14.404,8322.1,10.89,1.76,294.0,0.02,355.0,5970.0,4.317,1.2,13.804
K02990.01,CONFIRMED,11.20058855,4.562,219.9,1.7,100.91,808.0,0.956,19.2,6038.0,4.524,0.898,14.982
K02991.01,FALSE POSITIVE,1.50179931,3.275,100.1,0.72,540.71,1229.0,0.256,19.1,5024.0,4.613,0.736,14.762
K00042.01,CONFIRMED,17.83367834,4.5112,326.9,2.43,132.94,866.0,0.013,154.5,6407.0,4.268,1.337,9.364
K00281.01,CONFIRMED,19.55662003,8.087,298.9,2.45,95.35,797.0,0.606,111.0,5671.0,4.094,1.36,11.947
K02992.01,CANDIDATE,82.6595174,3.48,1270.7,2.03,0.7,233.0,0.579,17.1,3952.0,4.716,0.553,15.995
K02994.01,CONFIRMED,2.03387483,3.097,73.6,1.6,2422.92,1789.0,0.238,15.7,5282.0,3.913,1.899,14.621
K03070.01,FALSE POSITIVE,5.07538255,1.7,163.1,1.74,419.23,1154.0,0.919,16.0,5933.0,4.334,1.118,14.196
K03071.01,CONFIRMED,23.9553986,3.204,228.7,2.84,71.16,741.0,0.669,13.9,5011.0,3.903,1.781,14.553
K03072.01,CANDIDATE,24.3367026,2.539,551.1,1.95,18.07,526.0,0.577,13.4,5141.0,4.505,0.806,15.581
K03073.01,CANDIDATE,7.40985182,1.131,201.1,1.18,105.91,818.0,0.234,13.5,5462.0,4.56,0.836,14.449
K03074.01,FALSE POSITIVE,1.02425556,2.6439,1631.7,29.83,1211.99,1503.0,1.312,40.6,5337.0,4.594,0.764,16.695
K00293.01,FALSE POSITIVE,4.63958598,2.768,83.4,1.52,1496.31,1587.0,0.014,28.1,6591.0,4.024,1.646,12.057
K02263.03,CANDIDATE,15.5943758,7.367,95.4,1.08,97.35,801.0,0.5,11.9,6249.0,4.428,1.076,14.456
K00294.01,CONFIRMED,34.4359387,5.82,424.5,2.78,42.68,652.0,0.017,52.6,5929.0,4.243,1.363,12.674
K00295.01,CONFIRMED,5.317440164,2.9331,292.5,1.94,351.52,1105.0,0.72,80.9,5923.0,4.377,1.054,12.324
K00295.02,CONFIRMED,10.10575764,2.0138,116.8,1.28,149.4,892.0,0.828,19.9,5923.0,4.377,1.054,12.324
K00296.01,CONFIRMED,28.86236571,5.4033,449.2,2.53,35.56,623.0,0.778,64.4,5725.0,4.326,1.088,12.935
K00351.02,CONFIRMED,210.6013843,11.9922,4159.3,7.7,3.22,342.0,0.002,232.4,5970.0,4.317,1.2,13.804
K02926.05,CANDIDATE,75.731195,4.859,2496.0,3.47,0.74,237.0,0.9,16.3,3891.0,4.718,0.564,16.279
K00351.03,CONFIRMED,59.7371443,8.0006,566.4,2.84,17.26,520.0,0.005,43.5,5970.0,4.317,1.2,13.804
K00053.01,FALSE POSITIVE,3.388887193,2.4475,11267.8,10.72,511.3,1212.0,0.387,162.9,5780.0,4.438,1.0,13.513
K00352.01,CONFIRMED,27.08239734,5.0119,423.2,3.25,57.77,703.0,0.915,40.9,5857.0,4.204,1.305,13.77
K00353.01,CANDIDATE,152.1060435,7.4517,3688.3,11.58,10.36,458.0,0.878,116.3,6200.0,4.072,1.64,13.374
K00353.02,CONFIRMED,30.6528935,4.99,269.7,2.86,87.69,780.0,0.682,17.4,6200.0,4.072,1.64,13.374
K03646.02,FALSE POSITIVE,0.512869432,4.015,2313.0,31.12,5384.53,2185.0,1.263,133.9,5853.0,4.529,0.895,16.095
K02995.01,CONFIRMED,5.19492747,3.167,272.9,2.03,554.37,1238.0,0.093,16.5,6415.0,4.374,1.224,15.598
K02996.01,CONFIRMED,15.9314412,2.435,556.7,1.77,29.83,596.0,0.604,14.8,5380.0,4.616,0.721,15.688
K02997.01,FALSE POSITIVE,1.33251589,4.216,140.5,1.3,2207.85,1747.0,0.53,22.2,5701.0,4.291,1.068,15.255
K02998.01,CONFIRMED,28.227413,5.782,1113.4,2.82,24.03,565.0,0.025,25.3,5858.0,4.553,0.849,15.873
K02999.01,FALSE POSITIVE,0.545544979,1.954,92.6,0.93,5913.74,2240.0,0.604,24.8,6050.0,4.509,0.92,14.914
K01232.02,FALSE POSITIVE,419.97507836,12.1687,275.1,1.53,0.51,215.0,0.68,5.9,5316.0,4.477,0.872,14.427
K03075.01,CONFIRMED,4.76559056,2.2,67.5,0.92,439.42,1167.0,0.14,15.2,5702.0,4.258,1.125,12.994
K03078.01,CONFIRMED,2.98618134,2.969,122.9,1.16,798.35,1356.0,0.249,12.0,6173.0,4.447,1.041,15.33
K03081.01,FALSE POSITIVE,25.9200092,5.609,331.4,1.28,16.59,515.0,0.054,10.9,5517.0,4.631,0.704,15.406
K00284.03,CONFIRMED,6.17817366,3.2601,101.9,1.22,324.69,1082.0,0.775,43.5,5931.0,4.322,1.101,11.818
K03082.01,FALSE POSITIVE,2.04516705,3.625,154.8,2.9,17791.98,2945.0,0.74,16.5,9206.0,4.112,2.157,14.978
K02264.02,CANDIDATE,7.25101997,2.799,122.8,0.91,100.18,807.0,0.314,12.2,5382.0,4.571,0.827,14.477
K00297.01,CONFIRMED,5.65178922,3.0933,134.1,2.03,574.71,1248.0,0.906,39.5,6085.0,4.218,1.463,12.182
K00298.01,CONFIRMED,19.96367208,2.6403,270.9,1.5,23.88,564.0,0.846,36.3,5250.0,4.541,0.79,12.713
K00298.02,CANDIDATE,57.3840375,4.336,241.7,1.62,5.85,397.0,0.954,22.9,5250.0,4.541,0.79,12.713
K00299.01,CONFIRMED,1.541676547,1.9118,296.5,1.88,1517.84,1592.0,0.362,94.1,5533.0,4.337,1.089,12.899
K00045.01,FALSE POSITIVE,6.397185875,5.8638,18887.0,15.02,218.59,981.0,0.755,394.7,5780.0,4.438,1.0,13.133
K00300.01,FALSE POSITIVE,2.976020742,3.73,114.9,2.07,2169.16,1740.0,0.721,60.6,5947.0,3.939,1.796,12.302
K00354.01,CONFIRMED,15.95995611,4.3149,523.2,2.27,63.95,721.0,0.526,70.9,5936.0,4.501,0.965,13.235
K00354.02,CONFIRMED,7.37867551,3.349,125.1,1.11,178.68,933.0,0.513,22.3,5936.0,4.501,0.965,13.235
K00355.01,CONFIRMED,4.903321801,2.8887,334.5,2.37,570.65,1247.0,0.016,84.5,6045.0,4.276,1.298,13.174
K00356.01,CONFIRMED,1.82708193,1.96401,1164.7,5.95,2925.17,1877.0,0.033,273.7,5311.0,3.864,1.769,13.807
K00358.01,FALSE POSITIVE,22.845241036,5.3007,45676.5,30.35,79.78,762.0,0.617,3845.4,5926.0,4.187,1.351,13.883
K04146.02,CANDIDATE,2.5738437,1.92,46.6,0.57,384.24,1129.0,0.044,10.9,5115.0,4.477,0.854,13.632
K03000.01,FALSE POSITIVE,18.3980827,4.438,145.0,1.26,52.31,686.0,0.587,17.2,5605.0,4.381,1.015,14.168
K03002.01,CONFIRMED,11.62904159,2.97,88.0,1.31,125.89,854.0,0.925,13.7,5721.0,4.307,1.131,13.256
K03003.01,FALSE POSITIVE,13.6550963,4.117,196.3,1.35,87.46,780.0,0.235,14.6,6065.0,4.487,0.962,14.818
K00282.01,CONFIRMED,27.50871575,5.9291,639.2,2.98,45.66,663.0,0.577,190.3,5903.0,4.304,1.137,11.529
K03004.01,CONFIRMED,20.0708757,6.354,405.7,3.2,110.19,826.0,0.643,12.8,5902.0,4.128,1.513,14.935
K01236.04,CONFIRMED,98.353149,24.708,423.0,4.13,21.96,552.0,0.906,30.5,6366.0,4.045,1.697,13.659
K03083.01,CANDIDATE,10.18318233,3.137,51.5,0.79,133.56,867.0,0.449,11.2,5843.0,4.421,1.084,12.857
K03083.02,CANDIDATE,6.2321233,2.85,31.7,0.61,256.72,1021.0,0.32,8.5,5843.0,4.421,1.084,12.857
K03083.03,CANDIDATE,8.2942929,3.976,36.8,0.65,175.39,928.0,0.006,10.1,5843.0,4.421,1.084,12.857
K03084.01,FALSE POSITIVE,1.540411479,1.703,107.1,0.92,1029.25,1446.0,0.781,12.1,5769.0,4.57,0.812,14.991
K03085.01,FALSE POSITIVE,3.74785358,3.713,98.2,0.89,337.14,1093.0,0.468,18.8,5706.0,4.537,0.886,14.323
K00520.03,CONFIRMED,25.75274977,2.7678,738.9,2.27,14.88,501.0,0.516,36.7,4963.0,4.501,0.826,14.55
K00521.01,CONFIRMED,10.161023528,3.1627,1653.9,4.62,157.97,904.0,0.716,111.1,6032.0,4.387,1.06,14.633
K00522.01,CANDIDATE,12.82993461,2.942,1417.4,3.31,68.41,734.0,0.594,79.6,5862.0,4.555,0.844,14.406
K00523.01,CONFIRMED,49.41121127,5.278,3184.0,6.77,14.48,497.0,0.885,125.4,5768.0,4.434,1.015,15.0
K00523.02,CONFIRMED,36.8567758,7.495,714.1,2.68,21.4,549.0,0.05,43.8,5768.0,4.434,1.015,15.0
K02964.02,FALSE POSITIVE,35.080928,6.92,100.7,1.21,32.63,610.0,0.712,7.6,6007.0,4.353,1.126,14.089
K00574.02,CONFIRMED,10.39986173,3.377,275.3,1.5,49.86,678.0,0.757,22.8,4963.0,4.501,0.826,14.859
K00090.01,FALSE POSITIVE,0.828206212,1.737,132.3,3.88,27125.5,3274.0,0.615,68.1,5812.0,3.598,3.227,11.743
K00575.01,CONFIRMED,24.31574009,4.1344,643.3,2.8,51.53,683.0,0.653,42.5,6242.0,4.442,1.047,14.686
K00576.01,FALSE POSITIVE,199.443024,7.409,4036.0,9.3,2.86,332.0,0.932,55.1,5646.0,4.278,1.153,14.546
K00577.01,CONFIRMED,39.6766071,5.04,611.2,2.29,11.85,473.0,0.639,24.9,5244.0,4.449,0.888,14.405
K04260.03,FALSE POSITIVE,358.66044,16.732,133.8,1.62,2.02,304.0,0.062,15.6,5619.0,4.07,1.406,11.443
K00421.01,CONFIRMED,4.454194254,2.3061,16041.5,11.76,252.22,1017.0,0.479,1022.2,5359.0,4.425,0.915,14.995
K00422.01,CANDIDATE,809.0141881,8.3017,16311.3,14.38,0.51,216.0,0.717,212.9,6230.0,4.397,1.047,14.74
K00423.01,CONFIRMED,21.0871953,5.92691,8894.7,14.43,137.06,873.0,0.065,556.2,6266.0,4.101,1.522,14.327
K00424.01,FALSE POSITIVE,1.575631524,2.59202,25626.6,28.66,1464.43,1577.0,1.065,465.4,6202.0,4.537,0.858,14.731
K00070.04,CONFIRMED,6.09855603,2.9815,84.4,0.84,174.3,927.0,0.21,24.8,5465.0,4.449,0.925,12.498
K01278.05,FALSE POSITIVE,203.250506,9.81,238.9,1.35,1.71,292.0,0.336,7.0,5600.0,4.455,0.872,15.204
K00477.01,CONFIRMED,16.54295261,3.8516,726.0,2.31,32.94,611.0,0.329,36.1,5215.0,4.518,0.867,14.687
K00478.01,CONFIRMED,11.023474798,1.4814,1795.5,2.46,8.04,429.0,0.724,77.2,3744.0,4.718,0.537,14.273
K00479.01,CONFIRMED,34.18884323,5.3278,1063.2,2.97,18.05,526.0,0.065,83.9,5515.0,4.453,0.925,14.106
K00480.01,CONFIRMED,4.30165843,2.1055,739.4,2.42,244.48,1009.0,0.547,88.3,5480.0,4.509,0.865,14.332
K00481.01,CONFIRMED,7.650243513,2.752,981.4,2.3,83.86,772.0,0.014,98.8,5409.0,4.609,0.746,14.701
K02298.03,CANDIDATE,2.47240869,1.87,47.5,0.36,145.69,887.0,0.319,9.0,4729.0,4.726,0.525,13.831
K00524.01,CONFIRMED,4.592393816,2.2748,1027.7,2.51,172.6,924.0,0.02,105.9,5351.0,4.582,0.796,14.868
K00525.01,CANDIDATE,11.53029332,1.8385,1209.3,3.98,137.08,873.0,0.027,57.6,5770.0,4.289,1.152,14.539
K00085.01,CONFIRMED,5.859935955,4.0185,322.8,2.56,569.5,1246.0,0.049,186.7,6181.0,4.22,1.424,11.018
K00526.01,CONFIRMED,2.104721971,1.7547,905.5,2.89,821.44,1365.0,0.001,153.3,5703.0,4.498,0.975,14.427
K00527.01,FALSE POSITIVE,10.63624422,5.055,231.7,1.58,77.02,756.0,0.978,24.7,5834.0,4.591,0.774,14.433
K03091.02,CANDIDATE,7.9069765,4.634,126.1,1.13,230.28,994.0,0.038,8.3,6347.0,4.464,0.996,15.372
K00578.01,CONFIRMED,6.412512953,5.2677,1156.4,3.89,308.76,1069.0,0.553,183.1,6026.0,4.366,1.108,14.684
K00579.01,CONFIRMED,2.019997006,1.8073,332.8,1.46,437.85,1166.0,0.502,52.1,5103.0,4.562,0.787,14.137
K00579.02,CONFIRMED,3.763041531,1.6011,354.5,1.63,190.67,948.0,0.76,37.9,5103.0,4.562,0.787,14.137
K00580.01,CONFIRMED,6.521209629,2.7975,760.4,2.54,178.27,932.0,0.514,69.8,5822.0,4.529,0.898,14.856
K00581.01,CONFIRMED,6.996926239,2.7374,1317.4,3.21,147.07,888.0,0.022,101.6,5713.0,4.541,0.893,14.807
K04288.04,CANDIDATE,13.9509565,5.231,35.7,0.75,122.88,849.0,0.467,11.2,5888.0,4.275,1.227,12.4
K00425.01,FALSE POSITIVE,5.428344915,1.8931,13756.0,14.88,269.19,1033.0,0.911,140.2,5936.0,4.501,0.965,14.694
K00426.01,CANDIDATE,16.30141333,3.5764,942.3,3.84,99.08,805.0,0.786,62.4,6072.0,4.328,1.138,14.733
K00427.01,CONFIRMED,24.61480613,2.6602,1798.0,4.2,27.93,586.0,0.435,68.4,5312.0,4.384,0.986,14.621
K00427.02,CONFIRMED,42.949522,5.4154,959.1,2.98,13.29,487.0,0.013,40.7,5312.0,4.384,0.986,14.621
K00427.03,CONFIRMED,117.033521,6.822,770.4,2.68,3.49,349.0,0.188,21.9,5312.0,4.384,0.986,14.621
K01289.02,FALSE POSITIVE,386.39833,8.519,748.0,2.2,0.49,214.0,0.287,4.9,5284.0,4.523,0.812,15.399
K00481.02,CONFIRMED,1.55400389,1.7664,465.8,1.59,704.5,1313.0,0.016,82.1,5409.0,4.609,0.746,14.701
K00481.03,CONFIRMED,34.25951418,4.7743,1072.5,2.41,11.36,468.0,0.008,66.1,5409.0,4.609,0.746,14.701
K00081.01,FALSE POSITIVE,23.8761144,9.3113,1611.7,10.45,1135.6,1481.0,0.014,225.5,9974.0,4.048,2.533,11.409
K00482.01,FALSE POSITIVE,4.99270186,3.1008,557.4,26.6,288.29,1051.0,1.232,42.3,5724.0,4.429,0.951,14.917
K00483.01,CONFIRMED,4.79860021,3.0384,817.4,2.51,216.54,978.0,0.594,88.1,5631.0,4.557,0.847,14.675
K00255.03,FALSE POSITIVE,7.7333361,2.807,126.9,0.57,12.41,479.0,0.084,9.3,3780.0,4.746,0.511,15.108
K00528.01,CONFIRMED,9.57665962,3.3603,746.8,2.88,121.26,846.0,0.043,82.6,5386.0,4.322,1.076,14.598
K00528.02,CONFIRMED,96.6781852,5.6957,951.3,3.29,5.55,392.0,0.336,44.7,5386.0,4.322,1.076,14.598
K00528.03,CONFIRMED,20.55280311,2.2013,727.3,2.99,43.8,656.0,0.568,42.4,5386.0,4.322,1.076,14.598
K00529.01,FALSE POSITIVE,2.023123903,1.1829,1288.9,2.87,608.26,1266.0,0.026,76.0,5559.0,4.578,0.803,14.977
K00530.01,CONFIRMED,10.94026745,2.3494,538.6,2.08,80.52,764.0,0.595,30.6,5749.0,4.547,0.864,14.909
K03138.02,CONFIRMED,19.5352551,1.013,1732.0,0.53,0.16,161.0,0.702,5.9,2703.0,5.274,0.118,17.131
K00531.01,CANDIDATE,3.687469832,1.0668,5057.6,5.78,53.6,690.0,0.919,363.9,4004.0,4.659,0.606,14.418
K00581.02,CONFIRMED,151.863949,8.577,747.0,2.41,2.43,318.0,0.016,22.5,5713.0,4.541,0.893,14.807
K00582.01,CONFIRMED,5.945043548,2.7004,800.2,2.69,127.64,857.0,0.763,67.6,5105.0,4.469,0.868,14.808
K00092.01,CONFIRMED,65.7045275,3.3104,636.1,2.78,11.72,472.0,0.663,70.4,5918.0,4.403,1.043,11.667
K00582.02,CONFIRMED,17.73842886,3.0049,605.5,2.47,29.74,596.0,0.845,29.8,5105.0,4.469,0.868,14.808
K04260.04,CANDIDATE,84.799829,15.21,56.1,1.16,13.79,491.0,0.795,14.4,5619.0,4.07,1.406,11.443
K00582.03,CONFIRMED,9.93962361,3.432,300.1,1.93,64.29,722.0,0.934,21.5,5105.0,4.469,0.868,14.808
K00428.01,CONFIRMED,6.8731664,6.8569,3753.8,13.44,1140.56,1482.0,0.055,535.5,6490.0,3.942,2.179,14.588
K00429.01,CONFIRMED,8.600099313,4.0077,2791.6,4.17,78.72,760.0,0.048,209.2,5246.0,4.501,0.805,14.486
K00430.01,CONFIRMED,12.37646897,2.7075,1709.0,2.53,12.87,483.0,0.468,81.2,4200.0,4.664,0.607,14.897
K00430.02,CANDIDATE,9.340538,2.57,200.8,0.84,18.69,530.0,0.074,11.1,4200.0,4.664,0.607,14.897
K01353.03,CONFIRMED,330.071558,4.295,616.7,2.94,1.58,286.0,0.681,10.6,5933.0,4.342,1.115,13.956
K00431.01,CONFIRMED,18.87022157,3.1404,1096.6,2.82,35.13,621.0,0.013,72.7,5402.0,4.452,0.865,14.262
K00070.05,CONFIRMED,19.5776073,3.382,98.1,0.9,36.82,628.0,0.049,17.2,5465.0,4.449,0.925,12.498
K00484.01,CONFIRMED,17.20522898,3.6688,1080.6,2.22,22.05,553.0,0.012,75.7,5211.0,4.643,0.689,14.472
K00485.01,FALSE POSITIVE,17.90766147,5.396,1089.3,4.89,67.59,731.0,0.978,78.4,6153.0,4.471,0.993,14.162
K00486.01,CONFIRMED,22.18332255,5.1364,748.1,2.78,41.24,646.0,0.024,70.3,5565.0,4.361,1.03,14.118
K02342.02,FALSE POSITIVE,354.78194,6.46,193.0,30.53,2.62,325.0,1.17,7.7,5798.0,4.025,1.525,13.037
K00487.01,CONFIRMED,7.65880048,3.0427,668.2,2.19,128.18,858.0,0.017,57.6,5657.0,4.508,0.855,14.528
K00488.01,CONFIRMED,9.3789167,3.3427,563.5,2.03,98.22,803.0,0.671,42.6,5684.0,4.493,0.808,14.72
K00532.01,CONFIRMED,4.221626193,3.0619,658.0,2.87,453.2,1176.0,0.847,83.7,6123.0,4.472,0.987,14.708
K00533.01,CONFIRMED,16.54967098,4.3808,744.5,2.95,43.72,656.0,0.88,46.8,5372.0,4.434,0.916,14.68
K00085.02,CONFIRMED,2.154911236,3.1341,99.7,1.42,2162.35,1740.0,0.113,83.0,6181.0,4.22,1.424,11.018
K00317.02,CANDIDATE,11.505879,5.583,49.8,0.99,236.35,1000.0,0.029,12.5,6336.0,4.266,1.403,12.885
K00533.02,CONFIRMED,3.52467888,2.484,129.7,1.46,344.61,1098.0,0.976,12.3,5372.0,4.434,0.916,14.68
K00534.01,CONFIRMED,6.400157105,2.0004,743.2,2.52,101.72,810.0,0.898,49.1,5299.0,4.597,0.766,14.613
K00583.01,CONFIRMED,2.437029217,3.2005,244.0,2.04,1237.66,1513.0,0.014,49.0,5573.0,4.177,1.329,14.573
K00584.01,CONFIRMED,9.9267215,3.8428,725.5,2.76,98.34,803.0,0.625,97.3,5475.0,4.43,0.982,14.129
K00584.02,CONFIRMED,21.22349325,4.9416,582.9,2.63,35.69,623.0,0.794,60.2,5475.0,4.43,0.982,14.129
K00584.03,CONFIRMED,6.47027706,3.343,116.9,1.15,173.79,926.0,0.732,18.3,5475.0,4.43,0.982,14.129
K00585.01,CONFIRMED,3.722158895,1.9941,757.4,2.33,283.28,1046.0,0.644,70.3,5617.0,4.574,0.806,14.911
K00431.02,CONFIRMED,46.9026431,3.9264,821.3,2.6,10.44,458.0,0.645,40.6,5402.0,4.452,0.865,14.262
K00432.01,CONFIRMED,5.263415218,2.1446,1030.7,3.77,349.4,1103.0,0.853,117.0,6099.0,4.456,1.028,14.279
K00433.01,CONFIRMED,4.030466786,2.7734,2908.3,4.48,209.11,970.0,0.033,227.4,5234.0,4.542,0.854,14.924
K01437.02,FALSE POSITIVE,9.27989,3.33,164.3,1.29,152.86,897.0,0.579,8.6,6052.0,4.456,0.967,15.28
K00433.02,CONFIRMED,328.240201,12.2726,13888.6,10.99,0.59,224.0,0.75,287.6,5234.0,4.542,0.854,14.924
K00434.01,FALSE POSITIVE,22.264806569,8.7941,19372.6,12.34,27.79,585.0,0.75,873.4,5681.0,4.566,0.813,14.626
K00489.01,FALSE POSITIVE,2.217038096,1.8575,543.7,3.23,1956.29,1697.0,0.754,49.5,6521.0,4.352,1.276,14.613
K00489.02,FALSE POSITIVE,8.874603,2.88,93.3,1.24,309.5,1070.0,0.1897,5.4,6517.0,4.349,1.278,14.613
K00490.01,CONFIRMED,4.393157678,2.4455,447.2,1.41,99.9,807.0,0.102,63.0,4799.0,4.631,0.692,14.023
K02583.02,FALSE POSITIVE,251.7512,4.314,114.3,1.25,1.29,272.0,0.943,7.5,5640.0,4.492,0.921,12.623
K00082.01,CONFIRMED,16.145671932,3.7236,941.1,2.48,20.98,546.0,0.75,242.7,4900.0,4.602,0.741,11.492
K00490.02,CONFIRMED,1071.232624,16.1784,19045.6,9.27,0.07,129.0,0.216,544.2,4799.0,4.631,0.692,14.023
K00534.02,CONFIRMED,2.735900074,1.9359,428.9,1.56,315.95,1075.0,0.189,44.5,5299.0,4.597,0.766,14.613
K00535.01,CONFIRMED,5.852968845,4.5973,1146.5,3.46,293.93,1056.0,0.316,152.4,6050.0,4.45,1.013,14.434
K00536.01,CONFIRMED,81.1701587,8.358,1183.2,4.71,8.55,436.0,0.875,51.0,5460.0,4.263,1.165,14.499
K03191.02,FALSE POSITIVE,371.17573,8.2,133.7,4.07,32.64,610.0,0.781,12.1,9030.0,3.822,3.218,11.471
K00537.01,CONFIRMED,2.820190603,2.554,467.5,2.53,824.92,1367.0,0.614,64.2,5831.0,4.359,1.121,14.665
K00538.01,CONFIRMED,21.21712312,5.89,636.0,2.97,58.63,706.0,0.89,56.2,6191.0,4.438,1.007,14.56
K00539.01,FALSE POSITIVE,200.0,7.27,,,,,,,,,,14.133
K00586.01,CONFIRMED,15.77980122,4.0369,541.4,2.11,60.96,713.0,0.025,39.4,5941.0,4.519,0.911,14.608
K00587.01,CONFIRMED,14.03490255,3.638,851.8,2.41,39.97,641.0,0.66,60.9,5258.0,4.513,0.785,14.574
K00588.01,CONFIRMED,10.35586478,2.8431,660.9,1.92,34.93,620.0,0.178,49.5,4646.0,4.539,0.778,14.337
K00094.01,CONFIRMED,22.342964828,6.66405,5612.8,9.99,89.61,785.0,0.031,1118.9,6181.0,4.234,1.331,12.205
K00590.01,CONFIRMED,11.38840217,3.6949,438.0,3.04,216.55,979.0,0.243,34.7,5876.0,4.151,1.456,14.615
K00435.01,CONFIRMED,20.5498184,5.5484,1564.3,4.04,44.11,657.0,0.649,123.1,5688.0,4.415,0.971,14.534
K00435.02,CANDIDATE,934.09418462,17.489,8709.6,7.89,0.23,177.0,0.4948,135.5,5937.0,4.559,0.832,14.534
K00436.01,CANDIDATE,199.83920527,4.378,44490.0,21.48,1.36,276.0,0.811,590.6,5457.0,4.548,0.869,14.74
K01437.03,FALSE POSITIVE,17.4217322,4.718,208.4,1.42,65.92,727.0,0.415,9.3,6052.0,4.456,0.967,15.28
K00437.01,CANDIDATE,15.84132627,1.8215,31083.0,16.84,25.77,575.0,0.891,135.8,5119.0,4.575,0.702,14.497
K00438.01,CONFIRMED,5.931196562,2.4999,1007.4,2.01,23.5,562.0,0.886,90.5,3984.0,4.72,0.539,14.258
K00072.01,CONFIRMED,0.837491225,1.796,190.4,1.43,3630.32,1980.0,0.022,189.5,5676.0,4.347,1.044,10.961
K00490.03,CONFIRMED,7.40611676,2.8826,417.9,1.37,49.89,678.0,0.077,49.6,4799.0,4.631,0.692,14.023
K00490.04,CONFIRMED,21.803708,3.369,246.4,1.11,11.82,473.0,0.568,18.5,4799.0,4.631,0.692,14.023
K00491.01,FALSE POSITIVE,4.66229074,3.73,345.4,24.12,437.35,1166.0,1.197,29.8,6191.0,4.454,1.025,14.367
K00492.01,CONFIRMED,29.9111886,6.6436,942.0,2.9,20.31,541.0,0.041,50.8,5275.0,4.397,0.969,14.424
K00493.01,FALSE POSITIVE,2.908453928,2.5363,427.5,19.44,459.47,1181.0,1.195,40.4,5786.0,4.558,0.824,14.722
K00494.01,CONFIRMED,25.69581456,4.0251,1130.8,1.7,2.3,314.0,0.68,45.1,3787.0,4.775,0.477,14.885
K00540.01,FALSE POSITIVE,25.70280003,3.1644,5623.8,33.1,23.68,562.0,1.27,67.9,5532.0,4.488,0.835,14.917
K00541.01,CONFIRMED,13.64617478,3.4098,633.0,2.06,49.89,678.0,0.115,43.4,5569.0,4.566,0.829,14.748
K00007.01,CONFIRMED,3.213668926,3.98235,727.8,4.13,1244.44,1515.0,0.021,346.9,5795.0,4.101,1.545,12.211
K00085.03,CONFIRMED,8.13121389,4.2386,111.8,1.58,368.36,1117.0,0.622,55.3,6181.0,4.22,1.424,11.018
K00542.01,CONFIRMED,41.8854433,6.763,687.4,3.28,20.05,540.0,0.917,47.0,5735.0,4.356,1.028,14.35
K00542.02,CONFIRMED,13.81733587,4.261,223.2,2.04,88.04,781.0,0.967,20.4,5735.0,4.356,1.028,14.35
K00597.03,CONFIRMED,52.8148051,7.309,553.7,3.33,23.57,562.0,0.002,27.4,5565.0,4.117,1.439,14.915
K00598.01,CONFIRMED,8.30783912,3.1516,777.5,2.15,75.09,751.0,0.019,66.4,5320.0,4.589,0.786,14.813
K00598.02,CONFIRMED,34.0963441,3.896,472.7,1.71,11.42,469.0,0.386,21.5,5320.0,4.589,0.786,14.813
K00599.01,CONFIRMED,6.45442931,2.6772,586.1,2.48,234.98,999.0,0.749,45.3,6092.0,4.496,0.943,14.854
K00600.01,CONFIRMED,3.595769013,3.1569,383.7,2.39,666.88,1296.0,0.496,45.9,5762.0,4.283,1.196,14.827
K00438.02,CONFIRMED,52.6615266,3.1592,1078.1,1.87,1.28,271.0,0.682,38.4,3984.0,4.72,0.539,14.258
K00439.01,CONFIRMED,1.902208647,2.19877,2343.5,4.45,778.26,1346.0,0.116,363.2,5400.0,4.463,0.937,14.313
K01613.03,CANDIDATE,20.605501,3.793,37.1,0.85,99.53,806.0,0.705,11.1,6099.0,4.193,1.308,11.049
K00440.01,CONFIRMED,15.90688891,3.9879,924.7,2.35,28.32,588.0,0.014,75.0,5097.0,4.554,0.797,14.172
K00440.02,CONFIRMED,4.973455252,1.6519,741.6,2.46,133.55,867.0,0.817,65.4,5097.0,4.554,0.797,14.172
K00441.01,FALSE POSITIVE,30.5528972,5.269,865.2,30.74,47.63,670.0,1.216,35.6,6284.0,4.349,1.138,14.532
K00495.01,FALSE POSITIVE,4.804469031,3.4587,744.4,3.35,194.68,953.0,0.979,67.3,5470.0,4.528,0.809,14.873
K00496.01,CONFIRMED,1.616883373,1.6325,437.3,4.47,2342.49,1774.0,0.856,43.9,4868.0,3.902,1.816,14.411
K02593.02,CANDIDATE,9.5539134,5.261,26.8,0.68,247.86,1012.0,0.142,13.1,6175.0,4.299,1.307,11.714
K00497.01,CONFIRMED,13.19322809,5.0036,585.7,2.94,130.35,862.0,0.005,50.9,5946.0,4.309,1.223,14.606
K00082.02,CONFIRMED,10.31174786,3.1818,275.9,1.34,38.13,634.0,0.747,81.7,4900.0,4.602,0.741,11.492
K00497.02,CONFIRMED,4.42535097,3.504,179.0,1.63,559.22,1240.0,0.177,22.1,5946.0,4.309,1.223,14.606
K00543.01,CONFIRMED,4.302139338,2.0289,747.2,2.46,182.7,937.0,0.652,65.5,5041.0,4.479,0.857,14.707
K00543.02,CONFIRMED,3.137845914,1.91,305.7,1.5,277.64,1041.0,0.454,30.8,5041.0,4.479,0.857,14.707
K03209.02,CANDIDATE,6.77067637,5.982,65.8,1.9,1193.45,1499.0,0.127,19.6,6337.0,3.893,2.335,11.915
K00544.01,FALSE POSITIVE,3.74782314,5.133,423.4,25.59,583.52,1253.0,1.202,53.8,6161.0,4.454,1.053,14.763
K00545.01,FALSE POSITIVE,1.09173174,1.9719,186.9,1.07,1153.1,1488.0,0.334,32.2,5354.0,4.587,0.788,14.689
K00546.01,CONFIRMED,20.68420772,6.4415,858.5,3.28,66.83,729.0,0.488,59.6,6246.0,4.433,1.092,14.896
K00590.02,CONFIRMED,50.6985408,5.972,610.9,3.58,29.58,595.0,0.137,30.1,5876.0,4.151,1.456,14.615
K00591.01,FALSE POSITIVE,2.9926465,1.81,105.9,0.89,443.12,1170.0,0.319,16.1,5718.0,4.549,0.863,14.396
K00787.03,CANDIDATE,0.589376952,1.71,80.7,0.93,5161.1,2162.0,0.491,11.4,5714.0,4.428,1.015,15.367
K00592.01,CONFIRMED,39.7529915,4.9641,549.3,2.37,24.54,568.0,0.046,40.9,6072.0,4.411,1.01,14.292
K00593.01,CONFIRMED,9.99760285,3.4423,638.7,2.82,129.18,860.0,0.851,39.0,6004.0,4.484,0.977,14.957
K00593.02,CONFIRMED,90.4117992,7.106,1265.0,3.96,6.86,413.0,0.849,35.4,6004.0,4.484,0.977,14.957
K00442.01,CONFIRMED,13.54057461,4.4673,461.0,2.17,87.1,779.0,0.18,53.3,5767.0,4.389,1.014,14.002
K00442.02,CONFIRMED,1.732346403,2.2139,182.4,1.37,1345.92,1546.0,0.184,41.2,5767.0,4.389,1.014,14.002
K01815.02,CANDIDATE,1.74610057,1.299,54.2,1.24,1924.75,1689.0,0.032,9.2,4854.0,3.939,1.749,13.884
K00442.03,CONFIRMED,7.0257409,2.245,190.7,1.56,208.92,969.0,0.812,21.2,5767.0,4.389,1.014,14.002
K00443.01,CONFIRMED,16.21774917,4.9274,758.3,2.22,45.87,664.0,0.336,80.3,5837.0,4.577,0.798,14.2
K00444.01,CONFIRMED,11.72291212,4.2064,492.2,2.08,81.46,766.0,0.012,58.8,5550.0,4.431,0.953,14.112
K00498.01,FALSE POSITIVE,8.661374,2.972,160.1,1.32,188.16,945.0,0.6469,4.7,6250.0,4.472,0.986,14.66
K00499.01,CONFIRMED,9.66857386,2.4656,411.7,1.9,67.06,730.0,0.8,36.9,5288.0,4.541,0.836,14.272
K00500.01,CONFIRMED,7.053527145,2.3982,1480.1,2.16,21.17,547.0,0.172,92.3,4041.0,4.697,0.567,14.804
K00500.02,CONFIRMED,9.521644639,2.3569,1491.3,2.16,14.2,495.0,0.023,79.2,4041.0,4.697,0.567,14.804
K00500.03,CONFIRMED,3.072146607,1.8732,539.0,1.3,64.09,722.0,0.032,44.9,4041.0,4.697,0.567,14.804
K00500.04,CONFIRMED,4.645382149,2.0271,565.5,1.33,36.9,629.0,0.154,40.4,4041.0,4.697,0.567,14.804
K00546.02,CONFIRMED,9.82578495,5.2498,433.3,2.66,180.36,935.0,0.888,38.1,6246.0,4.433,1.092,14.896
K00547.01,CONFIRMED,25.30291816,4.4903,2105.7,3.95,19.39,535.0,0.04,117.7,5121.0,4.457,0.888,14.773
K00548.01,CONFIRMED,21.30020491,4.0852,659.8,2.99,65.37,725.0,0.075,58.1,6008.0,4.35,1.168,14.02
K00087.01,CONFIRMED,289.864067,7.565,529.1,2.34,1.03,257.0,0.856,57.4,5516.0,4.446,0.886,11.664
K00549.01,FALSE POSITIVE,10.29767658,6.649,655.5,39.14,258.09,1022.0,1.194,57.0,5671.0,4.075,1.608,14.565
K00593.03,CONFIRMED,51.0674355,4.374,597.5,2.44,14.69,499.0,0.482,18.7,6004.0,4.484,0.977,14.957
K00595.01,FALSE POSITIVE,199.99763493,3.43,,,,,,,,,,14.949
K00596.01,CONFIRMED,1.682695938,1.3867,703.8,1.23,74.7,750.0,0.025,75.4,3669.0,4.787,0.47,14.818
K00597.01,CONFIRMED,17.30795548,5.1126,633.0,3.56,104.37,815.0,0.0,46.4,5565.0,4.117,1.439,14.915
K00094.02,CONFIRMED,10.423677439,5.2257,777.3,3.72,247.48,1012.0,0.005,204.4,6181.0,4.234,1.331,12.205
K00597.02,CONFIRMED,2.09227115,2.4062,207.6,2.06,1746.66,1648.0,0.271,30.0,5565.0,4.117,1.439,14.915
K00072.02,CONFIRMED,45.29422297,6.83,477.1,2.26,17.75,524.0,0.025,134.8,5676.0,4.347,1.044,10.961
K00445.01,FALSE POSITIVE,260.20717331,6.59,,,,,,,,,,14.707
K00446.01,CONFIRMED,16.70920628,2.7052,839.8,2.27,14.73,500.0,0.855,40.4,4621.0,4.605,0.668,14.427
K00446.02,CONFIRMED,28.55158187,4.1502,807.8,1.97,7.21,418.0,0.623,36.0,4621.0,4.605,0.668,14.427
K00447.01,FALSE POSITIVE,4.045057186,2.9954,752.7,30.33,381.17,1126.0,1.292,62.2,5906.0,4.473,0.87,14.865
K00448.01,CONFIRMED,10.13958818,2.6446,1155.9,1.68,9.41,447.0,0.078,40.3,3893.0,4.758,0.5,14.902
K00448.02,CONFIRMED,43.5859419,4.6814,1708.7,2.05,1.35,275.0,0.011,38.9,3893.0,4.758,0.5,14.902
K00500.05,CONFIRMED,0.986785834,1.1879,450.0,1.19,292.35,1054.0,0.026,51.5,4041.0,4.697,0.567,14.804
K00501.01,CANDIDATE,24.7962801,8.33,574.4,2.7,45.92,664.0,0.01,43.6,5770.0,4.333,1.141,14.612
K00502.01,FALSE POSITIVE,5.91037674,3.421,256.9,1.38,182.47,937.0,0.123,34.5,5515.0,4.443,0.867,14.276
K00082.03,CONFIRMED,27.4536146,3.747,136.4,0.95,10.34,457.0,0.765,27.5,4900.0,4.602,0.741,11.492
K00503.01,CONFIRMED,8.22241355,2.71,1468.6,2.28,22.86,558.0,0.246,67.0,4213.0,4.658,0.615,15.0
K00549.02,FALSE POSITIVE,0.635587392,4.7,147.7,28.58,10637.41,2587.0,1.151,40.9,5671.0,4.075,1.608,14.565
K00550.01,CONFIRMED,13.02363236,3.9734,607.0,2.3,71.85,743.0,0.032,50.5,5627.0,4.453,0.945,14.07
K00551.01,CONFIRMED,11.6370303,3.3372,604.3,2.9,127.46,857.0,0.066,36.4,5576.0,4.257,1.198,14.943
K03226.02,CANDIDATE,6.93650854,3.674,88.7,1.51,687.21,1305.0,0.331,11.3,6615.0,4.173,1.574,12.209
K00551.02,CONFIRMED,5.68798675,2.2682,476.4,2.76,330.44,1088.0,0.663,33.0,5576.0,4.257,1.198,14.943
K00552.01,FALSE POSITIVE,3.055171082,1.6798,8665.3,35.24,804.33,1358.0,1.204,143.2,6237.0,4.426,0.987,14.741
K00601.01,CONFIRMED,5.40426917,2.5315,860.6,2.85,312.93,1073.0,0.229,40.5,6122.0,4.487,0.964,14.697
K00601.02,CONFIRMED,11.67894236,1.2641,1185.1,4.17,112.07,830.0,0.94,23.1,6122.0,4.487,0.964,14.697
K00601.03,CONFIRMED,1.208462378,1.544,227.3,1.64,2307.65,1767.0,0.831,17.4,6122.0,4.487,0.964,14.697
K00929.02,CONFIRMED,2.85188338,2.666,114.9,1.23,903.77,1398.0,0.578,10.1,6123.0,4.413,1.107,15.649
K00602.01,CONFIRMED,12.91385906,5.3685,487.9,2.49,122.66,849.0,0.845,40.5,6253.0,4.41,0.997,14.647
K00094.03,CONFIRMED,54.31996151,8.5858,1975.0,6.07,27.4,584.0,0.497,291.3,6181.0,4.234,1.331,12.205
K00449.01,FALSE POSITIVE,252.0792347,3.9808,5582.6,41.07,2.42,318.0,1.283,104.1,6348.0,4.434,1.014,14.183
K00450.01,FALSE POSITIVE,27.04627886,2.666,900.8,3.54,38.62,636.0,0.962,48.8,6332.0,4.516,0.915,14.173
K00451.01,FALSE POSITIVE,3.723560726,3.435,540.0,3.46,910.65,1401.0,0.954,58.9,6535.0,4.373,1.181,14.93
K01910.02,CANDIDATE,18.3848331,3.545,151.8,1.15,27.99,587.0,0.711,10.3,5083.0,4.468,0.872,14.685
K00452.01,CONFIRMED,3.705991661,5.1658,501.4,2.43,637.42,1281.0,0.623,100.3,6187.0,4.409,1.034,14.641
K00074.01,FALSE POSITIVE,5.188671659,5.0534,548.9,5.2,4750.81,2118.0,0.884,331.6,9523.0,4.205,1.941,10.96
K00453.01,FALSE POSITIVE,2.236100588,1.8643,27241.0,55.59,586.38,1255.0,1.427,43.0,5708.0,4.578,0.795,14.549
K00504.01,CONFIRMED,40.606895,5.756,657.5,2.67,17.4,521.0,0.494,36.3,5538.0,4.384,1.027,14.56
K00505.01,CONFIRMED,13.76710058,2.9105,684.8,2.24,29.55,595.0,0.806,41.6,5001.0,4.582,0.76,14.194
K02678.02,CANDIDATE,2.2165905,1.0,28.7,0.48,515.27,1215.0,0.703,2.8,5397.0,4.543,0.831,11.799
K00505.02,CONFIRMED,6.1954595,2.952,296.4,1.37,85.77,776.0,0.647,27.1,5001.0,4.582,0.76,14.194
K00505.03,CONFIRMED,3.25058201,2.2537,218.4,1.19,202.09,962.0,0.684,24.0,5001.0,4.582,0.76,14.194
K00505.04,CONFIRMED,8.34819209,2.835,288.9,1.45,57.48,702.0,0.799,22.1,5001.0,4.582,0.76,14.194
K00553.01,FALSE POSITIVE,2.399069173,3.2576,286.6,1.78,792.76,1354.0,0.649,37.8,5654.0,4.395,1.001,14.888
K00554.01,CANDIDATE,3.65849707,2.573,4398.0,14.61,1486.35,1583.0,0.906,47.0,5857.0,3.972,1.822,14.545
K03337.02,FALSE POSITIVE,91.172033,6.676,368.5,1.58,3.96,360.0,0.005,7.3,5552.0,4.562,0.836,15.927
K00555.01,CONFIRMED,3.701765401,2.6061,288.3,1.63,286.23,1050.0,0.713,35.9,5252.0,4.442,0.898,14.759
K00555.02,CONFIRMED,86.4943704,7.471,995.2,3.07,4.29,367.0,0.741,42.6,5252.0,4.442,0.898,14.759
K00088.01,FALSE POSITIVE,5.17968868,3.7256,121.8,18.91,211.06,972.0,1.203,48.4,5761.0,4.548,0.815,11.871
K00398.01,CONFIRMED,51.84688984,4.7769,9636.3,8.73,6.9,413.0,0.681,257.2,5227.0,4.535,0.838,15.342
K00398.02,CONFIRMED,4.180048081,2.4479,1765.6,3.44,197.81,957.0,0.047,124.3,5227.0,4.535,0.838,15.342
K01022.02,FALSE POSITIVE,68.832195,3.31,678.1,2.35,6.71,411.0,0.633,8.2,5687.0,4.538,0.86,15.762
K00398.03,CONFIRMED,1.729367077,1.7442,484.4,1.82,643.54,1284.0,0.278,44.7,5227.0,4.535,0.838,15.342
K00399.01,FALSE POSITIVE,5.26640614,3.6163,59294.0,38.05,431.87,1163.0,0.869,339.9,5916.0,4.296,1.175,12.947
K00400.01,FALSE POSITIVE,44.18938922,6.8151,4293.5,14.0,19.73,537.0,1.03,102.0,6061.0,4.438,0.968,14.882
K00454.01,CONFIRMED,29.00789166,5.0274,906.3,2.64,14.59,498.0,0.761,44.1,5295.0,4.566,0.801,14.805
K00455.01,FALSE POSITIVE,47.878243,4.066,910.0,8.15,2.38,317.0,1.076,30.9,4254.0,4.634,0.624,14.261
K01942.02,CANDIDATE,2.433703498,0.975,258.3,1.66,362.64,1112.0,0.952,10.2,5251.0,4.592,0.778,15.409
K00456.01,CONFIRMED,13.69942266,4.3409,1292.9,3.85,83.6,771.0,0.03,120.0,5541.0,4.332,1.089,14.619
K00456.02,CONFIRMED,4.309381978,2.8977,310.7,1.89,390.76,1134.0,0.034,42.3,5541.0,4.332,1.089,14.619
K00457.01,CONFIRMED,4.9213639,1.8806,761.3,2.14,134.02,868.0,0.026,77.7,5076.0,4.55,0.799,14.196
K00505.05,CONFIRMED,87.0912594,7.0,1129.1,2.95,2.52,321.0,0.845,41.8,5001.0,4.582,0.76,14.194
K00506.01,FALSE POSITIVE,1.583160478,1.1935,732.6,3.27,1625.93,1619.0,0.897,97.7,6063.0,4.476,1.012,14.731
K02871.04,CANDIDATE,7.9788198,2.874,83.8,0.99,174.85,927.0,0.05,8.3,5553.0,4.33,1.098,14.754
K00507.01,CONFIRMED,18.49234792,3.4744,1655.5,3.34,31.27,603.0,0.034,61.4,5289.0,4.477,0.838,14.915
K00508.01,CONFIRMED,7.930583519,3.6083,826.1,3.05,154.36,899.0,0.559,89.9,5674.0,4.446,1.032,14.387
K00082.04,CONFIRMED,7.07136119,2.757,65.7,0.63,63.11,719.0,0.658,22.4,4900.0,4.602,0.741,11.492
K00556.01,FALSE POSITIVE,9.50150926,6.852,509.5,25.77,119.55,843.0,1.237,34.8,5938.0,4.518,0.908,14.799
K00557.01,CONFIRMED,15.65563866,3.9305,955.9,2.55,35.62,623.0,0.304,53.2,5185.0,4.484,0.837,14.97
K00331.02,CANDIDATE,10.52286678,1.911,130.2,23.26,243.72,1008.0,1.12,10.1,5548.0,4.038,1.614,13.497
K00558.01,CONFIRMED,9.17858526,2.1945,796.5,2.3,76.14,753.0,0.582,50.6,5506.0,4.584,0.788,14.874
K00559.01,FALSE POSITIVE,4.33144839,2.58,216.4,1.07,183.62,939.0,0.291,17.3,5344.0,4.55,0.728,14.791
K00560.01,CONFIRMED,23.67513153,4.647,980.4,2.76,18.38,528.0,0.822,32.6,5309.0,4.588,0.781,14.721
K00401.01,CONFIRMED,29.19899219,5.1227,2047.2,4.15,20.05,540.0,0.043,171.0,5376.0,4.462,0.94,14.001
K00401.02,CONFIRMED,160.0191598,5.472,1552.8,4.28,2.08,306.0,0.852,49.6,5376.0,4.462,0.94,14.001
K00005.02,FALSE POSITIVE,7.05185637,3.69,,,,,,,,,,11.665
K00070.01,CONFIRMED,10.854095934,3.7768,1034.4,2.99,80.88,765.0,0.422,252.8,5465.0,4.449,0.925,12.498
K00401.03,CONFIRMED,55.3291399,6.918,325.7,1.67,8.55,436.0,0.209,21.8,5376.0,4.462,0.94,14.001
K00402.01,FALSE POSITIVE,17.177328207,7.6702,24419.2,15.29,63.7,720.0,0.267,1357.5,6032.0,4.485,0.973,14.923
K00457.02,CONFIRMED,7.064252021,1.3867,728.9,2.37,82.76,769.0,0.752,52.5,5076.0,4.55,0.799,14.196
K00458.01,CANDIDATE,53.71798494,4.104,3153.5,155.12,1363.11,1550.0,0.93,103.0,4959.0,2.332,21.449,14.708
K02133.02,FALSE POSITIVE,43.501748,10.755,167.1,10.1,232.53,996.0,0.909,9.5,4604.0,2.936,6.221,12.495
K00459.01,CONFIRMED,19.44639139,3.6227,926.0,3.24,50.73,681.0,0.813,82.4,5815.0,4.421,0.954,14.248
K00459.02,CONFIRMED,6.91986988,3.4253,170.1,1.39,201.41,961.0,0.819,25.6,5815.0,4.421,0.954,14.248
K00075.01,CANDIDATE,105.8817667,18.044,1556.3,10.16,29.64,595.0,0.539,301.8,5903.0,3.757,2.499,10.775
K00508.02,CONFIRMED,16.6658994,4.1934,754.2,2.85,57.31,702.0,0.429,60.8,5674.0,4.446,1.032,14.387
K00509.01,CONFIRMED,4.16696628,2.7535,877.7,2.74,291.34,1053.0,0.022,80.1,5456.0,4.45,0.943,14.883
K02876.02,FALSE POSITIVE,0.535224793,3.3402,228.7,1.09,2385.75,1783.0,0.017,48.8,5044.0,4.551,0.738,14.937
K00509.02,CONFIRMED,11.46347165,2.599,1048.6,3.0,75.57,752.0,0.103,56.5,5456.0,4.45,0.943,14.883
K00509.03,CONFIRMED,39.6034,6.487,572.7,2.22,14.47,497.0,0.166,25.8,5456.0,4.45,0.943,14.883
K00510.01,CONFIRMED,2.940304817,2.7226,472.4,2.59,588.66,1256.0,0.825,51.8,5527.0,4.376,1.054,14.532
K00561.01,CONFIRMED,5.378868001,2.7222,483.4,1.86,113.59,833.0,0.758,60.6,5077.0,4.567,0.774,14.005
K00563.01,CONFIRMED,15.28467725,6.0768,321.3,2.7,124.4,852.0,0.774,38.1,5763.0,4.181,1.374,14.519
K03372.02,FALSE POSITIVE,73.506021,5.734,485.6,2.37,11.66,471.0,0.473,11.3,6215.0,4.44,1.052,15.42
K00564.01,CONFIRMED,21.05349939,7.1605,496.6,2.75,67.48,731.0,0.008,39.1,5751.0,4.254,1.247,14.854
K00564.02,CONFIRMED,127.905412,14.475,4020.6,8.03,6.09,401.0,0.47,171.0,5751.0,4.254,1.247,14.854
K00564.03,CONFIRMED,6.21716039,4.4289,211.2,1.81,343.21,1098.0,0.333,25.0,5751.0,4.254,1.247,14.854
K00403.01,FALSE POSITIVE,21.05647572,1.238,1293.6,5.05,67.74,732.0,0.938,52.1,6156.0,4.381,1.118,14.169
K00404.01,FALSE POSITIVE,31.80514278,7.6213,4675.3,34.82,22.05,553.0,1.289,161.3,5931.0,4.545,0.863,14.517
K01083.02,CANDIDATE,4.57797412,2.862,125.4,0.96,259.36,1024.0,0.343,9.6,5795.0,4.554,0.848,15.302
K00405.01,FALSE POSITIVE,37.60936976,6.8615,27590.8,15.8,15.8,508.0,0.671,971.1,5600.0,4.483,0.896,14.026
K00406.01,FALSE POSITIVE,49.26678528,5.5692,8494.0,929.36,19.79,538.0,8.364,309.0,5988.0,4.382,1.143,14.385
K00407.01,FALSE POSITIVE,3.613757526,5.9128,4872.2,7.05,461.67,1182.0,0.812,591.2,5986.0,4.498,0.906,14.915
K00408.01,CONFIRMED,7.381980206,3.1152,1433.8,3.42,138.88,876.0,0.096,101.6,5559.0,4.47,0.914,14.985
K00460.01,CONFIRMED,17.58751692,4.3773,1377.8,4.03,58.6,706.0,0.106,109.4,5433.0,4.302,1.107,14.743
K02174.04,CANDIDATE,3.01609637,1.57,196.3,0.96,94.1,795.0,0.7,8.1,4245.0,4.641,0.637,15.673
K00461.01,FALSE POSITIVE,11.34436822,5.558,586.3,17.21,57.67,703.0,1.183,52.2,5594.0,4.602,0.752,14.41
K00462.01,FALSE POSITIVE,1.576341127,3.1232,335.1,2.96,2460.7,1797.0,0.01,88.7,5087.0,3.967,1.666,14.111
K00463.01,CONFIRMED,18.47762694,1.94,2604.6,1.55,1.21,267.0,0.712,75.7,3395.0,4.97,0.283,14.708
K00464.01,CONFIRMED,58.36205791,6.3363,5374.7,7.02,9.33,446.0,0.402,286.6,5592.0,4.467,0.953,14.361
K00464.02,CONFIRMED,5.350156114,2.2647,764.8,2.6,226.02,989.0,0.008,87.1,5592.0,4.467,0.953,14.361
K02906.03,CANDIDATE,21.9424316,7.447,72.7,1.23,95.46,797.0,0.413,10.7,6052.0,4.183,1.424,13.716
K00510.02,CONFIRMED,6.38899658,3.5032,543.3,2.89,209.17,970.0,0.876,45.8,5527.0,4.376,1.054,14.532
K00510.03,CONFIRMED,14.62709685,4.097,396.4,2.7,69.31,736.0,0.945,22.7,5527.0,4.376,1.054,14.532
K00510.04,CONFIRMED,35.1184432,4.59,542.4,3.26,21.57,550.0,0.958,20.4,5527.0,4.376,1.054,14.532
K00511.01,CONFIRMED,8.00579096,3.0549,629.7,2.36,197.06,956.0,0.092,69.2,6032.0,4.395,0.935,14.209
K00511.02,CONFIRMED,4.26374378,2.2725,182.0,1.28,457.15,1179.0,0.368,23.8,6032.0,4.395,0.935,14.209
K07624.01,CANDIDATE,330.025002,6.659,259.2,5.92,12.36,478.0,0.68,12.2,6126.0,3.578,3.466,12.668
K00089.01,CONFIRMED,84.6877524,10.0248,347.7,3.37,32.96,611.0,0.017,95.1,6688.0,4.062,1.79,11.642
K00565.01,FALSE POSITIVE,2.340523247,3.156,175.4,1.4,1063.8,1456.0,0.725,37.2,6056.0,4.397,0.981,14.3
K00566.01,CONFIRMED,25.85499978,3.8737,610.5,2.4,38.81,637.0,0.265,31.7,6122.0,4.487,0.964,14.718
K00567.01,CONFIRMED,10.68758211,3.3812,777.7,2.64,87.41,780.0,0.818,78.9,5788.0,4.524,0.848,14.338
K00567.02,CONFIRMED,20.30303506,4.5038,533.4,2.16,37.12,630.0,0.793,44.7,5788.0,4.524,0.848,14.338
K04772.03,FALSE POSITIVE,39.0930875,5.687,476.3,2.99,31.11,602.0,0.862,10.1,6072.0,4.343,1.193,15.514
K00408.02,CONFIRMED,12.56096618,3.7647,923.1,2.74,68.49,734.0,0.022,55.1,5559.0,4.47,0.914,14.985
K00408.03,CONFIRMED,30.8261043,5.914,742.2,3.18,20.68,544.0,0.943,32.3,5559.0,4.47,0.914,14.985
K00070.02,CONFIRMED,3.696121272,2.463,383.4,1.78,340.33,1095.0,0.016,130.0,5465.0,4.449,0.925,12.498
K00408.04,CONFIRMED,3.42806306,2.417,178.4,1.21,386.14,1131.0,0.082,16.6,5559.0,4.47,0.914,14.985
K00409.01,CONFIRMED,13.24931848,4.4859,647.6,2.86,99.54,806.0,0.62,87.8,5799.0,4.361,1.078,14.15
K00082.06,FALSE POSITIVE,22.4098677,2.271,69.8,0.73,13.55,489.0,0.869,11.9,4900.0,4.602,0.741,11.492
K00465.01,FALSE POSITIVE,363.706662,8.553,1624.6,5.26,1.51,283.0,0.9315,43.7,6240.0,4.397,1.064,14.188
K00466.01,CANDIDATE,9.391039263,2.8386,2895.6,11.73,308.13,1068.0,0.964,141.0,5944.0,4.132,1.498,14.663
K00467.01,CONFIRMED,18.00932214,4.9611,3004.4,4.96,44.29,658.0,0.55,245.2,5815.0,4.54,0.877,14.794
K00468.01,CONFIRMED,22.18431824,3.0397,1593.0,3.18,21.06,546.0,0.032,87.6,5157.0,4.5,0.818,14.767
K00076.01,CANDIDATE,77.4794704,10.1151,1237.0,10.33,86.59,778.0,0.019,72.6,6711.0,3.73,2.909,10.143
K06048.02,FALSE POSITIVE,0.80489537,0.92,,,,,,,,,,11.427
K06245.03,FALSE POSITIVE,276.32360146,9.8964,81.3,1.21,3.63,352.0,0.706,4.6,6528.0,4.257,1.26,12.431
K00082.05,CONFIRMED,5.28691996,2.579,41.5,0.51,92.97,792.0,0.705,15.8,4900.0,4.602,0.741,11.492
K00512.01,CONFIRMED,6.51003001,3.3095,602.8,2.78,253.24,1017.0,0.023,48.1,5638.0,4.327,1.153,14.825
K00513.01,CONFIRMED,35.18105723,7.545,987.7,4.17,45.89,664.0,0.772,63.1,6520.0,4.375,1.215,14.856
K00514.01,FALSE POSITIVE,11.75560012,4.7,648.8,22.39,62.19,716.0,1.228,46.3,5644.0,4.575,0.806,14.356
K00515.01,FALSE POSITIVE,17.79421914,4.1918,1549.4,25.27,31.94,606.0,1.242,111.5,5485.0,4.574,0.805,14.427
K07625.01,FALSE POSITIVE,6.12601169,1.733,40.2,0.83,400.49,1141.0,0.422,7.0,5679.0,4.146,1.286,12.975
K00567.03,CONFIRMED,29.02235217,4.0263,637.6,2.55,23.06,559.0,0.902,41.4,5788.0,4.524,0.848,14.338
K00568.01,CONFIRMED,3.383540239,1.403,255.7,1.65,389.19,1133.0,0.63,36.2,5300.0,4.385,0.986,14.14
K00568.02,CONFIRMED,2.358952404,1.593,94.1,0.96,630.43,1278.0,0.385,17.3,5300.0,4.385,0.986,14.14
K00569.01,CONFIRMED,20.72904234,2.8066,561.7,1.94,18.68,530.0,0.559,31.6,4979.0,4.538,0.803,14.458
K00569.02,CONFIRMED,1.632916419,1.5599,209.2,1.13,554.07,1237.0,0.136,31.0,4979.0,4.538,0.803,14.458
K04773.02,CANDIDATE,11.1438086,7.905,41.7,0.75,159.1,906.0,0.629,10.9,6095.0,4.349,1.11,13.556
K00410.01,FALSE POSITIVE,7.216951388,1.89082,4284.5,41.57,292.7,1055.0,1.283,312.2,6266.0,4.38,1.056,14.454
K00411.01,FALSE POSITIVE,15.85238672,5.179,928.5,32.21,85.35,775.0,1.262,36.5,5903.0,4.322,1.005,14.508
K00412.01,CONFIRMED,4.147021189,2.8997,3680.7,7.31,590.84,1258.0,0.255,421.2,5818.0,4.266,1.205,14.288
K00413.01,CONFIRMED,15.22895514,2.5967,1124.8,3.0,39.4,639.0,0.777,63.8,5456.0,4.562,0.812,14.769
K00413.02,CONFIRMED,24.67458244,3.2648,650.6,2.33,20.71,544.0,0.817,31.9,5456.0,4.562,0.812,14.769
K04846.02,CANDIDATE,32.526674,6.842,204.9,1.26,17.91,525.0,0.472,9.7,5668.0,4.545,0.868,15.23
K00469.01,CANDIDATE,10.32906563,1.44,2309.8,6.17,160.44,908.0,0.923,114.8,6228.0,4.441,1.049,14.711
K00470.01,CONFIRMED,3.750832927,1.9457,2397.9,4.61,383.77,1129.0,0.001,212.5,5776.0,4.512,0.95,14.749
K00471.01,CONFIRMED,21.34736612,4.184,630.5,3.2,41.65,648.0,0.885,53.1,5395.0,4.324,1.071,14.415
K00471.02,CONFIRMED,7.81100952,3.231,126.7,1.36,159.24,906.0,0.816,15.8,5395.0,4.324,1.071,14.415
K00472.01,CONFIRMED,4.243748097,3.3603,1409.7,3.16,301.46,1063.0,0.032,139.8,5873.0,4.554,0.843,15.0
K06612.02,FALSE POSITIVE,2.404483552,0.2961,0.8,0.48,4402.44,2078.0,1.0,0.0,6050.0,3.823,2.345,13.173
K00516.01,FALSE POSITIVE,13.54204116,3.334,338.7,2.01,93.98,794.0,0.722,26.4,5891.0,4.395,1.015,14.53
K00517.01,CONFIRMED,2.752359689,2.0722,791.9,2.54,455.43,1178.0,0.436,115.7,5461.0,4.499,0.897,14.034
K00518.01,CONFIRMED,13.98177862,2.958,1018.4,2.09,22.1,553.0,0.444,95.6,4859.0,4.615,0.651,14.287
K00518.02,CONFIRMED,44.0003975,5.1115,599.6,1.56,4.79,377.0,0.032,43.3,4859.0,4.615,0.651,14.287
K00518.03,CONFIRMED,247.354914,8.677,1291.8,2.29,0.48,212.0,0.044,49.0,4859.0,4.615,0.651,14.287
K07626.01,FALSE POSITIVE,462.12069,10.42,633.7,2.46,0.91,249.0,0.002,9.9,6079.0,4.411,0.974,14.936
K00570.01,FALSE POSITIVE,12.39894005,4.262,702.9,4.06,148.37,890.0,0.975,50.7,6355.0,4.41,1.108,14.755
K00089.02,CONFIRMED,207.5829306,7.0686,505.1,4.52,9.97,453.0,0.84,70.0,6688.0,4.062,1.79,11.642
K00571.01,CONFIRMED,7.26731094,2.2691,659.1,1.14,10.93,464.0,0.043,47.8,3751.0,4.8,0.443,14.625
K00571.02,CONFIRMED,13.3430025,2.7399,799.7,1.29,4.87,379.0,0.517,47.1,3751.0,4.8,0.443,14.625
K00571.03,CONFIRMED,3.886795001,1.7574,471.3,0.97,25.26,571.0,0.119,41.8,3751.0,4.8,0.443,14.625
K00571.04,CONFIRMED,22.40777833,3.2881,661.3,1.15,2.44,319.0,0.147,33.9,3751.0,4.8,0.443,14.625
K00414.01,FALSE POSITIVE,20.35509657,5.33265,25079.5,17.53,63.6,720.0,0.503,1703.2,6081.0,4.404,1.077,14.557
K00414.02,FALSE POSITIVE,5.92240377,3.691,413.4,2.77,329.86,1087.0,0.949,44.4,6081.0,4.404,1.077,14.557
K00415.01,CANDIDATE,166.7876551,5.8676,4764.2,7.03,2.93,334.0,0.041,183.8,5663.0,4.377,1.031,14.11
K00070.03,CONFIRMED,77.6114427,7.1786,814.5,2.59,5.87,397.0,0.094,100.5,5465.0,4.449,0.925,12.498
K00416.01,CONFIRMED,18.20795835,3.7965,1596.9,3.08,21.86,551.0,0.64,157.3,5176.0,4.612,0.738,14.29
K04896.02,CANDIDATE,49.537365,9.862,201.7,1.48,18.87,532.0,0.435,10.1,6118.0,4.416,1.023,15.451
K00473.01,CONFIRMED,12.70636123,2.395,871.7,2.75,55.86,697.0,0.793,54.0,5573.0,4.562,0.839,14.673
K00474.01,CONFIRMED,10.94577783,3.0937,532.8,2.84,142.23,881.0,0.819,52.5,5888.0,4.342,1.097,14.282
K00474.02,CONFIRMED,28.9869016,3.6233,471.6,2.7,38.82,637.0,0.842,31.5,5888.0,4.342,1.097,14.282
K00474.03,CONFIRMED,94.886902,6.923,641.7,4.24,7.99,429.0,0.982,25.5,5888.0,4.342,1.097,14.282
K00474.04,CONFIRMED,5.03505665,1.804,151.5,1.63,401.23,1141.0,0.911,16.6,5888.0,4.342,1.097,14.282
K06707.02,FALSE POSITIVE,24.7222403,4.53,290.1,1.31,19.53,536.0,0.106,9.3,5481.0,4.592,0.778,15.857
K00519.01,CONFIRMED,11.90352088,4.297,633.0,2.56,110.54,827.0,0.421,47.2,6063.0,4.47,1.001,14.939
K00084.01,CONFIRMED,9.286964466,3.3649,691.7,2.1,79.68,762.0,0.004,251.9,5546.0,4.575,0.81,11.898
K00519.02,CONFIRMED,34.0350605,6.695,727.8,2.76,27.24,583.0,0.474,41.3,6063.0,4.47,1.001,14.939
K00520.01,CONFIRMED,12.75934489,3.5889,882.1,2.58,37.95,633.0,0.657,70.4,4963.0,4.501,0.826,14.55
K00520.02,CONFIRMED,5.433132902,2.4012,328.2,1.61,118.56,841.0,0.72,33.1,4963.0,4.501,0.826,14.55
K07627.01,FALSE POSITIVE,0.967427812,5.8883,9127.8,29.01,956.61,1419.0,1.248,323.4,5066.0,4.625,0.709,15.826
K00572.01,CONFIRMED,10.64021008,5.4381,455.3,2.87,203.48,963.0,0.77,58.6,6112.0,4.281,1.233,14.173
K00572.02,CONFIRMED,4.93883135,4.388,123.5,1.44,566.38,1244.0,0.633,21.3,6112.0,4.281,1.233,14.173
K00573.01,CONFIRMED,5.996533443,3.3129,711.4,2.96,260.49,1025.0,0.51,70.5,5622.0,4.346,1.089,14.674
K00573.02,CONFIRMED,2.06190864,1.9743,214.0,1.63,1082.28,1463.0,0.537,27.9,5622.0,4.346,1.089,14.674
K00574.01,CONFIRMED,20.13490007,3.7962,1035.2,2.98,20.66,544.0,0.798,64.7,4963.0,4.501,0.826,14.859
K04838.03,CANDIDATE,24.0721647,3.171,177.3,1.1,6.08,400.0,0.949,6.7,4352.0,4.671,0.613,15.073
K00416.02,CONFIRMED,88.2553729,4.539,1132.2,2.96,2.67,326.0,0.886,54.2,5176.0,4.612,0.738,14.29
K00417.01,CANDIDATE,19.193103549,2.5425,6807.3,12.23,43.77,656.0,0.98,258.5,5883.0,4.53,0.892,14.847
K00418.01,FALSE POSITIVE,22.418319842,5.349,11929.1,9.94,23.8,563.0,0.8,944.4,5324.0,4.491,0.813,14.479
K00419.01,FALSE POSITIVE,20.131477716,3.2806,8243.2,39.89,47.49,670.0,1.279,427.5,6003.0,4.507,0.932,14.519
K00420.01,CONFIRMED,6.010383339,2.1939,2652.1,3.8,82.31,768.0,0.436,276.1,4882.0,4.558,0.738,14.247
K05007.02,CANDIDATE,80.881757,12.568,142.7,2.27,26.91,581.0,0.335,12.2,5934.0,3.945,1.885,13.698
K00006.01,FALSE POSITIVE,1.334101467,2.1033,120.8,1.74,5207.55,2169.0,0.153,43.0,6178.0,4.106,1.58,12.161
K00080.01,CANDIDATE,9.250572762,3.6373,1039.5,96.08,3530.57,1966.0,1.234,351.4,8133.0,3.715,3.294,11.31
K00475.01,CONFIRMED,8.1808949,2.7546,723.5,2.1,62.21,716.0,0.521,48.7,5081.0,4.596,0.77,14.802
K00475.02,CONFIRMED,15.31296388,3.0935,864.9,2.34,26.98,581.0,0.607,45.3,5081.0,4.596,0.77,14.802
K00476.01,CONFIRMED,18.42794957,2.9264,706.6,2.24,18.05,526.0,0.727,36.0,4768.0,4.536,0.779,14.958
K06765.02,FALSE POSITIVE,8.8249556,2.976,121.1,1.1,175.17,928.0,0.21,8.6,6078.0,4.434,0.994,15.154
K00725.01,FALSE POSITIVE,7.30497811,4.5414,10930.0,10.86,78.87,760.0,0.932,69.6,5247.0,4.609,0.744,15.765
K00726.01,FALSE POSITIVE,5.115750935,2.5378,1055.8,60.74,493.38,1202.0,1.475,51.8,6398.0,4.411,1.101,15.132
K00727.01,FALSE POSITIVE,1.213745575,5.5835,2012.2,21.69,572.53,1246.0,1.246,213.7,4820.0,4.606,0.661,15.825
K00728.01,CANDIDATE,7.189379172,2.0351,8126.4,11.94,261.94,1026.0,0.908,288.5,6214.0,4.442,1.076,15.356
K00729.01,FALSE POSITIVE,1.423799421,1.4866,2008.4,4.69,1791.61,1659.0,0.501,125.3,5962.0,4.464,1.019,15.623
K07628.01,CANDIDATE,1.8134378,7.776,97.4,0.69,423.67,1158.0,0.418,19.1,5094.0,4.618,0.7,13.961
K00730.01,CONFIRMED,14.78767172,6.1191,781.8,3.46,110.42,827.0,0.021,39.4,5814.0,4.269,1.248,15.344
K00627.02,CONFIRMED,4.16536757,3.2935,120.0,1.0,284.49,1048.0,0.348,30.4,5604.0,4.52,0.912,13.307
K00628.01,CONFIRMED,14.48584765,3.1365,457.1,2.88,89.16,784.0,0.93,52.2,5784.0,4.352,1.085,13.946
K00629.01,CONFIRMED,40.6992062,7.074,429.9,3.2,52.05,685.0,0.854,38.5,6419.0,4.175,1.362,13.949
K00630.01,FALSE POSITIVE,4.532402495,3.12,339.1,3.69,426.69,1160.0,0.99,43.1,5575.0,4.278,1.173,13.932
K05449.02,FALSE POSITIVE,25.273355,34.48,496.1,24.74,26.57,579.0,1.208,16.9,5313.0,4.39,0.976,14.5
K00631.01,CONFIRMED,15.458056682,8.79536,4253.2,9.11,136.4,871.0,0.05,1055.9,5868.0,4.169,1.407,13.398
K00682.01,CANDIDATE,562.1725914,9.8841,5877.8,10.9,0.8,241.0,0.7801,208.4,5589.0,4.229,1.289,13.916
K00683.01,CANDIDATE,278.1243979,3.978,2297.8,5.86,1.57,286.0,0.871,58.5,5799.0,4.408,1.05,13.714
K00684.01,CANDIDATE,4.034914368,1.7874,800.1,6.95,1052.15,1452.0,0.965,92.6,5548.0,3.964,1.793,13.831
K00685.01,CONFIRMED,3.173914037,3.6069,303.0,3.07,1769.83,1655.0,0.819,76.1,6432.0,4.164,1.584,13.949
K07124.02,FALSE POSITIVE,379.11996,7.22,1107.7,2.74,0.57,221.0,0.483,9.2,5546.0,4.575,0.81,15.496
K00686.01,CANDIDATE,52.513548727,3.2743,14252.3,12.43,11.73,472.0,0.679,825.0,5589.0,4.421,0.98,13.579
K00687.01,CANDIDATE,4.17838675,2.123,316.0,3.13,988.44,1430.0,0.617,15.1,5746.0,4.039,1.687,13.813
K00730.02,CONFIRMED,9.84824649,5.7471,436.7,2.68,189.82,947.0,0.55,25.3,5814.0,4.269,1.248,15.344
K00730.03,CONFIRMED,19.7243672,7.202,577.9,3.57,75.23,751.0,0.898,26.0,5814.0,4.269,1.248,15.344
K00111.03,CONFIRMED,51.75530504,7.4355,609.2,2.61,16.6,515.0,0.638,116.9,5979.0,4.394,1.005,12.596
K07630.01,CANDIDATE,16.2982201,2.558,199.0,0.78,5.38,388.0,0.698,7.9,3905.0,4.736,0.521,14.709
K00730.04,CONFIRMED,7.38443269,5.7351,349.8,2.42,278.67,1042.0,0.594,23.7,5814.0,4.269,1.248,15.344
K00731.01,FALSE POSITIVE,7.06115081,3.547,1526.9,171.85,145.61,886.0,2.824,60.4,5795.0,4.554,0.848,15.592
K00099.01,CANDIDATE,2190.7010353,19.891,1874.2,3.12,0.03,109.0,0.2597,94.8,4965.0,4.555,0.736,12.96
K00632.01,CONFIRMED,7.23858162,3.1199,268.2,1.34,104.51,816.0,0.147,41.6,5411.0,4.561,0.831,13.359
K00633.01,CONFIRMED,161.4746786,10.572,828.2,3.25,3.27,343.0,0.746,47.8,5761.0,4.383,1.044,13.871
K00634.01,FALSE POSITIVE,6.277827312,8.6841,1856.8,4.87,222.45,985.0,0.95,191.3,6077.0,4.526,0.891,13.851
K00635.01,CONFIRMED,16.71987303,3.317,523.1,2.52,81.63,767.0,0.437,19.2,6020.0,4.389,1.085,13.034
K00636.01,FALSE POSITIVE,12.011661094,3.77516,14293.6,55.2,710.87,1317.0,1.024,1898.4,6753.0,3.91,2.396,13.252
K00688.01,CONFIRMED,3.275821982,3.0427,274.9,3.54,2121.23,1730.0,0.746,64.4,6185.0,4.013,1.972,13.992
K00689.01,CONFIRMED,15.87360981,3.5246,415.6,1.53,37.68,632.0,0.395,38.4,5656.0,4.607,0.737,13.766
K00547.03,CONFIRMED,12.3860474,2.604,151.3,1.11,50.23,679.0,0.538,9.1,5121.0,4.457,0.888,14.773
K00690.01,FALSE POSITIVE,1.360834768,1.4886,1570.5,7.24,1792.47,1660.0,1.008,169.8,6215.0,4.543,0.872,13.591
K00107.01,CONFIRMED,7.256962446,4.9402,463.2,3.53,432.1,1163.0,0.676,168.3,5858.0,4.112,1.549,12.702
K00691.01,CONFIRMED,29.66631669,8.412,668.0,2.83,40.68,644.0,0.019,95.3,5956.0,4.322,1.098,13.965
K00691.02,CONFIRMED,16.2254975,6.471,120.4,1.21,90.93,788.0,0.273,20.3,5956.0,4.322,1.098,13.965
K00732.01,CONFIRMED,1.260258822,1.8594,1130.7,3.57,1435.82,1569.0,0.791,128.2,5550.0,4.5,0.954,15.342
K00732.02,CANDIDATE,3.29534567,1.902,141.9,1.23,397.37,1139.0,0.729,10.4,5550.0,4.5,0.954,15.342
K07629.01,FALSE POSITIVE,0.542122617,1.283,88.3,0.94,5914.13,2238.0,0.108,16.3,5875.0,4.476,0.998,14.661
K00732.03,CONFIRMED,5.25449393,3.078,169.0,1.41,213.25,975.0,0.837,12.6,5550.0,4.5,0.954,15.342
K00733.01,CONFIRMED,5.924993927,2.8874,1608.1,3.15,77.91,758.0,0.848,68.5,5016.0,4.641,0.679,15.644
K00733.02,CONFIRMED,11.34934848,3.1101,1249.8,2.39,32.75,610.0,0.398,41.7,5016.0,4.641,0.679,15.644
K00637.01,FALSE POSITIVE,26.94927489,10.6977,19963.9,7.37,5.78,395.0,0.438,415.7,4723.0,4.741,0.512,13.771
K00638.01,CONFIRMED,23.6421965,5.018,1102.2,2.9,29.65,595.0,0.022,97.2,5750.0,4.538,0.882,13.595
K00638.02,CONFIRMED,67.0930642,7.334,1254.2,3.51,7.38,420.0,0.822,73.7,5750.0,4.538,0.882,13.595
K00639.01,CONFIRMED,17.97979816,5.5828,459.1,2.89,111.12,828.0,0.069,43.9,6141.0,4.272,1.352,13.5
K00640.01,CONFIRMED,30.99664113,2.9182,655.3,2.43,14.72,500.0,0.791,59.9,5324.0,4.544,0.853,13.332
K00692.01,CONFIRMED,2.462344253,1.8113,180.1,1.33,730.86,1326.0,0.051,42.1,5736.0,4.467,1.008,13.648
K00692.02,CONFIRMED,4.822969318,0.8752,332.1,2.22,297.73,1060.0,0.891,36.0,5736.0,4.467,1.008,13.648
K00548.02,CANDIDATE,6.0799457,2.706,55.1,0.86,348.11,1101.0,0.097,7.3,6008.0,4.35,1.168,14.02
K00693.01,CONFIRMED,28.7796446,8.349,253.2,1.95,34.65,619.0,0.886,36.5,6000.0,4.45,1.044,13.949
K00693.02,CONFIRMED,15.66057688,7.012,384.1,2.05,78.01,758.0,0.244,67.5,6000.0,4.45,1.044,13.949
K00694.01,CONFIRMED,17.42115972,4.9974,928.1,3.11,48.91,674.0,0.651,114.3,5679.0,4.487,0.972,13.939
K00733.03,CONFIRMED,3.13295351,2.2207,435.2,1.39,181.84,937.0,0.135,23.9,5016.0,4.641,0.679,15.644
K00733.04,CONFIRMED,18.64349986,1.8491,813.4,2.14,16.91,517.0,0.774,16.1,5016.0,4.641,0.679,15.644
K00408.05,FALSE POSITIVE,93.803766,2.946,460.1,2.05,4.69,375.0,0.63,8.6,5559.0,4.47,0.914,14.985
K00734.01,CONFIRMED,24.5434566,7.2518,1151.3,3.08,34.07,616.0,0.042,64.5,5955.0,4.52,0.91,15.344
K00112.01,CONFIRMED,51.07926451,6.3729,736.8,2.75,15.17,503.0,0.017,126.8,5833.0,4.407,1.022,12.772
K00734.02,CANDIDATE,70.2780911,2.466,781.6,2.54,8.38,434.0,0.07,14.9,5955.0,4.52,0.91,15.344
K00100.01,CANDIDATE,9.9664004,5.0127,1619.0,16.89,1466.1,1578.0,0.966,125.9,6638.0,3.664,3.079,12.598
K00641.01,CANDIDATE,14.85185526,3.5263,1341.0,2.73,10.3,457.0,0.815,58.3,4129.0,4.636,0.652,13.583
K00642.01,FALSE POSITIVE,4.350413063,1.7694,192.5,1.26,331.98,1088.0,0.549,37.8,5978.0,4.534,0.876,13.211
K00643.01,FALSE POSITIVE,1.376384817,1.745,365.9,1.47,770.31,1343.0,0.558,47.8,5278.0,4.591,0.746,13.992
K00644.01,FALSE POSITIVE,45.977861823,7.4493,23886.1,17.09,20.32,541.0,0.367,1283.6,5761.0,4.306,1.096,13.725
K00695.01,CONFIRMED,29.90721859,4.8475,588.0,2.16,23.92,564.0,0.022,79.8,5739.0,4.476,0.896,13.437
K00696.01,FALSE POSITIVE,7.03380109,6.4185,138.5,2.61,718.45,1320.0,0.861,46.7,6122.0,4.019,1.934,13.357
K07378.02,CANDIDATE,56.391062,5.7,2042.0,3.58,2.18,310.0,0.92,11.4,4406.0,4.643,0.628,16.324
K00697.01,CONFIRMED,3.032147946,3.8627,488.6,3.62,1218.88,1507.0,0.836,103.1,5827.0,4.151,1.447,13.684
K00108.01,CONFIRMED,15.96532718,4.5837,482.2,3.33,136.42,872.0,0.674,144.2,5880.0,4.154,1.433,12.287
K00698.01,FALSE POSITIVE,12.718711489,2.48998,8378.9,120.02,279.33,1042.0,1.588,550.2,6120.0,4.036,1.596,13.816
K00735.01,CANDIDATE,22.34213536,6.461,2264.4,5.19,18.14,526.0,0.973,51.9,5237.0,4.568,0.707,15.637
K00736.01,CONFIRMED,18.79418506,3.2906,1529.0,2.33,6.79,412.0,0.356,40.2,4126.0,4.668,0.602,15.962
K00736.02,CONFIRMED,6.73893544,2.813,601.3,1.44,26.64,579.0,0.043,24.2,4126.0,4.668,0.602,15.962
K00737.01,FALSE POSITIVE,14.49839316,3.7343,3271.1,5.16,32.22,607.0,0.91,125.6,5268.0,4.602,0.735,15.684
K00738.01,CONFIRMED,10.3392408,3.075,1184.6,2.98,86.46,777.0,0.15,51.4,5730.0,4.545,0.87,15.282
K00645.01,CONFIRMED,8.50339249,2.9569,188.9,1.95,257.22,1021.0,0.825,28.5,5877.0,4.233,1.265,13.716
K00645.02,CONFIRMED,23.7832097,7.939,256.5,2.01,65.26,725.0,0.01,38.3,5877.0,4.233,1.265,13.716
K00646.01,FALSE POSITIVE,3.041547148,3.22798,20690.7,60.05,1344.31,1544.0,1.233,1670.6,6431.0,4.293,1.295,13.705
K00647.01,CONFIRMED,5.16949729,4.5122,210.6,2.06,694.32,1309.0,0.235,66.2,6011.0,4.123,1.409,13.55
K00648.01,CANDIDATE,10.47490332,33.7939,1170.2,15.45,1427.2,1567.0,0.972,150.5,6526.0,3.616,3.232,13.22
K00699.01,FALSE POSITIVE,5.41460536,33.787,4080.1,116.93,2150.63,1737.0,1.29,294.4,6033.0,3.676,2.943,13.633
K00700.01,CONFIRMED,30.86436512,2.9557,551.3,2.23,18.22,527.0,0.851,51.8,5677.0,4.563,0.828,13.58
K00700.02,CONFIRMED,9.36059705,3.2069,236.5,1.42,89.47,784.0,0.802,42.0,5677.0,4.563,0.828,13.58
K00700.03,CONFIRMED,14.6672293,3.742,198.1,1.21,49.12,675.0,0.596,30.5,5677.0,4.563,0.828,13.58
K00700.04,CONFIRMED,68.1609897,5.662,295.6,1.45,6.34,405.0,0.459,25.0,5677.0,4.563,0.828,13.58
K00738.02,CONFIRMED,13.28689997,3.2825,1039.6,2.78,61.8,715.0,0.017,41.3,5730.0,4.545,0.87,15.282
K00739.01,CONFIRMED,1.287076693,1.4942,729.4,1.39,135.97,871.0,0.003,65.2,3736.0,4.724,0.525,15.488
K04388.02,CANDIDATE,61.858947,21.32,70.8,2.47,56.48,699.0,0.621,9.1,5529.0,3.685,2.817,12.045
K00740.01,CONFIRMED,17.6717714,3.4202,918.6,2.44,16.38,513.0,0.86,36.2,4869.0,4.636,0.687,15.556
K00741.01,FALSE POSITIVE,23.355341391,4.60672,38524.0,21.55,30.96,601.0,0.842,1144.3,5754.0,4.534,0.905,15.278
K00649.01,CONFIRMED,23.44970494,8.6567,315.6,2.71,97.94,802.0,0.193,67.9,6188.0,4.196,1.524,13.31
K00102.01,CONFIRMED,1.73513619,2.2741,952.6,3.27,1372.87,1554.0,0.045,473.2,5751.0,4.391,1.071,12.566
K00650.01,CONFIRMED,11.95474513,2.1433,903.4,5.15,159.04,906.0,0.601,96.3,5059.0,3.976,1.657,13.594
K00651.01,FALSE POSITIVE,42.55930625,3.0148,2303.5,5.45,18.24,527.0,0.927,60.9,6032.0,4.489,0.924,13.909
K00652.01,CONFIRMED,16.080657264,2.8701,3076.0,4.43,33.64,614.0,0.051,195.9,5303.0,4.547,0.817,13.653
K00701.01,CONFIRMED,18.16407304,2.9355,943.2,1.98,15.72,508.0,0.021,99.7,4926.0,4.653,0.662,13.725
K07521.02,FALSE POSITIVE,7.334073405,2.7308,326.9,1.42,135.81,870.0,0.559,2.6,5985.0,4.603,0.758,13.265
K00701.02,CONFIRMED,5.71489692,2.3572,425.9,1.33,73.38,747.0,0.011,73.0,4926.0,4.653,0.662,13.725
K00701.03,CONFIRMED,122.3858681,7.123,711.1,1.72,1.24,269.0,0.101,46.3,4926.0,4.653,0.662,13.725
K00702.01,FALSE POSITIVE,1.274840187,14.833,229.2,66.76,9187.9,2498.0,1.198,79.3,5365.0,3.669,2.872,13.759
K00108.02,CONFIRMED,179.609803,13.755,1273.0,5.47,5.41,389.0,0.711,184.6,5880.0,4.154,1.433,12.287
K00703.01,FALSE POSITIVE,1.368617188,1.6235,126.9,1.84,6108.26,2255.0,0.464,44.4,6561.0,4.14,1.584,13.361
K00653.01,FALSE POSITIVE,1.125963085,1.5034,146.0,1.41,3689.22,1988.0,0.596,43.1,6225.0,4.348,1.116,13.858
K00654.01,CONFIRMED,8.59481851,3.254,336.5,1.75,125.48,854.0,0.617,37.5,5675.0,4.459,0.915,13.984
K00654.02,CONFIRMED,10.22215697,1.1939,238.2,1.72,99.68,806.0,0.911,13.6,5675.0,4.459,0.915,13.984
K00655.01,CONFIRMED,25.6721559,5.9629,387.1,2.68,51.47,683.0,0.867,78.4,6034.0,4.359,1.179,13.004
K00655.02,CONFIRMED,151.8851881,12.091,360.6,2.47,4.81,378.0,0.788,46.3,6034.0,4.359,1.179,13.004
K07544.02,FALSE POSITIVE,1.065731229,1.7499,3639.6,384.26,161806.81,5118.0,1.277,109.2,6244.0,2.897,10.105,13.151
K00704.01,CONFIRMED,18.39629744,2.7838,680.2,2.47,27.09,582.0,0.872,58.4,5316.0,4.57,0.804,13.704
K00705.01,FALSE POSITIVE,1.012672041,3.0512,1197.6,5.89,7026.31,2337.0,0.957,237.4,6663.0,4.275,1.338,13.788
K00706.01,FALSE POSITIVE,28.714216138,6.0624,43701.9,42.19,93.74,794.0,0.919,1230.7,6706.0,4.226,1.417,13.765
K00707.01,CONFIRMED,21.77568158,7.9588,797.9,4.76,125.14,853.0,0.025,117.3,5900.0,4.022,1.694,13.988
K00707.02,CONFIRMED,41.0283424,9.8052,541.4,3.92,53.8,691.0,0.011,66.5,5900.0,4.022,1.694,13.988
K04453.02,FALSE POSITIVE,0.83442282,1.873,50.9,0.64,2794.84,1854.0,0.163,8.8,5838.0,4.529,0.897,15.271
K00656.01,FALSE POSITIVE,1.906633332,3.0825,268.0,2.72,2745.66,1847.0,0.98,83.3,6736.0,4.335,1.243,13.429
K00657.01,CONFIRMED,4.069425638,2.0396,549.1,1.53,97.72,802.0,0.102,68.0,4671.0,4.636,0.68,13.872
K00102.02,CONFIRMED,4.06844957,2.8349,79.8,0.98,442.08,1170.0,0.55,29.3,5751.0,4.391,1.071,12.566
K00657.02,CONFIRMED,16.28247625,2.9227,792.6,1.88,15.37,505.0,0.382,60.0,4671.0,4.636,0.68,13.872
K00658.01,CONFIRMED,3.162692075,1.9529,503.7,2.61,692.32,1308.0,0.716,75.4,5821.0,4.355,1.085,13.989
K00707.03,CONFIRMED,31.7848157,8.8077,444.5,3.55,75.59,752.0,0.015,57.6,5900.0,4.022,1.694,13.988
K00707.04,CONFIRMED,13.17555999,6.6677,280.0,2.82,244.58,1009.0,0.013,48.8,5900.0,4.022,1.694,13.988
K00707.05,CONFIRMED,5.66815821,4.9064,119.7,1.85,752.7,1336.0,0.177,27.3,5900.0,4.022,1.694,13.988
K00708.01,CONFIRMED,17.40665216,6.864,586.9,2.95,104.04,814.0,0.022,85.7,6086.0,4.274,1.216,13.998
K04577.02,CANDIDATE,3.07365139,2.102,90.5,0.79,515.92,1215.0,0.034,9.6,6068.0,4.565,0.831,14.894
K00109.01,FALSE POSITIVE,6.41496453,3.9015,201.2,25.79,417.97,1153.0,1.187,53.1,6170.0,4.259,1.183,12.385
K00658.02,CONFIRMED,5.370639542,2.1121,491.3,2.54,341.68,1096.0,0.667,58.8,5821.0,4.355,1.085,13.989
K00658.03,CONFIRMED,11.32977062,3.845,162.4,1.37,126.21,855.0,0.036,18.5,5821.0,4.355,1.085,13.989
K00659.01,CONFIRMED,23.20579353,4.3243,342.5,5.86,238.21,1002.0,0.059,46.9,5460.0,3.626,3.231,13.413
K00660.01,CONFIRMED,6.07972016,7.1228,290.8,2.32,360.77,1111.0,0.471,77.9,5460.0,4.139,1.346,13.532
K07621.01,CANDIDATE,275.07365,3.37,228.9,1.86,2.0,303.0,0.595,7.5,5604.0,4.226,1.187,10.15
K00661.01,CONFIRMED,14.40090414,4.1682,379.6,2.71,111.24,828.0,0.872,41.1,5815.0,4.27,1.198,13.909
K00708.02,CONFIRMED,7.69363627,5.0324,295.1,2.12,308.61,1069.0,0.366,55.1,6086.0,4.274,1.216,13.998
K00709.01,CONFIRMED,21.3851584,4.0819,663.9,2.17,25.63,574.0,0.518,67.3,5376.0,4.516,0.825,13.94
K00710.01,CONFIRMED,5.37493289,3.9567,155.8,2.12,942.35,1413.0,0.228,49.0,6167.0,4.037,1.689,13.294
K00710.02,CONFIRMED,8.58600968,3.3443,102.1,1.84,503.98,1208.0,0.728,23.2,6167.0,4.037,1.689,13.294
K04622.02,CANDIDATE,4.50158249,1.855,175.7,0.73,49.21,676.0,0.016,9.7,4339.0,4.711,0.553,15.142
K00710.03,CONFIRMED,3.88688862,3.683,58.3,1.29,1448.04,1574.0,0.035,20.8,6167.0,4.037,1.689,13.294
K00603.01,FALSE POSITIVE,2.192009479,2.9453,1475.6,35.9,1030.69,1446.0,1.248,131.2,5499.0,4.28,1.125,14.687
K00604.01,FALSE POSITIVE,8.254912972,6.8822,19242.4,11.86,93.46,793.0,0.532,438.2,5366.0,4.5,0.835,14.034
K00605.01,CONFIRMED,2.628117322,1.8289,936.8,1.77,69.56,737.0,0.612,98.1,3939.0,4.705,0.557,14.915
K00605.02,CANDIDATE,5.06546874,2.203,121.1,0.62,29.01,592.0,0.477,10.4,3939.0,4.705,0.557,14.915
K00606.01,FALSE POSITIVE,3.170626881,2.7189,14610.0,14.37,704.88,1314.0,0.847,113.2,6068.0,4.428,1.034,14.333
K00607.01,CANDIDATE,5.89399142,1.2737,10993.0,11.16,185.03,940.0,0.867,252.5,5713.0,4.541,0.893,14.377
K00661.02,CONFIRMED,25.6613816,4.459,166.5,1.78,51.48,683.0,0.864,14.6,5815.0,4.27,1.198,13.909
K00662.01,CONFIRMED,10.21418792,5.8201,303.8,2.29,198.34,957.0,0.016,78.6,5843.0,4.25,1.332,13.336
K00663.01,CONFIRMED,2.755637216,1.8559,536.7,1.37,77.57,757.0,0.717,99.8,4121.0,4.709,0.553,13.506
K07622.01,FALSE POSITIVE,36.2671673,2.065,627.1,1.5,3.44,347.0,0.214,10.0,4264.0,4.637,0.62,15.544
K00103.01,CONFIRMED,14.91095177,3.325,864.5,2.62,54.87,694.0,0.014,116.9,5650.0,4.5,0.899,12.593
K00663.02,CONFIRMED,20.30652862,2.8014,715.4,1.58,5.4,389.0,0.714,60.8,4121.0,4.709,0.553,13.506
K00711.01,CONFIRMED,44.6996563,6.2289,837.7,3.05,14.81,500.0,0.472,71.3,5497.0,4.394,1.046,13.967
K00711.02,CONFIRMED,3.619309734,3.0504,206.6,1.47,422.53,1156.0,0.116,47.4,5497.0,4.394,1.046,13.967
K00711.03,CONFIRMED,124.5245224,9.654,689.9,2.69,3.78,356.0,0.004,47.5,5497.0,4.394,1.046,13.967
K04692.02,CANDIDATE,7.6720844,3.451,75.1,0.72,138.74,875.0,0.523,8.4,5972.0,4.57,0.807,14.766
K00712.01,FALSE POSITIVE,2.178150857,1.931,162.5,1.11,636.74,1282.0,0.58,37.4,5691.0,4.56,0.836,13.72
K00713.01,FALSE POSITIVE,2.178150567,3.5065,511.3,34.19,2457.28,1796.0,1.228,131.4,6820.0,4.328,1.254,13.835
K00608.01,FALSE POSITIVE,25.33709016,9.664,2279.4,3.47,6.93,414.0,0.824,120.3,4469.0,4.625,0.635,14.716
K00609.01,FALSE POSITIVE,4.396999852,1.875,4576.8,13.57,543.48,1231.0,0.987,63.3,5949.0,4.311,1.156,14.491
K00610.01,CONFIRMED,14.28228147,2.6588,983.2,1.82,9.38,446.0,0.019,44.7,4102.0,4.675,0.595,14.672
K00611.01,CANDIDATE,3.251659087,1.5286,4747.9,9.83,865.87,1384.0,0.938,466.2,6367.0,4.419,1.087,14.022
K00008.01,FALSE POSITIVE,1.16015259,1.3433,170.2,1.4,2229.29,1751.0,0.748,48.4,5842.0,4.433,0.985,12.45
K00094.04,CONFIRMED,3.743166733,3.6888,126.3,1.5,971.76,1423.0,0.008,47.2,6181.0,4.234,1.331,12.205
K00664.01,CONFIRMED,13.13747785,4.8655,212.8,1.85,109.68,825.0,0.8,43.1,5762.0,4.314,1.143,13.484
K00664.02,CONFIRMED,7.78199862,3.947,106.9,1.32,220.8,983.0,0.816,25.6,5762.0,4.314,1.143,13.484
K07623.01,FALSE POSITIVE,2.2227289,2.617,279.1,34.14,93172.12,4454.0,0.254,10.5,4996.0,2.354,20.848,12.552
K00664.03,CONFIRMED,23.4433748,5.768,85.0,1.29,50.72,681.0,0.924,14.1,5762.0,4.314,1.143,13.484
K00665.01,CONFIRMED,5.868066282,4.1246,436.5,3.6,584.32,1254.0,0.801,97.6,5918.0,4.127,1.555,13.182
K00665.02,CONFIRMED,1.61189046,3.0792,101.1,1.72,3267.98,1930.0,0.782,38.0,5918.0,4.127,1.555,13.182
K00110.01,CONFIRMED,9.940666412,3.9092,520.2,2.87,233.04,996.0,0.02,161.4,6215.0,4.305,1.259,12.663
K00714.01,CONFIRMED,4.182001885,2.2209,847.4,2.46,213.29,974.0,0.015,160.3,5328.0,4.551,0.865,13.393
K04700.02,CANDIDATE,66.47762,4.487,553.5,1.83,5.34,388.0,0.384,9.1,5515.0,4.592,0.775,15.972
K00715.01,FALSE POSITIVE,1.621668852,1.7517,7662.0,32.76,1546.28,1598.0,1.194,67.8,6106.0,4.487,0.966,13.9
K00716.01,CANDIDATE,26.89316101,2.3266,2193.2,6.78,33.54,614.0,0.98,119.6,6096.0,4.511,0.908,13.754
K00717.01,CONFIRMED,14.70749512,3.1506,262.0,2.04,106.22,819.0,0.127,36.3,5676.0,4.247,1.28,13.387
K00612.01,CONFIRMED,20.73989406,3.1505,616.1,2.11,19.47,536.0,0.777,44.2,5132.0,4.571,0.77,14.157
K00612.02,CONFIRMED,47.4277116,5.2679,820.4,2.33,6.46,407.0,0.678,49.9,5132.0,4.571,0.77,14.157
K00613.01,FALSE POSITIVE,5.07442951,4.064,250.2,1.38,175.75,929.0,0.53,26.7,5448.0,4.562,0.857,14.789
K00614.01,CONFIRMED,12.874712426,2.2491,3860.7,11.26,173.5,926.0,0.932,218.5,5963.0,4.218,1.424,14.517
K00615.01,FALSE POSITIVE,176.2432946,5.0423,4981.4,48.15,3.68,353.0,1.271,86.6,5559.0,4.209,1.231,14.468
K00665.03,CONFIRMED,3.07155284,4.0935,86.0,1.65,1389.97,1556.0,0.855,27.2,5918.0,4.127,1.555,13.182
K00666.01,CONFIRMED,22.24814617,4.1483,613.7,2.72,32.58,609.0,0.868,74.2,5629.0,4.503,0.943,13.721
K07636.01,CANDIDATE,0.702739679,1.379,65.1,0.73,2292.96,1765.0,0.742,9.5,5269.0,4.508,0.836,14.99
K00667.01,FALSE POSITIVE,4.305219002,2.6845,9738.6,10.34,370.84,1119.0,0.626,205.8,5780.0,4.438,1.0,13.826
K00668.01,FALSE POSITIVE,13.779711352,7.63871,25479.1,47.58,848.24,1376.0,0.201,2013.6,6444.0,3.643,2.947,13.21
K00104.01,CONFIRMED,2.508057497,1.1134,1507.6,3.25,234.06,997.0,0.742,312.7,4780.0,4.597,0.761,12.895
K00669.01,FALSE POSITIVE,5.07437786,5.942,605.7,23.71,244.04,1008.0,1.21,86.6,5661.0,4.48,0.919,13.842
K00717.02,CONFIRMED,0.900375925,1.257,41.4,0.82,4399.18,2078.0,0.093,14.6,5676.0,4.247,1.28,13.387
K00718.01,CONFIRMED,4.585466941,3.4437,383.5,3.29,688.54,1307.0,0.823,84.8,5788.0,4.16,1.495,13.764
K00718.02,CONFIRMED,22.71443351,6.0875,575.1,4.01,81.57,766.0,0.816,74.4,5788.0,4.16,1.495,13.764
K00718.03,CONFIRMED,47.903427,6.191,379.3,3.55,30.17,598.0,0.918,34.1,5788.0,4.16,1.495,13.764
K00719.01,CONFIRMED,9.034190783,1.5501,577.6,1.8,27.87,586.0,0.846,82.1,4499.0,4.635,0.639,13.177
K00616.01,FALSE POSITIVE,1.433339604,1.3665,305.2,2.08,1873.33,1677.0,0.902,39.6,6077.0,4.471,0.999,14.811
K00617.01,FALSE POSITIVE,37.86511904,2.9799,6941.7,40.36,19.31,535.0,1.28,222.3,5858.0,4.495,0.963,14.608
K00618.01,CONFIRMED,9.07098164,2.6903,1026.2,2.94,109.61,825.0,0.013,59.1,5672.0,4.506,0.929,14.959
K00619.01,FALSE POSITIVE,2.879243323,2.6273,48050.0,21.02,565.39,1244.0,0.709,200.5,5941.0,4.533,0.885,14.371
K00620.01,CONFIRMED,45.15535633,5.7845,6208.7,7.65,17.68,523.0,0.063,285.1,6046.0,4.486,0.972,14.669
K00670.01,CONFIRMED,9.48965527,3.587,262.2,2.16,173.79,926.0,0.795,42.5,5672.0,4.279,1.204,13.774
K00671.01,CONFIRMED,4.22865217,3.3275,150.0,1.83,854.59,1379.0,0.009,41.5,5966.0,4.169,1.499,13.749
K07637.01,FALSE POSITIVE,2.85889907,1.465,55.7,0.73,226.09,989.0,0.936,6.9,4973.0,4.603,0.754,13.514
K00671.02,CONFIRMED,7.46662068,3.87,120.9,1.65,401.08,1141.0,0.255,27.4,5966.0,4.169,1.499,13.749
K00671.03,CONFIRMED,16.25951967,3.854,129.5,1.72,142.1,880.0,0.374,19.6,5966.0,4.169,1.499,13.749
K00671.04,CONFIRMED,11.1317901,4.051,95.5,1.47,235.55,999.0,0.342,18.2,5966.0,4.169,1.499,13.749
K00719.02,CONFIRMED,28.1224393,4.174,194.3,0.9,6.13,401.0,0.516,26.9,4499.0,4.635,0.639,13.177
K00111.01,CONFIRMED,11.427550984,4.6074,500.9,2.35,124.31,852.0,0.608,165.5,5979.0,4.394,1.005,12.596
K07631.01,FALSE POSITIVE,0.983304511,1.78,79.9,1.1,4774.53,2121.0,0.477,10.1,6363.0,4.386,1.198,14.981
K00719.03,CONFIRMED,45.9029768,5.0041,361.8,1.18,3.19,341.0,0.303,42.9,4499.0,4.635,0.639,13.177
K00719.04,CONFIRMED,4.159816554,1.6261,160.3,0.86,78.4,759.0,0.676,35.6,4499.0,4.635,0.639,13.177
K00720.01,CONFIRMED,5.69059163,2.557,1384.3,3.1,129.31,860.0,0.573,45.5,5244.0,4.538,0.81,13.749
K00097.01,CONFIRMED,4.885488596,5.16165,7458.4,16.66,1182.79,1496.0,0.361,2590.1,6036.0,3.968,1.909,12.885
K00620.02,CONFIRMED,130.17802962,8.4534,11570.9,10.44,4.31,367.0,0.022,365.2,6046.0,4.486,0.972,14.669
K00620.03,CONFIRMED,85.3162004,2.7441,1902.6,6.34,7.57,423.0,0.972,32.6,6046.0,4.486,0.972,14.669
K00621.01,CANDIDATE,17.761998411,2.4644,24176.9,14.25,19.78,538.0,0.907,731.7,5088.0,4.612,0.669,14.762
K00622.01,CANDIDATE,155.042265,9.848,4880.9,26.44,16.15,511.0,0.824,117.9,4994.0,3.509,3.322,14.932
K00623.01,CONFIRMED,10.34973276,4.4859,119.0,1.44,177.25,930.0,0.905,44.5,6003.0,4.303,1.109,11.811
K00672.01,CONFIRMED,16.08786246,3.095,612.5,2.56,47.17,668.0,0.824,63.7,5506.0,4.473,0.914,13.998
K07638.01,CANDIDATE,25.0032023,5.498,64.1,1.47,116.27,837.0,0.756,12.6,6148.0,4.055,1.685,12.55
K00672.02,CONFIRMED,41.74938613,5.6098,1055.4,2.94,13.22,486.0,0.226,95.0,5506.0,4.473,0.914,13.998
K00672.03,FALSE POSITIVE,0.56680081,3.6116,127.7,1.02,4065.92,2038.0,0.004,71.5,5506.0,4.473,0.914,13.998
K00673.01,CONFIRMED,4.41746257,2.965,291.0,3.95,2536.07,1810.0,0.085,22.6,6570.0,3.86,2.297,13.343
K00105.01,CONFIRMED,8.981014925,1.8478,1059.3,3.14,141.77,880.0,0.097,198.3,5666.0,4.362,0.967,12.87
K00674.01,CONFIRMED,16.33888067,9.3599,1718.4,10.47,203.31,963.0,0.256,201.9,4877.0,3.645,2.595,13.781
K07632.01,FALSE POSITIVE,39.1307086,2.295,201.0,1.54,30.75,600.0,0.013,7.4,6295.0,4.401,1.08,14.372
K00720.02,CONFIRMED,10.04157214,2.6577,1114.0,2.97,60.74,712.0,0.768,28.1,5244.0,4.538,0.81,13.749
K00720.03,CONFIRMED,18.36974658,2.939,1143.3,3.58,27.14,582.0,0.947,20.1,5244.0,4.538,0.81,13.749
K00720.04,CONFIRMED,2.79590004,2.056,383.7,1.66,333.31,1090.0,0.638,16.3,5244.0,4.538,0.81,13.749
K00721.01,CONFIRMED,13.72462702,6.9758,281.8,2.13,112.82,831.0,0.748,50.1,5817.0,4.293,1.171,13.645
K00722.01,CONFIRMED,46.40626,7.0281,469.1,2.66,28.23,588.0,0.018,51.2,6086.0,4.276,1.227,13.489
K07634.01,CANDIDATE,80.84069,8.567,9326.0,15.11,14.83,500.0,0.003,21.6,5511.0,4.069,1.597,17.187
K00623.02,CONFIRMED,15.67750191,5.5082,115.5,1.42,101.79,810.0,0.911,39.6,6003.0,4.303,1.109,11.811
K00623.03,CONFIRMED,5.59931543,3.8944,84.8,1.22,402.39,1142.0,0.914,41.4,6003.0,4.303,1.109,11.811
K00623.04,CONFIRMED,25.2100146,6.553,62.1,0.95,54.06,691.0,0.771,18.8,6003.0,4.303,1.109,11.811
K00624.01,CONFIRMED,17.79001678,4.4116,871.4,2.7,43.5,655.0,0.182,67.2,5569.0,4.474,0.927,13.597
K00624.02,CONFIRMED,49.5674085,4.002,730.0,2.91,11.09,465.0,0.866,31.2,5569.0,4.474,0.927,13.597
K00098.01,CONFIRMED,6.790120801,6.0437,2302.3,9.86,998.97,1434.0,0.486,526.1,6372.0,3.954,2.001,12.128
K00675.01,FALSE POSITIVE,1.655467295,3.2424,1059.4,2.17,322.97,1080.0,0.001,98.7,4583.0,4.6,0.695,13.841
K00676.01,CONFIRMED,7.972510087,2.9754,3139.0,3.22,14.45,497.0,0.739,206.7,3912.0,4.728,0.533,13.822
K00676.02,CONFIRMED,2.453236139,1.6691,1723.2,2.26,69.36,737.0,0.496,158.0,3912.0,4.728,0.533,13.822
K00677.01,FALSE POSITIVE,11.9710626,2.7607,421.8,5.84,280.97,1044.0,0.999,42.6,6312.0,4.127,1.464,13.768
K00678.01,CONFIRMED,6.0404622,1.98,241.0,1.3,118.56,841.0,0.508,14.9,5297.0,4.578,0.825,13.283
K00678.02,CONFIRMED,4.13852825,2.281,256.5,1.3,196.51,954.0,0.185,20.5,5297.0,4.578,0.825,13.283
K00723.01,CONFIRMED,3.936993144,1.887,1266.0,3.36,240.16,1004.0,0.801,59.3,5431.0,4.563,0.843,15.063
K00723.02,CONFIRMED,28.08185982,4.5288,1840.3,3.63,17.52,522.0,0.425,50.8,5431.0,4.563,0.843,15.063
K00111.02,CONFIRMED,23.66834635,5.8297,449.4,2.32,47.11,668.0,0.758,112.8,5979.0,4.394,1.005,12.596
K00723.03,CONFIRMED,10.08881066,1.7726,1995.9,4.71,68.62,734.0,0.921,51.4,5431.0,4.563,0.843,15.063
K07635.01,CANDIDATE,60.458443,8.43,175.2,1.59,16.14,511.0,0.451,9.7,5865.0,4.297,1.181,14.544
K00724.01,FALSE POSITIVE,6.97106919,3.9125,452.8,2.07,189.16,946.0,0.044,41.7,5871.0,4.493,0.983,15.04
K00624.03,CONFIRMED,1.311842968,1.7876,245.1,1.43,1410.6,1562.0,0.121,44.2,5569.0,4.474,0.927,13.597
K00625.01,FALSE POSITIVE,38.13853099,3.8617,1230.2,68.75,137.15,873.0,1.231,58.9,6481.0,3.861,2.343,13.592
K00626.01,CONFIRMED,14.58649856,4.0249,378.7,2.45,124.89,852.0,0.665,53.0,6063.0,4.29,1.191,13.49
K00626.02,CANDIDATE,8.0292018,3.462,65.6,0.99,276.27,1040.0,0.51,11.7,6063.0,4.29,1.191,13.49
K07639.01,FALSE POSITIVE,1.05569286,1.289,37.5,0.45,898.72,1395.0,0.131,7.1,4955.0,4.561,0.751,13.203
K00627.01,CONFIRMED,7.75192755,3.5413,407.3,1.89,124.47,852.0,0.546,77.3,5604.0,4.52,0.912,13.307
K00679.01,CONFIRMED,31.80475991,8.699,360.6,2.99,45.9,664.0,0.87,73.4,5867.0,4.235,1.356,13.178
K00679.02,CONFIRMED,16.2580276,6.375,47.0,0.92,112.41,830.0,0.131,11.5,5867.0,4.235,1.356,13.178
K00680.01,CONFIRMED,8.600153929,9.0015,4510.2,26.52,1986.75,1703.0,0.296,1208.1,6093.0,3.475,3.913,13.643
K00009.01,FALSE POSITIVE,3.719809197,3.5317,2958.2,87.21,2912.21,1873.0,1.279,373.9,6284.0,3.813,2.348,13.123
K07633.01,FALSE POSITIVE,0.73975345,4.2,481.8,2.09,2580.0,1818.0,0.525,86.2,5271.0,4.436,0.935,15.141
K00106.01,FALSE POSITIVE,1.612249049,4.235,154.0,50.98,12788.25,2713.0,1.171,45.4,6732.0,3.793,2.569,12.775
K00681.01,FALSE POSITIVE,44.258173075,7.58264,20541.7,37.38,120.38,845.0,0.815,1282.3,6544.0,3.839,2.326,13.204
K04062.01,FALSE POSITIVE,3.05933906,1.7332,1169.2,36.0,999.16,1434.0,1.259,37.7,6238.0,4.337,1.116,14.077
K04063.01,FALSE POSITIVE,0.624677585,2.411,37.3,1.28,87591.59,4391.0,0.522,31.0,9653.0,4.191,1.996,12.789
K04064.01,FALSE POSITIVE,0.759763198,3.083,202.5,1.2,2227.19,1752.0,0.571,30.8,5520.0,4.572,0.818,15.916
K04065.01,FALSE POSITIVE,372.37369,12.33,666.1,2.68,1.2,267.0,0.3052,15.6,6109.0,4.455,1.029,15.423
K04066.01,CONFIRMED,126.55719,8.079,366.4,4.59,17.85,524.0,0.965,24.8,6501.0,4.054,1.854,13.666
K04135.01,FALSE POSITIVE,12.435190544,3.8305,71.9,0.52,20.93,545.0,0.321,4.8,4756.0,4.676,0.62,14.844
K02289.02,CONFIRMED,20.0983676,5.207,157.8,1.58,85.34,775.0,0.02,20.9,6053.0,4.279,1.26,13.358
K07646.01,FALSE POSITIVE,85.112898,2.503,513.8,2.21,7.48,422.0,0.033,8.0,6018.0,4.485,0.975,15.681
K04136.01,CANDIDATE,2.41750021,4.33,58.2,1.19,1221.36,1507.0,0.895,15.2,5575.0,4.189,1.308,13.955
K04136.02,CANDIDATE,4.03357434,5.886,66.2,1.23,616.04,1270.0,0.855,15.5,5575.0,4.189,1.308,13.955
K04137.01,FALSE POSITIVE,0.504426087,1.6276,614.5,33.96,7077.76,2339.0,1.321,81.7,6043.0,4.452,0.901,15.213
K02220.04,CANDIDATE,7.66462913,3.614,114.1,1.6,353.31,1106.0,0.216,13.2,5640.0,4.087,1.515,14.686
K04067.01,CONFIRMED,9.6887216,2.0,655.5,3.09,250.25,1014.0,0.118,18.1,6457.0,4.358,1.196,14.158
K04068.01,CONFIRMED,19.597317,4.508,1014.1,3.78,47.9,671.0,0.87,23.7,5569.0,4.368,1.019,15.412
K04069.01,CONFIRMED,13.06243545,3.244,464.3,1.36,18.25,527.0,0.128,21.4,4522.0,4.615,0.655,14.885
K04070.01,FALSE POSITIVE,0.793663156,0.8244,186.2,1.14,1600.85,1614.0,0.4,23.7,5077.0,4.533,0.825,14.549
K04138.01,FALSE POSITIVE,2.81401302,5.801,55.7,1.51,2081.51,1723.0,0.567,33.8,5541.0,3.869,1.967,12.511
K04139.01,CONFIRMED,3.74031708,2.394,165.6,1.38,646.81,1287.0,0.277,15.6,6260.0,4.433,1.063,15.331
K07650.01,FALSE POSITIVE,0.851678507,2.028,67.9,0.85,2698.28,1840.0,0.418,9.1,5403.0,4.389,1.029,15.25
K04140.01,FALSE POSITIVE,205.30627,7.86,671.0,2.48,2.29,314.0,0.1543,6.4,6045.0,4.494,0.955,15.971
K04141.01,FALSE POSITIVE,0.978046982,2.6137,838.8,129.67,23083.37,3146.0,1.227,105.2,5100.0,3.368,4.569,13.211
K04142.01,FALSE POSITIVE,1.332566763,4.001,384.9,1.49,713.45,1318.0,0.474,18.2,5134.0,4.599,0.752,16.49
K04071.01,FALSE POSITIVE,1.89131005,5.687,155.6,6.4,1507.16,1590.0,1.035,18.7,5706.0,4.255,1.12,15.157
K04072.01,CONFIRMED,0.692978457,1.1366,61.0,2.24,24240.83,3186.0,0.938,20.9,6105.0,3.805,2.304,13.447
K04073.01,FALSE POSITIVE,87.140633,18.11,,,11.37,,,,,,,15.149
K04074.01,FALSE POSITIVE,185.53285,31.46,877.0,28.39,1.96,302.0,1.2682,19.9,5817.0,4.544,0.87,15.692
K04075.01,FALSE POSITIVE,0.885131111,3.377,93.2,0.9,2579.83,1818.0,0.715,23.4,5904.0,4.543,0.867,14.549
K04143.01,FALSE POSITIVE,1.85447373,2.665,306.8,1.33,527.79,1221.0,0.514,18.9,5341.0,4.609,0.743,15.699
K04144.01,CANDIDATE,0.487656278,1.0129,109.8,0.99,6647.8,2299.0,0.037,25.1,5957.0,4.506,0.937,14.374
K07642.01,FALSE POSITIVE,0.502622858,3.085,146.0,1.41,8838.66,2478.0,0.693,41.1,6029.0,4.385,1.098,14.564
K02298.02,CONFIRMED,31.8055128,3.979,141.7,0.63,4.84,378.0,0.476,10.9,4729.0,4.726,0.525,13.831
K04145.01,CANDIDATE,3.25424652,5.378,82.1,0.96,521.81,1220.0,0.665,18.3,5692.0,4.421,1.004,14.359
K04146.01,CONFIRMED,3.50472344,1.9464,90.7,0.8,254.49,1019.0,0.309,18.4,5115.0,4.477,0.854,13.632
K04076.01,CONFIRMED,124.827797,6.479,647.5,2.57,3.56,350.0,0.096,17.1,5349.0,4.353,1.032,15.259
K02220.05,CANDIDATE,11.9294568,3.193,132.3,1.05,95.42,797.0,0.3789,11.7,5975.0,4.48,0.9,14.686
K04077.01,FALSE POSITIVE,0.786260569,4.556,877.1,15.72,477.45,1192.0,1.226,246.0,4223.0,4.681,0.557,14.04
K04078.01,FALSE POSITIVE,0.597934463,3.1225,515.0,23.2,4834.45,2126.0,1.224,72.2,6052.0,4.539,0.863,15.248
K04079.01,FALSE POSITIVE,360.76458,21.22,383.7,60.3,0.52,216.0,1.7475,10.0,5513.0,4.616,0.724,14.659
K04147.01,FALSE POSITIVE,2.15292788,3.043,41.4,1.02,2708.61,1841.0,0.45,21.5,5851.0,3.969,1.555,12.643
K04148.01,FALSE POSITIVE,2.61585431,6.519,169.8,1.28,803.03,1358.0,0.577,26.9,6131.0,4.497,0.945,15.181
K04149.01,CANDIDATE,9.54699216,5.063,143.0,1.71,232.24,996.0,0.879,17.4,6274.0,4.357,1.232,14.718
K04149.02,CANDIDATE,14.708641,5.394,130.6,1.82,130.5,862.0,0.96,12.8,6274.0,4.357,1.232,14.718
K04150.01,CONFIRMED,31.3351094,6.071,264.9,1.99,46.53,666.0,0.706,16.7,6404.0,4.393,1.142,14.681
K04080.01,FALSE POSITIVE,1.061002863,1.962,142.4,1.06,1883.03,1679.0,0.337,15.7,5767.0,4.538,0.881,15.213
K04081.01,FALSE POSITIVE,363.35755,19.85,395.3,3.45,2.05,305.0,0.0406,13.9,5086.0,3.89,1.783,14.661
K04082.01,FALSE POSITIVE,0.924821319,2.594,122.4,1.1,3514.31,1963.0,0.401,24.3,6135.0,4.455,0.974,15.293
K04083.01,FALSE POSITIVE,4.4697452,5.33,241.5,2.43,574.11,1248.0,0.982,33.8,6102.0,4.316,1.125,13.726
K04084.01,CONFIRMED,214.881456,9.581,759.2,2.68,1.59,286.0,0.023,16.1,5323.0,4.378,0.995,15.188
K04154.02,FALSE POSITIVE,122.906853,15.97,819.7,3.55,3.08,338.0,0.974,19.9,5692.0,4.547,0.866,15.593
K04155.01,FALSE POSITIVE,12.422216754,6.5533,54.5,0.8,131.73,864.0,0.056,11.0,6231.0,4.424,1.084,13.598
K04156.01,CONFIRMED,4.85018974,5.676,64.5,1.1,344.04,1098.0,0.985,15.8,6032.0,4.485,0.973,13.809
K07651.01,FALSE POSITIVE,383.43595,11.059,1228.0,2.53,0.5,214.0,0.025,14.1,5576.0,4.615,0.729,15.27
K04157.01,CONFIRMED,3.82315697,2.388,47.2,0.77,638.38,1282.0,0.064,8.9,6202.0,4.422,1.122,12.692
K04158.01,FALSE POSITIVE,0.842336445,1.519,80.1,0.9,3367.24,1941.0,0.266,8.8,5765.0,4.415,0.998,13.319
K00142.02,FALSE POSITIVE,339.42934084,7.5,,,,,,,,,,13.113
K00255.02,CANDIDATE,13.6032081,2.592,180.5,0.75,5.85,397.0,0.777,9.4,3780.0,4.746,0.511,15.108
K04085.01,FALSE POSITIVE,0.914468919,2.695,3426.3,36.84,2978.16,1884.0,1.271,189.0,5762.0,4.415,0.989,14.582
K04086.01,FALSE POSITIVE,1.54039744,1.787,127.6,1.08,1267.95,1520.0,0.723,7.0,5649.0,4.421,0.884,14.608
K02243.02,CONFIRMED,8.45805119,2.998,258.7,2.52,367.05,1117.0,0.697,18.3,6172.0,4.198,1.471,14.806
K04087.01,CONFIRMED,101.1107014,8.029,878.1,1.61,0.65,229.0,0.046,24.1,4133.0,4.705,0.561,15.134
K04088.01,FALSE POSITIVE,0.907943645,1.9144,1028.9,49.37,5715.61,2219.0,1.356,53.7,6434.0,4.354,1.166,13.819
K04163.01,FALSE POSITIVE,94.446856,7.502,436.4,7.13,32.93,611.0,0.977,20.0,5780.0,3.729,2.478,13.939
K04164.01,FALSE POSITIVE,0.92565941,1.488,30.0,0.88,7600.86,2383.0,0.042,11.2,6058.0,4.135,1.612,12.6
K04165.01,FALSE POSITIVE,0.537110149,1.7976,92.0,32.19,24545.75,3195.0,1.106,41.1,5395.0,3.739,2.537,13.078
K04166.01,CONFIRMED,9.84262076,1.6018,626.4,2.41,97.62,801.0,0.234,16.8,5585.0,4.49,0.972,15.308
K04167.01,FALSE POSITIVE,2.99194823,4.39,99.6,0.78,255.16,1019.0,0.71,18.2,5269.0,4.62,0.727,14.395
K00435.05,CONFIRMED,62.3026877,7.509,859.3,3.05,10.05,454.0,0.712,45.0,5688.0,4.415,0.971,14.534
K02175.02,CONFIRMED,72.3826983,8.279,366.4,4.21,25.83,575.0,0.791,29.5,5508.0,3.897,1.988,12.848
K04019.01,FALSE POSITIVE,360.33012,15.16,1022.0,2.34,0.38,200.0,0.3698,12.2,5054.0,4.606,0.74,15.892
K04020.01,FALSE POSITIVE,0.566803149,1.643,246.0,1.93,7612.11,2380.0,0.822,52.6,6147.0,4.435,1.096,14.65
K07652.01,FALSE POSITIVE,15.3466028,4.966,238.5,3.64,480.12,1194.0,0.591,13.0,6771.0,3.934,2.259,14.335
K04021.01,CANDIDATE,7.23531329,3.338,112.2,1.53,501.36,1207.0,0.326,14.0,6422.0,4.219,1.421,13.166
K04089.01,FALSE POSITIVE,0.531106622,3.0293,5133.6,7.54,2371.49,1781.0,0.94,286.2,4978.0,4.539,0.762,15.169
K04090.01,FALSE POSITIVE,1.332547503,4.521,130.3,1.23,2062.92,1719.0,0.746,25.5,6077.0,4.471,0.999,15.164
K04091.01,CONFIRMED,225.585245,11.166,754.9,3.71,3.48,348.0,0.066,18.6,5929.0,4.243,1.363,14.9
K04092.01,CONFIRMED,24.4972683,5.43,449.1,2.74,64.25,722.0,0.817,19.5,6392.0,4.399,1.162,15.152
K07643.01,FALSE POSITIVE,4.20253859,5.389,31.5,0.71,394.08,1136.0,0.937,8.8,5596.0,4.343,1.015,13.598
K04093.01,FALSE POSITIVE,0.535578808,1.7973,193.6,33.97,16161.27,2870.0,1.225,38.3,6610.0,4.264,1.313,13.94
K04151.01,FALSE POSITIVE,0.89486317,2.657,172.0,1.19,2296.25,1764.0,0.65,16.1,5764.0,4.548,0.863,15.863
K04152.01,CANDIDATE,64.1862264,8.485,507.3,8.0,116.97,839.0,0.968,18.6,6951.0,3.766,2.758,12.972
K04153.01,CONFIRMED,4.62602867,0.643,346.9,1.65,247.34,1012.0,0.739,14.7,5834.0,4.566,0.797,14.667
K02303.02,CONFIRMED,8.93484887,2.579,135.9,1.83,377.25,1124.0,0.888,9.7,6688.0,4.304,1.347,13.827
K07647.01,FALSE POSITIVE,7.04716175,2.693,150.8,1.1,105.1,817.0,0.856,9.4,5496.0,4.592,0.776,15.13
K04154.01,FALSE POSITIVE,368.71479,16.46,1210.0,91.06,0.73,236.0,1.9265,10.9,5716.0,4.544,0.872,15.593
K04021.02,CANDIDATE,4.93211932,3.144,50.5,1.02,837.01,1372.0,0.034,7.5,6422.0,4.219,1.421,13.166
K04022.01,CANDIDATE,4.85819429,5.356,76.3,2.04,1904.91,1685.0,0.086,25.2,6109.0,3.78,2.326,13.269
K04023.01,FALSE POSITIVE,119.0192648,8.1,1977.0,4.44,3.53,350.0,0.79,31.1,5754.0,4.534,0.905,15.644
K04024.01,CONFIRMED,8.40693068,1.866,167.1,1.95,285.67,1048.0,0.015,6.8,5365.0,4.02,1.533,13.801
K07644.01,CANDIDATE,3.39904814,2.922,69.6,0.81,477.15,1191.0,0.596,8.1,5766.0,4.444,0.929,14.803
K04025.01,FALSE POSITIVE,0.974479091,1.866,221.2,1.19,1239.32,1513.0,0.224,25.3,5043.0,4.502,0.819,14.655
K04094.01,FALSE POSITIVE,3.57017774,4.473,79.6,57.36,331478.01,6119.0,0.094,8.9,3812.0,0.93,69.001,13.334
K04095.01,FALSE POSITIVE,1.10601182,2.577,52.9,0.77,3093.39,1903.0,0.532,15.5,6241.0,4.45,1.031,14.363
K04096.01,FALSE POSITIVE,6.873655305,3.5415,181.3,1.21,159.51,906.0,0.08,3.4,5668.0,4.492,0.912,14.046
K02250.02,CONFIRMED,0.626281766,1.1812,433.1,1.76,2011.27,1711.0,0.553,31.0,4922.0,4.505,0.823,15.622
K07648.01,CANDIDATE,1.183505016,1.275,116.6,0.8,658.87,1293.0,0.403,10.0,4832.0,4.592,0.746,15.424
K04097.01,CONFIRMED,2.790643481,0.6871,202.0,0.99,104.74,816.0,0.787,20.2,4353.0,4.681,0.603,13.435
K04159.01,CONFIRMED,0.971915957,1.6023,73.7,0.79,1591.27,1609.0,0.592,16.7,5196.0,4.458,0.889,14.5
K04160.01,CONFIRMED,3.03196812,1.723,81.5,0.9,614.2,1269.0,0.287,15.8,5755.0,4.402,0.993,13.421
K04161.01,FALSE POSITIVE,1.2940561,0.97,51.2,5.27,93976.84,4465.0,0.394,6.4,6635.0,3.092,7.146,12.855
K04162.01,FALSE POSITIVE,0.53936593,5.434,145.0,9.19,149399.93,5016.0,0.988,57.6,6341.0,3.301,5.302,12.915
K07640.01,FALSE POSITIVE,0.643703667,0.801,172.0,1.48,7305.66,2358.0,0.036,40.3,6161.0,4.362,1.114,13.791
K02357.02,CANDIDATE,15.9042402,2.093,444.8,3.79,131.11,863.0,0.876,13.3,5583.0,4.077,1.53,15.61
K04026.01,FALSE POSITIVE,0.735146413,5.053,275.4,168.34,195250.9,5366.0,1.192,78.0,6611.0,3.112,7.435,12.855
K04027.01,FALSE POSITIVE,0.827351796,2.1885,44.7,0.9,5583.73,2208.0,0.544,30.6,5609.0,4.141,1.31,12.9
K02193.02,CANDIDATE,4.16288745,0.678,391.7,1.32,80.23,763.0,0.4265,12.0,4478.0,4.615,0.651,15.658
K04028.01,FALSE POSITIVE,0.618952198,2.8244,8324.1,4.96,14.29,497.0,1.282,259.3,2661.0,5.283,0.116,13.593
K04029.01,FALSE POSITIVE,1.31723412,7.284,422.7,125.56,211468.1,5471.0,1.07,78.4,6740.0,2.816,12.08,13.449
K04097.02,CANDIDATE,4.44902309,1.373,88.9,0.55,56.19,699.0,0.034,10.4,4353.0,4.681,0.603,13.435
K04098.01,CANDIDATE,1.121733366,1.032,84.3,2.39,7641.15,2384.0,0.464,13.6,5023.0,3.682,2.571,13.875
K04099.01,CONFIRMED,4.95060632,1.719,309.5,1.28,145.23,885.0,0.458,17.4,5431.0,4.623,0.717,15.309
K04100.01,FALSE POSITIVE,379.08202,33.87,1609.1,23.99,0.97,253.0,1.181,23.2,5982.0,4.493,0.96,15.813
K04101.01,FALSE POSITIVE,366.31509,12.41,336.0,2.87,3.65,353.0,0.4314,13.0,6705.0,4.16,1.524,13.974
K04168.01,FALSE POSITIVE,0.536544193,2.918,159.5,0.9,2199.75,1745.0,0.267,25.3,5041.0,4.597,0.728,15.89
K04169.01,CONFIRMED,1.005205893,1.63,97.5,0.85,1893.23,1682.0,0.137,15.0,5718.0,4.549,0.863,14.658
K04170.01,FALSE POSITIVE,43.796785,18.84,256.3,20.79,20.4,542.0,1.187,21.2,6109.0,4.432,0.941,14.372
K04171.01,FALSE POSITIVE,0.952371227,3.926,352.5,21.96,2885.01,1870.0,1.2,42.6,6086.0,4.511,0.921,15.868
K04172.01,FALSE POSITIVE,1.089088292,1.8599,141.7,1.28,3167.63,1914.0,0.291,1.8,6194.0,4.445,1.069,15.693
K02360.02,FALSE POSITIVE,1.1518407,2.53,,,,,,,,,,15.206
K04030.01,FALSE POSITIVE,7.7553808,22.321,839.6,22.2,107.76,822.0,1.235,55.9,5607.0,4.539,0.766,15.553
K04031.01,FALSE POSITIVE,0.730949487,2.367,87.3,1.27,6730.38,2311.0,0.86,15.8,6238.0,4.365,1.191,14.184
K04032.01,CONFIRMED,3.95116635,2.566,60.9,0.83,427.07,1160.0,0.374,20.4,5574.0,4.354,1.065,12.639
K04032.02,CONFIRMED,2.89223998,2.521,44.3,0.7,647.55,1287.0,0.017,17.3,5574.0,4.354,1.065,12.639
K04033.01,FALSE POSITIVE,0.991552822,1.135,607.2,37.93,10148.8,2558.0,1.158,17.3,5908.0,3.888,1.862,11.968
K04102.01,FALSE POSITIVE,1.89124187,4.415,105.8,0.93,698.9,1312.0,0.198,20.8,5285.0,4.474,0.927,14.486
K07641.01,CANDIDATE,3.79437277,2.289,83.2,1.36,865.53,1383.0,0.05,7.7,5455.0,4.025,1.507,14.816
K04103.01,CONFIRMED,184.77271,9.568,951.4,2.41,1.21,268.0,0.04,21.0,5273.0,4.566,0.801,14.838
K04104.01,FALSE POSITIVE,392.49728,10.53,1062.0,2.82,0.68,232.0,0.1658,14.5,5737.0,4.544,0.872,15.814
K04105.01,CANDIDATE,363.41165,14.79,961.7,3.14,1.12,263.0,0.3923,17.4,6025.0,4.472,0.999,15.445
K02257.02,CONFIRMED,59.284064,5.42,424.4,1.81,6.14,401.0,0.556,13.1,5225.0,4.505,0.859,15.48
K04034.01,CONFIRMED,6.96704926,3.73,213.7,6.14,2341.58,1774.0,0.906,18.6,6303.0,3.595,3.53,13.487
K04035.01,FALSE POSITIVE,8.8109721,4.822,24048.0,47.94,142.58,881.0,1.227,26.0,5780.0,4.438,1.0,18.533
K04036.01,CONFIRMED,168.81133,6.582,614.4,1.69,0.8,241.0,0.083,15.3,4798.0,4.62,0.707,14.061
K02194.02,CONFIRMED,67.968656,7.948,321.8,1.71,9.09,443.0,0.317,27.3,5670.0,4.387,0.95,13.865
K04037.01,CANDIDATE,215.956008,10.425,392.7,3.36,4.03,361.0,0.959,23.3,6163.0,4.27,1.313,12.853
K04038.01,FALSE POSITIVE,2.15681538,5.115,106.5,1.06,1114.9,1473.0,0.615,22.6,6084.0,4.45,0.983,14.758
K04106.01,FALSE POSITIVE,0.708563091,6.347,414.5,15.38,1501.41,1587.0,1.196,90.8,5271.0,4.669,0.648,15.017
K07645.01,CANDIDATE,2.00870696,4.87,53.5,0.55,542.87,1232.0,0.194,12.2,5341.0,4.526,0.759,12.334
K04107.01,FALSE POSITIVE,366.24282,15.76,733.7,2.4,0.75,237.0,0.235,18.2,5713.0,4.541,0.893,15.501
K04108.01,FALSE POSITIVE,1.33256418,4.701,162.3,0.81,602.26,1262.0,0.559,20.7,5157.0,4.641,0.62,15.86
K04109.01,CANDIDATE,0.655939788,1.318,73.0,1.48,7986.43,2411.0,0.301,18.7,4968.0,3.924,1.755,14.511
K04110.01,FALSE POSITIVE,12.4258833,24.83,93.6,2.19,242.04,1006.0,0.982,34.4,5611.0,3.933,1.632,13.369
K04039.01,FALSE POSITIVE,1.387838134,2.252,136.8,1.24,2378.53,1783.0,0.38,20.4,6273.0,4.442,1.044,15.167
K04040.01,FALSE POSITIVE,0.678349364,3.092,486.0,19.06,2737.73,1844.0,1.187,12.0,5569.0,4.566,0.829,14.261
K04041.01,FALSE POSITIVE,1.022028468,8.866,1344.5,26.91,1755.39,1649.0,1.247,184.5,5445.0,4.456,0.855,14.592
K04042.01,FALSE POSITIVE,0.72359699,1.326,495.6,6.73,114645.28,4699.0,0.608,14.8,8855.0,3.818,2.858,14.338
K04043.01,FALSE POSITIVE,1.6156052,14.55,1582.0,34.69,5539.33,2202.0,1.149,253.1,6770.0,4.15,1.623,13.391
K04111.01,FALSE POSITIVE,1.8913182,4.374,202.3,0.9,221.36,983.0,0.439,17.6,4476.0,4.627,0.633,15.171
K07649.01,FALSE POSITIVE,494.165759,2.239,1440.0,4.5,1.17,265.0,0.41,7.4,6392.0,4.399,1.162,15.404
K04112.01,FALSE POSITIVE,2.43585046,2.088,60.5,2.6,9880.82,2544.0,0.471,14.9,6501.0,3.613,3.247,13.464
K04113.01,FALSE POSITIVE,1.33255441,3.828,106.7,1.12,2180.2,1743.0,0.649,15.1,6099.0,4.456,1.028,15.708
K04114.01,FALSE POSITIVE,359.1015,11.461,496.5,2.37,1.56,285.0,0.317,12.9,6373.0,4.438,1.047,14.821
K04115.01,FALSE POSITIVE,0.941840589,5.06,388.3,27.05,5547.35,2200.0,1.198,23.0,6419.0,4.33,1.142,13.956
K04044.01,FALSE POSITIVE,1.728521892,3.361,92.2,1.19,1869.82,1678.0,0.719,30.2,5872.0,4.282,1.157,12.861
K04045.01,FALSE POSITIVE,1.89125855,5.415,67.9,0.81,1839.74,1671.0,0.677,24.8,6569.0,4.41,0.927,13.517
K04046.01,FALSE POSITIVE,8.65312868,3.376,508.6,20.38,127.5,857.0,1.185,22.6,5880.0,4.525,0.893,15.534
K02195.02,CONFIRMED,30.0899459,6.654,242.6,2.25,44.79,660.0,0.907,16.6,6056.0,4.332,1.209,14.881
K04047.01,FALSE POSITIVE,1.39862757,9.625,45.5,2.39,38048.23,3562.0,0.617,59.6,7872.0,3.732,3.367,11.915
K00435.06,CONFIRMED,9.91937693,4.326,186.7,1.32,116.43,838.0,0.163,18.8,5688.0,4.415,0.971,14.534
K07671.01,FALSE POSITIVE,0.918510251,2.587,52.6,1.77,14485.22,2795.0,0.622,20.3,5837.0,3.791,2.338,13.815
K02263.02,CONFIRMED,9.47850818,6.154,184.6,1.47,189.14,946.0,0.112,26.7,6249.0,4.428,1.076,14.456
K04116.01,FALSE POSITIVE,0.783258387,2.2926,328.5,1.28,1395.69,1559.0,0.2514,28.5,5067.0,4.565,0.715,15.729
K04117.01,CONFIRMED,4.24263096,2.582,187.6,1.1,174.24,926.0,0.201,15.9,5072.0,4.521,0.825,14.955
K04118.01,FALSE POSITIVE,1.231363214,5.8101,4774.7,10.75,1973.12,1699.0,0.969,112.7,5780.0,4.438,1.0,17.661
K04119.01,FALSE POSITIVE,0.755101928,3.044,119.8,0.91,2287.46,1763.0,0.464,18.1,5465.0,4.535,0.819,15.443
K04048.01,FALSE POSITIVE,4.56447463,6.415,208.4,1.13,156.74,902.0,0.508,42.6,5270.0,4.596,0.77,14.34
K04049.01,FALSE POSITIVE,1.027904857,1.6381,2381.2,30.48,1769.2,1653.0,1.261,117.8,5432.0,4.446,0.872,15.32
K04050.01,FALSE POSITIVE,367.95566,21.877,1414.1,3.62,0.27,183.0,0.957,13.7,4723.0,4.611,0.696,15.964
K04051.01,CONFIRMED,163.692336,6.853,1138.0,2.75,1.34,274.0,0.028,21.0,4999.0,4.49,0.843,15.031
K04052.01,FALSE POSITIVE,1.106529843,6.258,319.5,1.91,1746.73,1649.0,0.974,69.2,5932.0,4.58,0.798,15.144
K07672.01,FALSE POSITIVE,111.741576,3.83,238.8,6.88,49.4,676.0,0.057,9.9,5267.0,3.338,4.525,13.075
K04120.01,CANDIDATE,110.461746,12.46,331.2,1.93,7.34,420.0,0.036,15.8,6321.0,4.434,1.058,15.092
K04121.01,CONFIRMED,198.088873,7.955,1027.7,3.24,1.63,288.0,0.633,18.0,5275.0,4.397,0.969,15.717
K04122.01,FALSE POSITIVE,1.08193721,4.788,115.3,0.77,870.17,1385.0,0.168,14.4,4965.0,4.555,0.736,15.471
K04123.01,CANDIDATE,44.6226725,12.974,131.9,1.73,33.39,613.0,0.931,20.6,6198.0,4.252,1.239,13.519
K04124.01,FALSE POSITIVE,2.43142974,2.713,146.6,1.17,852.0,1378.0,0.2234,10.7,5750.0,4.364,0.965,14.539
K04053.01,CONFIRMED,1.41975831,1.429,60.9,0.85,1968.38,1700.0,0.644,8.1,5925.0,4.394,1.035,12.801
K04054.01,CONFIRMED,169.135056,8.931,640.7,2.21,1.31,273.0,0.754,24.5,5171.0,4.545,0.801,14.566
K04055.01,FALSE POSITIVE,0.73095491,2.206,29.6,0.88,12770.31,2711.0,0.415,7.5,6454.0,4.163,1.587,12.028
K04056.01,CONFIRMED,3.951383138,1.0582,405.7,23.51,324.78,1083.0,1.217,23.9,5570.0,4.458,0.899,14.368
K02195.03,CONFIRMED,6.84978728,4.919,139.2,1.83,322.19,1081.0,0.954,17.0,6056.0,4.332,1.209,14.881
K07673.01,CANDIDATE,80.769893,4.2,128.5,1.87,12.07,475.0,0.158,6.7,4965.0,3.961,1.708,13.026
K04125.01,FALSE POSITIVE,1.111362442,6.24,133.9,2.86,14894.75,2820.0,0.715,36.8,6486.0,3.872,2.308,12.845
K02287.02,CONFIRMED,28.9060526,3.099,99.0,0.79,6.94,414.0,0.863,13.3,4657.0,4.641,0.67,12.485
K04126.01,CONFIRMED,8.10503551,4.459,209.9,1.45,199.74,959.0,0.353,16.5,6201.0,4.472,0.989,15.353
K04127.01,CONFIRMED,8.82715783,2.019,368.6,1.67,95.25,797.0,0.249,11.1,5550.0,4.539,0.878,15.247
K04128.01,FALSE POSITIVE,143.196381,10.424,618.1,6.64,4.95,380.0,1.017,17.4,6007.0,4.333,1.06,14.034
K04057.01,FALSE POSITIVE,9.089151782,3.1886,110.1,4.35,2754.19,1848.0,0.043,7.1,6729.0,3.493,4.099,12.972
K04058.01,FALSE POSITIVE,1.87886973,3.876,181.9,1.04,553.59,1236.0,0.657,23.9,5448.0,4.613,0.734,13.907
K04059.01,FALSE POSITIVE,0.979161676,2.942,160.2,1.03,1357.43,1548.0,0.634,20.2,5390.0,4.591,0.78,15.278
K04060.01,CANDIDATE,225.26213,14.459,389.2,2.36,2.77,329.0,0.349,24.6,5799.0,4.276,1.191,13.841
K04061.01,FALSE POSITIVE,0.855922327,1.514,130.9,0.87,1782.11,1658.0,0.009,21.1,5437.0,4.539,0.759,14.663
K07674.01,FALSE POSITIVE,25.9528725,12.434,164.1,1.53,55.82,697.0,0.741,16.9,6370.0,4.41,1.106,13.812
K04129.01,CANDIDATE,2.31482311,2.127,58.6,0.69,554.4,1237.0,0.067,14.2,5240.0,4.428,0.923,13.506
K04130.01,FALSE POSITIVE,0.952374508,3.006,204.8,1.13,1006.13,1435.0,0.013,33.0,4754.0,4.508,0.821,15.611
K04131.01,FALSE POSITIVE,0.936751792,5.658,26.4,2.07,50168.18,3814.0,0.991,23.0,7843.0,3.829,2.909,13.205
K04132.01,FALSE POSITIVE,393.34331,9.481,1750.0,2.27,0.09,140.0,0.2607,21.2,3994.0,4.717,0.554,15.646
K04133.01,FALSE POSITIVE,0.621361411,1.0628,45.0,1.12,17004.65,2913.0,0.017,24.6,6234.0,4.046,1.66,12.696
K04134.01,FALSE POSITIVE,250.23760741,16.58,,,,,,,,,,15.974
K04341.01,CANDIDATE,10.778313,5.256,90.7,1.25,306.18,1067.0,0.591,12.5,6726.0,4.262,1.258,13.264
K04342.01,FALSE POSITIVE,0.594310785,0.9994,112.5,0.91,4338.76,2068.0,0.161,15.7,5931.0,4.554,0.845,15.349
K04343.01,CONFIRMED,27.2106807,10.515,99.4,1.73,65.27,725.0,0.973,16.9,5973.0,4.171,1.305,13.694
K04344.01,FALSE POSITIVE,4.31978105,7.204,65.8,3.87,4693.13,2111.0,0.7702,23.5,5519.0,3.303,4.368,12.846
K04345.01,CANDIDATE,4.32710895,1.387,108.9,26.6,900.23,1397.0,1.158,12.9,5776.0,4.018,1.455,13.404
K02859.04,CANDIDATE,2.90512019,2.293,61.2,0.57,314.96,1075.0,0.417,13.2,5374.0,4.555,0.721,13.851
K04409.01,CONFIRMED,14.2651545,3.601,66.3,1.06,125.45,853.0,0.353,13.9,5825.0,4.237,1.291,12.515
K04410.01,CANDIDATE,5.04404366,1.682,236.5,1.47,318.92,1078.0,0.08,11.6,6039.0,4.493,0.951,15.744
K04411.01,CONFIRMED,11.17931581,3.103,90.6,1.81,426.61,1159.0,0.381,12.0,6292.0,4.014,1.873,13.352
K04412.01,FALSE POSITIVE,1.284991846,2.274,29.1,1.17,9065.72,2491.0,0.485,15.3,6060.0,3.852,2.106,12.923
K04205.01,CANDIDATE,1.166960319,1.6823,97.8,0.88,1534.29,1596.0,0.033,17.9,5632.0,4.537,0.904,14.391
K07653.01,FALSE POSITIVE,324.18028,18.15,87.9,2.2,5.01,382.0,0.733,10.9,5792.0,3.835,2.183,12.092
K04206.01,FALSE POSITIVE,0.530959357,2.417,84.4,0.69,2764.64,1852.0,0.348,22.0,5325.0,4.607,0.75,15.049
K04207.01,CANDIDATE,0.701944362,0.641,210.8,0.8,535.78,1227.0,0.07,17.1,4236.0,4.698,0.539,15.397
K04208.01,CANDIDATE,3.05772668,1.819,311.0,1.23,141.1,878.0,0.007,13.7,4483.0,4.57,0.731,15.745
K04209.01,CANDIDATE,9.9092109,2.552,942.0,2.35,54.54,693.0,0.755,6.4,5396.0,4.632,0.702,15.96
K04275.01,FALSE POSITIVE,0.996864568,1.098,86.7,0.77,1505.33,1588.0,0.644,21.4,5418.0,4.524,0.782,13.681
K07661.01,FALSE POSITIVE,0.673684895,1.161,51.1,0.7,3803.56,2001.0,0.547,7.0,5645.0,4.453,0.951,14.42
K04276.01,CONFIRMED,56.644452,16.551,104.6,2.44,68.37,733.0,0.579,21.8,6237.0,3.862,2.295,12.561
K04277.01,FALSE POSITIVE,1.710319812,2.983,43.6,0.56,978.84,1426.0,0.559,19.1,5774.0,4.524,0.825,13.388
K04278.01,FALSE POSITIVE,5.62978034,5.847,379.2,1.61,154.59,899.0,0.08,19.1,5497.0,4.57,0.839,15.993
K04279.01,FALSE POSITIVE,1.050852976,1.6788,41694.0,45.89,2423.97,1791.0,1.111,143.0,5780.0,4.438,1.0,17.172
K04346.01,CANDIDATE,6.39269778,2.138,174.3,1.21,148.31,890.0,0.011,11.3,5248.0,4.416,0.943,14.93
K07664.01,FALSE POSITIVE,1.540398683,1.5676,73.0,12.65,114263.25,4689.0,0.47,4.8,4971.0,2.373,14.678,13.254
K04347.01,CONFIRMED,3.0570982,3.571,144.0,0.99,493.09,1202.0,0.104,15.7,6021.0,4.57,0.819,14.803
K04348.01,FALSE POSITIVE,365.25921,13.74,529.0,2.39,1.23,268.0,0.0035,12.8,5993.0,4.415,1.042,15.413
K02585.03,CANDIDATE,7.87845756,3.912,44.1,0.78,226.11,989.0,0.562,10.5,5767.0,4.287,1.135,13.455
K04349.01,FALSE POSITIVE,372.72688,12.751,331.7,3.52,2.67,326.0,0.9082,17.0,6148.0,4.147,1.615,13.473
K04413.01,FALSE POSITIVE,9.9398272,4.1198,478.6,101.71,106.5,819.0,1.973,4.3,5798.0,4.507,0.941,15.579
K04414.01,FALSE POSITIVE,0.866346,2.011,116.4,1.24,5186.18,2165.0,0.409,13.9,6241.0,4.366,1.131,13.789
K04415.01,FALSE POSITIVE,0.885129679,3.156,177.3,1.21,2373.06,1780.0,0.651,21.2,5792.0,4.547,0.864,15.766
K04416.01,FALSE POSITIVE,56.898749,3.522,514.0,6.33,355.22,1107.0,0.4491,6.2,9189.0,3.864,2.692,11.96
K04417.01,FALSE POSITIVE,0.438153876,1.3885,164.8,14.0,8008.07,2407.0,1.124,33.4,6032.0,4.508,0.929,14.84
K04210.01,FALSE POSITIVE,398.40957,11.486,880.3,3.33,1.44,279.0,0.1165,11.0,6251.0,4.378,1.119,15.244
K04211.01,FALSE POSITIVE,0.696286519,3.194,120.8,1.34,3537.89,1969.0,0.985,19.7,5904.0,4.543,0.867,15.034
K04212.01,CONFIRMED,5.79179934,3.474,118.5,1.69,528.14,1222.0,0.896,17.7,6174.0,4.244,1.318,13.96
K00571.05,CONFIRMED,129.945392,5.786,500.1,1.18,0.23,177.0,0.909,13.1,3751.0,4.8,0.443,14.625
K02433.04,CANDIDATE,27.9040511,5.346,300.2,2.19,49.53,677.0,0.854,12.8,6325.0,4.409,1.112,15.212
K04280.01,FALSE POSITIVE,1.39772545,4.129,181.3,1.58,2275.72,1763.0,0.644,17.9,6006.0,4.38,1.114,15.012
K02505.02,FALSE POSITIVE,12.4246697,44.07,424.0,168.91,344.8,1099.0,1.9583,116.9,6550.0,4.094,1.59,13.398
K04281.01,FALSE POSITIVE,383.00806,9.71,632.1,2.2,0.72,235.0,0.0358,7.6,5750.0,4.538,0.882,15.371
K04282.01,FALSE POSITIVE,0.847588864,2.246,67.1,0.91,5000.82,2144.0,0.507,21.3,6335.0,4.427,1.072,14.263
K04283.01,FALSE POSITIVE,331.81534,10.56,370.3,1.84,1.2,267.0,0.1599,7.8,6029.0,4.494,0.956,15.027
K04350.01,FALSE POSITIVE,1.75649346,3.429,27.5,1.62,13425.76,2745.0,0.242,13.3,6619.0,3.718,3.05,13.306
K04351.01,CANDIDATE,0.644322147,0.893,1076.6,24.39,1516.94,1592.0,1.3275,79.6,5136.0,4.648,0.612,14.999
K04352.01,FALSE POSITIVE,1.8912501,7.648,731.0,23.5,427.26,1159.0,1.24,31.6,4883.0,4.523,0.794,16.159
K04353.01,CANDIDATE,17.8075656,1.643,1511.0,3.92,71.56,742.0,0.474,11.8,6194.0,4.45,0.981,15.574
K04354.01,FALSE POSITIVE,0.996023763,5.412,98.3,18.36,3727.96,1991.0,1.147,21.3,6110.0,4.387,1.077,14.705
K04355.01,FALSE POSITIVE,36.616669,8.62,237.4,1.68,21.35,548.0,0.3646,3.4,5780.0,4.438,1.0,13.482
K04418.01,CANDIDATE,333.03842,5.948,1260.0,3.19,0.89,247.0,0.2184,7.0,5743.0,4.534,0.903,15.954
K02949.02,CANDIDATE,3.75030469,3.246,35.5,0.87,842.07,1374.0,0.77,10.3,5866.0,4.191,1.339,13.313
K04419.01,CANDIDATE,0.259819659,0.6513,231.5,1.22,1410.9,1559.0,0.972,24.1,3939.0,4.736,0.526,15.174
K04420.01,FALSE POSITIVE,0.566795467,4.712,38.2,0.67,6076.99,2254.0,0.504,25.8,5642.0,4.337,1.056,13.867
K04421.01,CANDIDATE,4.72693131,4.036,26.2,0.61,495.58,1203.0,0.065,11.5,5950.0,4.323,1.196,12.788
K04212.02,CANDIDATE,10.0989634,6.428,57.0,1.03,251.36,1016.0,0.529,8.9,6174.0,4.244,1.318,13.96
K04213.01,FALSE POSITIVE,3.67515329,7.083,56.0,0.71,414.64,1150.0,0.73,16.7,5968.0,4.534,0.881,13.997
K04214.01,FALSE POSITIVE,0.715825886,1.212,40.6,0.58,3196.46,1920.0,0.099,11.0,5640.0,4.486,0.909,13.467
K04215.01,CONFIRMED,26.5487294,7.968,142.0,2.54,115.61,836.0,0.21,15.3,5456.0,3.802,2.154,13.961
K04216.01,FALSE POSITIVE,0.492291661,0.894,1107.6,3.42,2415.37,1788.0,0.957,62.0,4971.0,4.566,0.718,15.986
K07654.01,FALSE POSITIVE,1.6911935,9.479,2801.0,6.36,1292.5,1528.0,0.903,26.7,5780.0,4.438,1.0,12.95
K04284.01,FALSE POSITIVE,2.42803503,3.045,73.8,0.85,1249.87,1516.0,0.057,8.8,6609.0,4.484,0.974,14.049
K04285.01,FALSE POSITIVE,372.94844,13.879,253.5,1.34,0.7,233.0,0.4268,17.1,5763.0,4.559,0.827,13.962
K04286.01,FALSE POSITIVE,0.787120016,3.1648,265.5,23.81,3579.78,1972.0,1.263,43.3,6112.0,4.481,0.787,14.964
K04287.01,CANDIDATE,13.12297275,2.234,43.7,1.29,266.05,1030.0,0.885,12.9,6134.0,4.065,1.665,11.265
K04288.01,CONFIRMED,6.28384079,4.291,35.7,0.73,356.49,1108.0,0.101,14.9,5888.0,4.275,1.227,12.4
K04355.02,FALSE POSITIVE,21.131609,13.66,73.5,0.94,44.45,659.0,0.0731,6.5,5780.0,4.438,1.0,13.482
K04355.03,FALSE POSITIVE,81.675841,11.53,143.4,1.31,7.33,420.0,0.3455,7.0,5780.0,4.438,1.0,13.482
K04355.04,FALSE POSITIVE,28.5463574,9.29,153.3,1.35,29.76,596.0,0.2411,10.1,5780.0,4.438,1.0,13.482
K02590.02,CANDIDATE,22.7909233,9.565,53.6,1.38,130.75,862.0,0.871,19.4,6311.0,4.116,1.642,11.638
K04355.05,FALSE POSITIVE,72.563291,3.088,332.3,1.99,8.58,436.0,0.4863,6.4,5780.0,4.438,1.0,13.482
K04356.01,CONFIRMED,174.510276,6.689,1530.0,1.74,0.28,186.0,0.024,14.8,4367.0,4.822,0.452,15.873
K04357.01,CANDIDATE,0.681180633,0.8844,156.4,2.97,14116.16,2782.0,0.31,16.6,4939.0,3.635,2.377,15.069
K04422.01,FALSE POSITIVE,15.705388,4.871,283.7,3.3,459.41,1181.0,0.6449,10.6,7454.0,4.107,1.853,13.362
K04423.01,FALSE POSITIVE,7.65270746,79.8969,641.1,3.21,226.81,989.0,0.97,254.3,6328.0,4.481,0.963,13.099
K04424.01,CONFIRMED,2.27164952,4.054,82.4,0.97,1269.46,1522.0,0.01,12.7,6274.0,4.434,1.062,15.332
K04425.01,FALSE POSITIVE,3.84835742,10.18,84.2,0.77,288.62,1051.0,0.671,32.8,5709.0,4.57,0.798,13.656
K04426.01,CANDIDATE,369.13236,10.34,215.9,2.14,2.73,328.0,0.0824,11.9,6282.0,4.151,1.449,13.665
K04217.01,FALSE POSITIVE,1.0388961,4.755,600.8,114.1,9145.54,2494.0,1.7017,14.7,7043.0,4.264,1.45,12.114
K04218.01,FALSE POSITIVE,293.76887,4.68,462.0,1.97,1.28,271.0,0.753,4.0,6074.0,4.522,0.847,15.099
K04219.01,FALSE POSITIVE,1.87885327,3.302,120.9,0.97,922.49,1406.0,0.513,12.1,5851.0,4.534,0.863,13.689
K04220.01,FALSE POSITIVE,0.785473311,1.3911,339.6,1.61,2325.64,1769.0,0.389,57.0,5356.0,4.466,0.871,14.333
K04221.01,FALSE POSITIVE,5.2438982,7.881,162.2,1.24,262.14,1026.0,0.644,18.7,5804.0,4.473,0.927,15.563
K04288.02,CANDIDATE,9.08745206,3.786,35.1,0.73,217.95,980.0,0.341,11.7,5888.0,4.275,1.227,12.4
K04289.01,FALSE POSITIVE,441.877824,6.647,1300.0,39.55,0.15,158.0,1.5335,15.2,4437.0,4.629,0.635,15.05
K07655.01,FALSE POSITIVE,2.9761504,6.079,259.5,1.02,102.54,811.0,0.064,8.3,4236.0,4.612,0.664,15.104
K02529.02,CONFIRMED,64.0019669,4.724,1112.5,2.48,2.55,322.0,0.701,14.2,4652.0,4.617,0.697,15.856
K04290.01,CONFIRMED,4.83809469,1.096,1544.0,0.79,3.7,354.0,0.014,11.3,3187.0,5.091,0.2,17.058
K04291.01,FALSE POSITIVE,361.91436,8.68,228.2,1.84,1.84,297.0,0.6901,13.0,6247.0,4.309,1.147,13.971
K04292.01,CONFIRMED,9.3281912,3.991,45.2,0.59,91.02,788.0,0.044,13.7,5525.0,4.514,0.888,12.897
K04358.01,CANDIDATE,106.957467,7.006,539.6,2.4,5.7,394.0,0.705,11.7,6075.0,4.486,0.969,15.716
K04359.01,FALSE POSITIVE,0.629001455,1.263,14.7,0.81,30567.67,3375.0,0.365,9.4,6739.0,3.948,2.059,11.283
K04360.01,CONFIRMED,2.71603664,1.744,98.5,1.05,807.43,1360.0,0.44,13.1,6011.0,4.452,1.041,14.801
K04361.01,CANDIDATE,75.8781344,1.383,1054.0,3.39,7.18,417.0,0.705,11.9,5579.0,4.413,0.972,15.183
K04362.01,FALSE POSITIVE,374.59003,15.19,267.9,1.34,0.62,227.0,0.0624,6.6,5497.0,4.508,0.827,14.878
K04427.01,CANDIDATE,147.661729,6.207,1087.8,1.59,0.23,176.0,0.002,13.2,3788.0,4.774,0.49,15.645
K04428.01,CANDIDATE,13.00291716,3.058,225.3,1.28,60.11,710.0,0.701,14.0,5796.0,4.575,0.8,14.634
K07665.01,FALSE POSITIVE,319.30633,6.74,155.2,1.26,1.44,279.0,0.092,7.2,6095.0,4.459,1.014,13.327
K02972.02,CANDIDATE,42.0292298,8.499,373.7,2.33,26.46,578.0,0.015,14.5,5850.0,4.297,1.217,15.085
K04429.01,FALSE POSITIVE,1.75254087,4.098,42.5,1.41,8141.84,2423.0,0.5574,17.7,6660.0,3.894,2.074,12.58
K04430.01,CANDIDATE,0.505111993,0.4053,212.8,1.58,2970.58,1886.0,0.841,18.7,5262.0,4.59,0.783,15.544
K02433.05,FALSE POSITIVE,0.646745436,1.188,115.6,1.49,7468.24,2373.0,0.942,14.3,6325.0,4.409,1.112,15.212
K04222.01,CONFIRMED,3.38557445,1.879,121.9,1.63,1122.9,1476.0,0.129,13.1,5718.0,4.069,1.48,13.767
K04223.01,FALSE POSITIVE,2.754024,4.15,172.2,1.68,1374.41,1553.0,0.7277,13.8,6419.0,4.321,1.188,14.059
K04224.01,FALSE POSITIVE,1.975208831,1.513,76.3,1.59,4299.89,2064.0,0.559,15.1,6401.0,4.029,1.744,13.609
K04225.01,FALSE POSITIVE,0.960843605,3.22,141.7,19.15,3120.32,1904.0,1.143,25.5,5708.0,4.378,1.129,14.92
K04293.01,FALSE POSITIVE,4.206109,5.16,120.0,0.91,235.01,999.0,0.607,11.9,5480.0,4.522,0.802,15.316
K04294.01,FALSE POSITIVE,0.962590772,1.2569,1021.6,31.51,3989.37,2026.0,1.236,90.4,6274.0,4.434,1.062,14.843
K04295.01,CONFIRMED,13.3997555,3.534,167.3,1.51,145.65,886.0,0.375,13.6,6401.0,4.389,1.15,14.924
K04296.01,CANDIDATE,2.49385348,1.414,46.9,0.59,579.64,1251.0,0.331,12.3,5615.0,4.477,0.85,13.03
K07656.01,FALSE POSITIVE,0.776950288,1.288,396.0,1.72,2974.07,1882.0,0.047,25.8,5861.0,4.546,0.865,15.832
K04297.01,FALSE POSITIVE,5.93725628,3.639,115.6,0.86,148.97,891.0,0.351,17.1,5428.0,4.494,0.799,14.702
K04363.01,CANDIDATE,18.22211768,2.044,2318.0,7.45,34.99,620.0,0.973,15.2,5162.0,4.411,0.958,16.084
K04364.01,CONFIRMED,4.56383697,2.271,201.8,1.22,218.18,980.0,0.365,9.9,5408.0,4.496,0.861,15.448
K02722.05,CANDIDATE,16.5340022,4.063,89.2,1.17,106.21,819.0,0.525,9.3,6052.0,4.285,1.202,13.268
K04365.01,FALSE POSITIVE,55.119831,4.703,114.5,1.68,35.48,622.0,0.6049,8.2,6297.0,4.155,1.506,12.211
K04365.02,FALSE POSITIVE,25.6416117,5.5,126.4,1.76,98.5,803.0,0.5744,4.9,6297.0,4.155,1.506,12.211
K04439.01,FALSE POSITIVE,1.33258455,5.77,152.7,15.89,1884.66,1680.0,1.141,8.1,6039.0,4.493,0.951,15.556
K04440.01,FALSE POSITIVE,350.81029,11.29,538.3,2.86,1.51,282.0,0.3892,15.1,5841.0,4.321,1.226,14.982
K04441.01,CONFIRMED,0.341842017,1.1554,285.6,1.72,3991.16,2023.0,0.957,70.1,5016.0,4.601,0.747,14.915
K04442.01,CANDIDATE,13.9482197,7.686,119.4,2.53,301.8,1063.0,0.197,14.5,5529.0,3.808,2.346,14.305
K04443.01,CANDIDATE,5.67577999,3.554,51.2,1.22,802.11,1357.0,0.91,11.2,6681.0,4.233,1.438,13.802
K07666.01,FALSE POSITIVE,0.570953851,0.998,76.1,1.01,8688.17,2464.0,0.059,8.9,6238.0,4.396,1.145,15.212
K04226.01,CANDIDATE,49.564693,8.54,113.5,1.63,28.19,588.0,0.685,15.0,5907.0,4.212,1.442,12.83
K04227.01,FALSE POSITIVE,4.29258258,3.069,369.6,1.87,428.77,1161.0,0.339,16.1,6137.0,4.487,0.963,15.888
K04228.01,FALSE POSITIVE,0.960842633,2.6441,2022.9,67.53,14655.53,2808.0,1.341,176.1,7381.0,4.186,1.597,13.402
K04229.01,FALSE POSITIVE,14.5893928,15.54,,,102.46,,,,,,,12.616
K04230.01,CONFIRMED,5.49548533,2.461,85.8,1.3,661.04,1293.0,0.202,14.2,6157.0,4.159,1.392,13.95
K04298.01,CANDIDATE,2.89494709,3.254,45.8,1.16,3204.25,1919.0,0.191,14.3,7087.0,4.137,1.684,13.458
K04299.01,FALSE POSITIVE,0.980505042,1.4068,426.6,26.35,3100.61,1904.0,1.206,51.5,5794.0,4.372,1.059,15.198
K02541.02,CONFIRMED,20.4853893,10.229,89.5,3.6,251.16,1015.0,0.834,17.9,4938.0,3.45,3.324,13.007
K04300.01,CONFIRMED,3.58273837,1.523,360.5,1.64,302.74,1064.0,0.143,11.6,5448.0,4.517,0.872,15.965
K04301.01,CONFIRMED,15.604841,4.543,73.4,1.57,248.62,1013.0,0.715,15.3,6254.0,4.019,1.706,13.096
K04365.03,FALSE POSITIVE,75.681309,11.62,107.7,1.64,23.25,560.0,0.6194,9.1,6297.0,4.155,1.506,12.211
K04366.01,CANDIDATE,0.762950224,1.133,187.3,1.0,1763.73,1651.0,0.197,15.8,5385.0,4.61,0.731,15.556
K07657.01,FALSE POSITIVE,62.060783,28.203,472.9,2.11,6.07,400.0,0.928,19.9,5526.0,4.578,0.784,15.745
K04367.01,CANDIDATE,170.995748,3.88,477.1,4.9,10.86,463.0,0.839,15.5,6127.0,3.991,1.983,13.985
K04368.01,FALSE POSITIVE,12.4252735,20.756,84.7,2.37,673.53,1299.0,0.171,36.6,6156.0,3.703,2.557,13.046
K04368.02,FALSE POSITIVE,39.2820405,3.344,157.5,58.67,108.22,823.0,1.241,6.9,6143.0,3.81,2.136,13.046
K04369.01,FALSE POSITIVE,361.54561249,25.28,,,,,,,,,,15.894
K04431.01,CANDIDATE,19.5650801,4.242,61.7,0.97,92.77,791.0,0.025,13.8,6180.0,4.294,1.235,12.674
K04431.02,FALSE POSITIVE,355.79978,5.972,172.3,1.87,2.6,324.0,0.4433,10.5,6350.0,4.225,1.394,12.674
K04432.01,FALSE POSITIVE,410.99389,12.01,550.0,2.09,0.55,220.0,0.3421,8.7,5471.0,4.533,0.898,15.46
K04433.01,FALSE POSITIVE,2.17823752,2.259,44.0,0.64,1114.8,1473.0,0.037,10.1,6052.0,4.422,0.969,14.102
K04434.01,FALSE POSITIVE,1.404674486,5.056,155.5,0.86,379.5,1126.0,0.8171,20.7,4716.0,4.65,0.609,14.962
K04231.01,FALSE POSITIVE,24.9097436,3.856,150.2,2.24,163.58,912.0,0.5729,9.7,6596.0,4.037,1.757,13.073
K02442.02,CONFIRMED,12.3101351,3.797,263.7,1.51,42.42,651.0,0.783,12.9,5009.0,4.491,0.84,15.629
K04232.01,CONFIRMED,2.61576515,2.777,120.4,1.06,851.6,1379.0,0.25,15.1,6088.0,4.446,0.958,15.18
K04233.01,FALSE POSITIVE,409.2452,13.06,531.2,2.1,0.84,244.0,0.0176,12.8,5910.0,4.466,0.911,15.42
K04234.01,CONFIRMED,6.94245216,3.491,160.8,1.34,239.39,1003.0,0.485,14.7,6108.0,4.466,1.03,15.158
K04302.01,CANDIDATE,5.53312006,3.486,53.1,1.05,680.77,1303.0,0.299,13.4,6170.0,4.15,1.425,13.591
K04303.01,CANDIDATE,200.721168,9.91,822.5,3.32,2.72,327.0,0.234,13.1,5566.0,4.275,1.17,15.511
K04304.01,CONFIRMED,9.4061364,4.882,79.5,1.14,219.36,981.0,0.397,13.2,5855.0,4.24,1.268,14.09
K04305.01,FALSE POSITIVE,0.935086665,1.12,71.2,1.18,8250.8,2431.0,0.4742,13.1,6762.0,4.282,1.348,13.993
K04306.01,FALSE POSITIVE,1.489457454,3.028,56.3,1.58,8026.6,2415.0,0.171,29.7,6316.0,3.908,2.087,13.09
K04370.01,FALSE POSITIVE,1.181165291,1.013,370.4,1.52,905.88,1398.0,0.632,14.1,5203.0,4.582,0.747,15.971
K04371.01,CONFIRMED,66.373298,8.559,415.0,1.99,11.59,471.0,0.021,13.7,6143.0,4.47,0.976,15.37
K02732.02,CONFIRMED,13.61165024,7.617,95.5,1.46,198.73,958.0,0.112,31.6,6170.0,4.192,1.499,12.805
K04372.01,CONFIRMED,6.24564633,2.459,212.0,1.06,67.62,731.0,0.594,11.9,4858.0,4.622,0.707,15.485
K04373.01,FALSE POSITIVE,0.945829261,1.715,98.2,0.86,2433.01,1790.0,0.326,15.1,5959.0,4.546,0.859,15.263
K04435.01,CANDIDATE,10.8614163,6.02,64.8,1.01,154.68,899.0,0.939,12.9,6339.0,4.454,1.017,13.517
K04436.01,FALSE POSITIVE,0.973160836,0.864,138.3,1.22,3303.84,1932.0,0.034,9.8,6108.0,4.466,1.03,15.238
K04437.01,FALSE POSITIVE,4.05943749,3.245,105.4,2.11,664.54,1295.0,0.914,18.1,5051.0,3.978,1.655,13.514
K03004.02,CANDIDATE,7.03965141,3.141,268.7,2.72,445.49,1171.0,0.778,9.8,5902.0,4.128,1.513,14.935
K07662.01,CANDIDATE,4.72519164,3.751,98.8,3.98,6060.79,2250.0,0.6,10.0,6655.0,3.49,3.831,12.358
K04438.01,FALSE POSITIVE,6.39903778,3.15,186.6,6.54,2376.4,1780.0,0.241,24.1,5178.0,3.286,4.856,13.507
K04235.01,CANDIDATE,66.6434565,2.385,277.3,2.99,12.17,476.0,0.985,14.8,5751.0,4.339,1.164,13.224
K04236.01,FALSE POSITIVE,0.739761008,7.589,292.1,9.67,117.05,839.0,1.2359,34.7,3417.0,4.9,0.35,15.049
K04237.01,FALSE POSITIVE,0.950735805,1.1434,175.1,1.39,3129.59,1908.0,0.57,17.1,6039.0,4.478,1.005,15.156
K04238.01,FALSE POSITIVE,369.819993,20.232,1599.0,4.25,0.38,201.0,0.9179,42.1,4806.0,4.495,0.839,15.089
K04239.01,FALSE POSITIVE,2.17815935,1.839,116.3,1.22,1398.42,1561.0,0.503,14.1,6258.0,4.413,1.098,14.975
K04307.01,CANDIDATE,160.850075,9.427,428.1,3.41,6.87,413.0,0.769,16.1,5999.0,4.168,1.507,14.218
K04308.01,FALSE POSITIVE,0.720460644,1.7846,2111.5,37.33,5954.82,2240.0,1.272,117.2,6304.0,4.435,1.058,14.828
K04309.01,FALSE POSITIVE,3.7948721,1.713,305.1,16.1,325.63,1083.0,1.168,11.3,5883.0,4.58,0.793,15.302
K00612.03,CONFIRMED,122.0804953,4.054,799.9,2.92,1.83,297.0,0.957,23.3,5132.0,4.571,0.77,14.157
K02563.02,CANDIDATE,6.2614227,4.779,51.4,0.81,407.58,1146.0,0.069,10.6,6384.0,4.361,1.121,13.973
K04374.01,CANDIDATE,3.70386741,1.41,125.7,0.86,247.2,1012.0,0.033,13.1,5496.0,4.592,0.776,14.108
K04375.01,FALSE POSITIVE,0.638437699,0.3028,286.8,2.48,2024.34,1709.0,0.904,25.8,5073.0,4.571,0.824,15.23
K04376.01,FALSE POSITIVE,1.8912851,6.182,1223.4,19.96,299.44,1061.0,1.216,25.7,4700.0,4.605,0.707,16.851
K04377.01,CANDIDATE,19.8751355,8.041,109.0,2.49,299.47,1061.0,0.919,15.2,6918.0,4.021,2.004,13.543
K04378.01,FALSE POSITIVE,343.42046,11.11,482.7,2.15,1.27,270.0,0.3519,10.0,6115.0,4.469,0.967,15.223
K07658.01,FALSE POSITIVE,3.47148164,4.679,122.7,0.85,209.73,970.0,0.719,9.5,5297.0,4.626,0.716,15.795
K04444.01,CONFIRMED,5.94373492,1.847,301.0,1.14,48.82,674.0,0.197,13.2,4391.0,4.598,0.682,15.583
K04445.01,FALSE POSITIVE,244.60373,10.87,769.8,2.1,0.72,235.0,0.2652,17.7,5166.0,4.593,0.771,15.319
K04446.01,CONFIRMED,85.7567919,5.695,159.1,2.99,18.44,528.0,0.713,16.9,5037.0,3.783,2.213,12.429
K04447.01,CONFIRMED,2.18660188,1.585,122.3,0.98,345.07,1099.0,0.828,14.2,4904.0,4.535,0.772,14.793
K03043.02,CANDIDATE,7.2929891,4.053,72.5,0.73,158.19,904.0,0.022,7.1,5959.0,4.549,0.856,14.829
K04240.01,FALSE POSITIVE,3.1339356,4.477,203.7,1.58,704.95,1315.0,0.768,21.4,6137.0,4.46,1.018,15.725
K04241.01,CONFIRMED,2.55315031,1.849,185.3,1.25,699.7,1312.0,0.32,15.4,5970.0,4.521,0.908,15.424
K02458.02,CONFIRMED,2.936587946,1.8952,279.6,1.77,473.18,1190.0,0.863,20.1,5455.0,4.421,0.909,15.404
K04242.01,CANDIDATE,145.786556,4.891,378.0,1.82,2.84,331.0,0.133,13.9,5578.0,4.44,0.95,14.41
K04243.01,FALSE POSITIVE,1.33254212,3.848,37.4,1.45,12477.61,2694.0,0.662,10.6,6613.0,3.87,2.237,13.0
K04310.01,CONFIRMED,10.7769944,2.616,185.6,1.15,75.83,752.0,0.069,11.3,5455.0,4.457,0.852,14.587
K07668.01,CANDIDATE,2.5093344,1.833,184.3,1.47,1143.04,1483.0,0.019,8.4,6278.0,4.425,1.081,15.588
K04311.01,FALSE POSITIVE,0.918921494,0.9425,321.0,1.49,1960.12,1697.0,0.011,23.7,5655.0,4.561,0.833,15.606
K04312.01,CONFIRMED,7.84931877,3.747,68.2,0.81,172.98,925.0,0.107,12.6,5678.0,4.365,0.99,13.858
K04313.01,FALSE POSITIVE,67.7125988,1.538,542.4,82.63,10.63,460.0,1.8756,13.4,6309.0,4.517,0.847,14.213
K04314.01,FALSE POSITIVE,12.4285576,13.98,620.1,2.22,47.26,669.0,0.892,13.2,5492.0,4.604,0.752,15.663
K04379.01,FALSE POSITIVE,1.275511306,1.889,69.3,0.84,2160.97,1739.0,0.011,10.3,5921.0,4.418,1.015,15.083
K04380.01,FALSE POSITIVE,5.78159956,2.222,72.8,1.7,1117.19,1475.0,0.66,16.4,6443.0,4.023,1.884,13.384
K04381.01,FALSE POSITIVE,8.4805019,8.345,164.9,1.26,87.82,781.0,0.972,11.0,5555.0,4.554,0.737,15.313
K02732.04,CANDIDATE,24.5607107,8.679,55.2,1.13,90.55,787.0,0.374,14.9,6170.0,4.192,1.499,12.805
K04382.01,CONFIRMED,2.94648935,3.155,57.0,0.89,1187.5,1497.0,0.01,12.7,6481.0,4.378,1.171,14.144
K04173.01,FALSE POSITIVE,1.227986164,1.551,150.5,1.17,1846.47,1673.0,0.477,14.8,5746.0,4.435,0.931,14.966
K04174.01,FALSE POSITIVE,2.11548883,4.008,169.5,1.29,978.38,1426.0,0.505,17.6,5952.0,4.489,0.971,15.627
K07659.01,FALSE POSITIVE,358.96247,23.49,670.8,2.37,0.81,242.0,0.424,12.1,5743.0,4.527,0.904,15.389
K04175.01,FALSE POSITIVE,2.17815196,2.445,245.0,1.09,395.98,1139.0,0.32,17.9,5357.0,4.634,0.7,15.916
K04176.01,FALSE POSITIVE,342.315407,12.476,719.7,3.15,2.03,304.0,0.1974,13.3,6425.0,4.373,1.164,15.091
K04177.01,FALSE POSITIVE,1.089077224,2.705,152.7,1.0,1068.22,1458.0,0.206,18.7,5118.0,4.547,0.83,15.472
K04244.01,FALSE POSITIVE,1.288066288,6.4616,10082.6,34.84,692.0,1310.0,1.378,230.7,5233.0,4.625,0.639,15.313
K04245.01,CANDIDATE,24.6683831,8.556,109.2,1.76,91.32,788.0,0.751,15.3,6059.0,4.151,1.554,13.572
K07663.01,FALSE POSITIVE,2.31894284,5.321,66.5,0.87,844.12,1375.0,0.72,13.6,5780.0,4.438,1.0,13.232
K04246.01,CONFIRMED,6.98472143,2.724,90.7,1.19,297.15,1059.0,0.451,11.7,5839.0,4.279,1.227,13.382
K04247.01,CANDIDATE,349.41047,15.02,652.8,2.41,0.97,253.0,0.2791,17.7,5878.0,4.512,0.945,15.346
K04248.01,FALSE POSITIVE,0.562563871,1.591,34.6,0.69,11201.45,2626.0,0.36,16.4,6577.0,4.381,1.145,13.54
K04315.01,FALSE POSITIVE,0.93373458,4.364,127.7,0.93,1446.48,1573.0,0.574,27.8,5335.0,4.577,0.804,14.76
K04316.01,FALSE POSITIVE,1.33251948,3.733,233.7,1.64,2218.21,1751.0,0.402,17.7,5926.0,4.381,1.058,16.334
K04317.01,FALSE POSITIVE,168.84663,9.75,215.1,1.45,2.78,329.0,0.1251,9.3,5897.0,4.489,0.992,13.859
K04318.01,CANDIDATE,14.8162925,4.973,108.2,1.57,163.33,912.0,0.857,12.5,6356.0,4.27,1.325,12.583
K04319.01,FALSE POSITIVE,160.4122022,4.92,2538.0,4.45,1.26,270.0,0.903,24.4,5269.0,4.62,0.727,15.407
K04382.02,CANDIDATE,3.98167088,3.609,44.7,0.79,798.79,1356.0,0.2076,10.3,6484.0,4.377,1.173,14.144
K04383.01,CONFIRMED,4.34195312,2.598,73.3,0.94,552.7,1236.0,0.118,10.6,6164.0,4.378,1.09,13.874
K04384.01,CONFIRMED,122.358116,10.768,352.8,2.15,6.46,407.0,0.255,12.2,5998.0,4.324,1.139,14.945
K04385.01,CONFIRMED,7.298142,3.024,370.5,1.6,90.04,786.0,0.411,13.6,5119.0,4.508,0.834,15.825
K04386.01,CONFIRMED,18.5010898,3.179,421.1,1.62,22.4,555.0,0.719,14.7,5242.0,4.613,0.734,15.789
K04178.01,CANDIDATE,7.016016,3.8,169.0,1.72,396.43,1138.0,0.89,6.3,6642.0,4.39,1.136,14.404
K04179.01,FALSE POSITIVE,0.569961046,1.446,44.2,1.04,13463.04,2743.0,0.343,18.9,5814.0,4.066,1.549,13.333
K00566.03,CANDIDATE,42.068554,5.723,186.3,1.32,20.28,541.0,0.022,9.8,6122.0,4.487,0.964,14.718
K04180.01,FALSE POSITIVE,1.121634781,1.155,71.5,0.6,529.9,1225.0,0.409,14.8,4518.0,4.589,0.72,13.958
K04181.01,FALSE POSITIVE,1.33256979,3.293,104.2,0.97,1943.76,1692.0,0.207,18.4,6089.0,4.495,0.95,15.377
K04182.01,FALSE POSITIVE,0.536650896,4.702,273.2,18.45,5179.76,2163.0,1.175,117.8,5819.0,4.494,0.881,13.956
K04249.01,FALSE POSITIVE,397.73699,11.76,1131.5,3.05,0.47,211.0,0.883,15.3,5313.0,4.521,0.768,15.086
K04250.01,FALSE POSITIVE,2.17818699,2.686,115.8,1.03,776.45,1347.0,0.553,15.4,5584.0,4.428,0.932,15.123
K04251.01,CANDIDATE,6.23968392,0.668,155.9,1.55,299.03,1060.0,0.679,9.0,5751.0,4.303,1.143,13.795
K02485.02,CONFIRMED,3.60082855,1.938,296.3,1.36,174.45,927.0,0.395,17.9,4838.0,4.524,0.796,15.311
K04252.01,CONFIRMED,15.5714121,2.294,173.5,0.72,5.98,399.0,0.312,13.0,3872.0,4.714,0.557,13.977
K02579.02,CONFIRMED,3.59645081,2.661,149.6,1.66,732.82,1327.0,0.781,16.2,5887.0,4.292,1.235,15.147
K04320.01,CONFIRMED,20.6579443,8.798,98.2,1.27,66.27,728.0,0.188,14.1,5468.0,4.171,1.306,14.216
K04321.01,FALSE POSITIVE,0.760941405,1.773,186.6,1.18,2591.44,1817.0,0.26,15.2,5629.0,4.553,0.87,15.855
K07669.01,FALSE POSITIVE,137.665706,3.732,536.9,15.41,63.38,720.0,0.041,11.7,4832.0,2.953,6.897,13.199
K04322.01,FALSE POSITIVE,370.90237,10.558,545.8,1.97,0.76,238.0,0.0566,14.7,5835.0,4.554,0.847,14.83
K04322.02,FALSE POSITIVE,321.55087,5.863,397.0,1.68,0.92,250.0,0.1608,8.2,5835.0,4.554,0.847,14.83
K04387.01,FALSE POSITIVE,1.54038914,1.683,71.8,0.84,1701.3,1638.0,0.043,9.1,5974.0,4.422,0.989,14.753
K04388.01,FALSE POSITIVE,71.76236302,29.435,8591.9,25.76,46.35,665.0,0.052,1134.3,5529.0,3.685,2.817,12.045
K04389.01,CANDIDATE,16.3368863,3.597,225.9,1.27,40.22,642.0,0.066,12.1,5410.0,4.49,0.859,15.05
K04390.01,CANDIDATE,1.63668262,1.907,921.7,103.99,10160.3,2562.0,1.22,12.9,5234.0,3.436,3.739,16.494
K02744.02,CANDIDATE,11.615625,2.233,191.2,2.84,158.69,905.0,0.977,8.8,5332.0,4.083,1.453,15.162
K02365.02,CONFIRMED,110.978266,11.312,150.2,1.86,10.84,463.0,0.074,14.0,5883.0,4.149,1.529,13.848
K04183.01,FALSE POSITIVE,0.952378454,3.892,43.8,1.46,9651.76,2528.0,0.996,17.4,6963.0,4.25,1.375,13.541
K04184.01,CONFIRMED,6.08003714,1.308,184.0,1.07,100.72,808.0,0.254,17.7,4991.0,4.513,0.804,13.473
K04185.01,CONFIRMED,3.035206175,0.6182,696.9,3.59,403.53,1143.0,0.965,19.1,5505.0,4.503,0.873,15.556
K07660.01,FALSE POSITIVE,358.96844,21.71,807.8,2.7,1.13,263.0,0.151,13.3,6117.0,4.496,0.947,15.36
K04186.01,FALSE POSITIVE,2.21316437,3.874,116.1,0.95,841.98,1374.0,0.672,27.9,5921.0,4.465,0.83,14.4
K04253.01,CANDIDATE,173.2578372,2.027,687.0,117.29,4.73,376.0,1.9038,13.5,6392.0,4.399,1.162,14.201
K04254.01,FALSE POSITIVE,0.530967987,1.812,26.9,1.08,73103.16,4196.0,0.093,24.1,8473.0,4.123,2.052,12.717
K04255.01,CONFIRMED,6.30558387,2.619,193.1,2.52,378.9,1125.0,0.601,9.5,4934.0,3.927,1.756,15.056
K04256.01,FALSE POSITIVE,4.2058608,7.39,182.0,1.14,248.04,1012.0,0.438,13.3,5590.0,4.56,0.839,15.892
K04257.01,CANDIDATE,41.6757509,10.848,142.0,2.1,53.72,690.0,0.256,22.6,5745.0,3.957,1.763,13.34
K04323.01,CANDIDATE,11.49589567,2.256,108.3,1.59,295.46,1057.0,0.295,13.2,6290.0,4.133,1.506,13.582
K04324.01,FALSE POSITIVE,8.4803326,5.918,35.6,1.35,882.07,1390.0,0.556,11.0,6245.0,3.826,2.179,12.797
K04325.01,CANDIDATE,0.609926502,1.2529,133.8,1.12,4990.14,2141.0,0.24,15.3,5936.0,4.501,0.965,15.682
K04326.01,FALSE POSITIVE,0.750744255,1.7921,170.6,17.07,4387.1,2074.0,1.154,50.4,6187.0,4.499,0.937,13.941
K04327.01,CONFIRMED,0.991659646,2.215,77.3,1.19,4614.18,2102.0,0.765,13.5,6117.0,4.315,1.244,14.978
K07670.01,CANDIDATE,8.4795266,6.052,163.3,1.18,132.02,865.0,0.136,8.0,5841.0,4.52,0.931,15.994
K04391.01,CANDIDATE,49.4746966,10.46,291.0,1.62,14.5,498.0,0.491,17.2,5952.0,4.475,0.928,14.955
K04392.01,FALSE POSITIVE,118.609553,22.74,380.9,2.86,1.88,299.0,0.993,13.1,5017.0,4.531,0.792,15.133
K04393.01,CANDIDATE,1.62888267,1.72,130.9,0.92,733.67,1327.0,0.147,12.5,5398.0,4.571,0.811,15.295
K04394.01,FALSE POSITIVE,0.616386349,0.8136,79.4,2.94,37463.63,3552.0,0.226,21.9,5665.0,3.58,3.266,12.985
K04395.01,CANDIDATE,1.920062587,1.437,226.8,1.12,471.84,1189.0,0.387,12.6,5266.0,4.611,0.741,15.686
K04396.01,FALSE POSITIVE,88.91323139,2.92,,,,,,,,,,12.981
K04187.01,FALSE POSITIVE,7.07162308,2.587,123.0,1.42,431.05,1162.0,0.331,16.9,6313.0,4.24,1.259,13.722
K04188.01,CONFIRMED,6.96352699,3.192,68.1,1.4,669.78,1298.0,0.09,17.4,6040.0,3.978,1.686,13.128
K04189.01,CONFIRMED,64.2729088,12.136,1213.9,5.38,22.31,554.0,0.908,27.4,6341.0,4.278,1.299,15.589
K04190.01,CONFIRMED,3.4327371,4.001,63.2,0.75,390.57,1134.0,0.703,15.3,5757.0,4.536,0.881,13.583
K04191.01,FALSE POSITIVE,13.8452726,2.555,93.2,2.34,626.93,1276.0,0.566,10.4,6845.0,3.89,2.324,12.632
K07695.01,FALSE POSITIVE,0.687506554,1.441,130.3,8.73,120304.4,4748.0,0.085,14.4,4643.0,2.595,7.906,12.467
K04258.01,FALSE POSITIVE,0.566801617,2.75,24.9,0.88,19598.53,3018.0,0.565,26.4,6287.0,4.064,1.693,12.528
K04259.01,CANDIDATE,0.909127736,1.431,98.7,0.98,2566.87,1818.0,0.098,13.9,5486.0,4.389,0.996,15.195
K04260.01,FALSE POSITIVE,371.63327,14.92,107.0,1.83,2.36,316.0,0.8185,15.2,5802.0,4.073,1.59,11.443
K04261.01,CONFIRMED,1.450889836,1.753,135.7,1.21,1970.75,1700.0,0.333,15.7,6046.0,4.423,1.023,15.369
K02485.03,CONFIRMED,5.72716067,2.23,310.9,1.4,93.96,794.0,0.447,16.0,4838.0,4.524,0.796,15.311
K04328.01,FALSE POSITIVE,407.59415,7.3,462.4,2.11,1.18,266.0,0.0274,7.7,6198.0,4.402,0.974,14.854
K02579.03,CANDIDATE,10.30148508,3.903,162.7,1.6,180.14,934.0,0.445,12.6,5887.0,4.292,1.235,15.147
K04329.01,CANDIDATE,17.8007815,6.547,44.5,1.02,105.04,816.0,0.928,14.2,6240.0,4.326,1.252,12.018
K04330.01,FALSE POSITIVE,358.101884,6.393,114.0,0.95,0.81,242.0,0.5804,12.8,5786.0,4.526,0.856,11.678
K04331.01,CANDIDATE,1.717859841,0.908,66.3,1.45,5645.85,2212.0,0.35,9.5,6694.0,4.084,1.732,13.228
K04396.02,FALSE POSITIVE,46.0771501,3.03,,,,,,,,,,12.981
K04396.03,FALSE POSITIVE,42.62423329,1.47,,,,,,,,,,12.981
K04397.01,FALSE POSITIVE,0.447861451,0.8541,265.4,1.42,6221.08,2263.0,0.427,20.3,5901.0,4.553,0.848,15.497
K04398.01,CANDIDATE,7.3422467,2.029,366.8,1.6,115.93,837.0,0.253,11.8,5573.0,4.562,0.839,15.486
K00647.02,CANDIDATE,8.1134681,4.961,40.5,0.92,381.27,1127.0,0.454,10.5,6011.0,4.123,1.409,13.55
K02842.03,CONFIRMED,3.036208739,0.9324,1820.5,1.4,17.31,520.0,0.111,26.0,3464.0,4.923,0.328,16.257
K04192.01,CONFIRMED,18.0541469,4.587,283.1,1.51,38.57,635.0,0.175,19.3,5505.0,4.501,0.909,15.004
K02420.02,CANDIDATE,5.4675514,3.283,87.2,1.07,319.36,1078.0,0.27,10.4,5557.0,4.288,1.151,14.746
K07689.01,FALSE POSITIVE,1.01530474,8.7622,16445.2,64.77,6918.45,2324.0,1.245,1823.0,6428.0,4.226,1.44,13.647
K04193.01,FALSE POSITIVE,94.180473,7.345,1104.4,4.17,12.34,478.0,0.955,15.6,6997.0,4.475,1.0,14.848
K04194.01,CONFIRMED,1.538185321,1.683,277.2,1.29,547.92,1234.0,0.7,15.2,5107.0,4.615,0.723,15.329
K04195.01,FALSE POSITIVE,1.332567643,4.284,56.7,0.62,1143.87,1482.0,0.642,24.0,5687.0,4.582,0.79,14.15
K04262.01,FALSE POSITIVE,1.089076495,2.274,43.7,0.75,3923.24,2016.0,0.597,15.3,6444.0,4.416,1.079,13.938
K04263.01,FALSE POSITIVE,1.662710314,1.83,85.9,2.16,6700.6,2307.0,0.577,23.8,6028.0,3.842,2.244,13.97
K07696.01,FALSE POSITIVE,472.071079,5.759,252.6,2.01,1.22,268.0,0.388,6.4,6186.0,4.358,1.253,14.002
K04264.01,CANDIDATE,0.888478095,1.5312,340.4,1.51,1825.96,1665.0,0.452,24.6,5553.0,4.577,0.806,15.85
K04265.01,FALSE POSITIVE,2.18242002,4.103,69.7,0.7,638.12,1283.0,0.721,13.8,5808.0,4.583,0.786,14.897
K04266.01,FALSE POSITIVE,0.503999678,0.5421,975.6,2.97,1566.41,1605.0,0.962,96.8,4898.0,4.686,0.568,15.498
K04332.01,FALSE POSITIVE,2.66588544,5.004,167.0,0.98,278.03,1041.0,0.276,17.2,4965.0,4.536,0.771,15.382
K04333.01,CANDIDATE,309.25581,10.72,421.4,2.18,1.61,287.0,0.2875,9.9,6060.0,4.419,1.057,14.205
K04334.01,CANDIDATE,2.44232399,1.921,229.0,1.1,264.82,1029.0,0.303,14.1,4849.0,4.561,0.738,15.849
K04335.01,CONFIRMED,7.61758198,3.545,85.4,1.0,255.32,1020.0,0.234,13.4,6202.0,4.401,1.072,14.11
K04336.01,FALSE POSITIVE,41.477908,10.45,29.9,1.09,122.73,849.0,0.5122,9.6,6935.0,3.95,1.918,10.83
K04399.01,CANDIDATE,42.1003351,1.0834,214.0,1.42,11.17,466.0,0.88,13.9,5595.0,4.57,0.82,11.965
K04400.01,CONFIRMED,2.20923119,2.392,59.8,0.84,1217.79,1507.0,0.11,14.3,5991.0,4.375,1.092,13.764
K04401.01,FALSE POSITIVE,260.54832,15.52,161.6,1.35,2.43,318.0,0.378,10.2,6412.0,4.44,1.04,13.533
K04402.01,FALSE POSITIVE,370.47678,15.69,656.2,2.37,0.96,252.0,0.5386,11.8,6050.0,4.525,0.896,15.359
K04403.01,CONFIRMED,5.88350251,2.556,217.7,1.27,192.09,949.0,0.362,11.9,5840.0,4.553,0.849,15.741
K04196.01,FALSE POSITIVE,0.662457501,1.527,64.1,8.3,27795.08,3295.0,1.024,13.5,6425.0,3.862,2.16,12.721
K04197.01,FALSE POSITIVE,1.33258458,3.222,127.0,1.25,2873.72,1868.0,0.422,14.4,6384.0,4.419,1.086,15.865
K04198.01,CANDIDATE,1.182862515,2.928,22.3,1.26,14544.87,2800.0,0.284,16.5,6017.0,3.699,2.639,12.638
K04199.01,CONFIRMED,0.539915033,1.1466,97.0,0.82,2901.68,1871.0,0.291,17.6,5102.0,4.502,0.837,14.311
K04200.01,FALSE POSITIVE,372.54353,21.83,1106.0,74.14,0.62,226.0,1.7826,11.9,5561.0,4.557,0.836,15.662
K04267.01,CONFIRMED,2.20829637,2.841,87.9,1.36,2016.25,1709.0,0.205,12.0,6028.0,4.189,1.454,15.201
K04268.01,CONFIRMED,0.849906734,1.141,124.3,0.59,396.64,1139.0,0.64,12.0,4296.0,4.733,0.505,15.22
K04269.01,CONFIRMED,26.6565737,4.954,163.4,4.15,157.45,903.0,0.686,18.8,5159.0,3.604,3.062,13.263
K04269.02,CANDIDATE,4.4408541,8.083,33.9,1.74,1719.2,1642.0,0.005,12.0,5159.0,3.604,3.062,13.263
K04270.01,FALSE POSITIVE,373.72257,14.21,470.9,67.13,1.11,262.0,1.5922,9.6,6004.0,4.45,1.008,14.808
K04337.01,CONFIRMED,8.18504859,4.673,97.6,0.93,149.41,892.0,0.601,12.5,5984.0,4.521,0.906,14.686
K04338.01,FALSE POSITIVE,10.78438513,1.408,233.6,75.04,900.7,1397.0,1.18,15.6,5575.0,3.516,3.515,13.638
K02585.02,CONFIRMED,10.42317343,2.341,71.2,1.07,155.7,901.0,0.811,11.2,5767.0,4.287,1.135,13.455
K04339.01,FALSE POSITIVE,0.566804221,4.639,166.0,0.85,2149.42,1737.0,0.536,31.0,5277.0,4.625,0.64,15.776
K04340.01,FALSE POSITIVE,2.022658,3.343,135.7,1.15,1139.1,1482.0,0.419,17.4,6091.0,4.487,0.967,15.572
K04404.01,FALSE POSITIVE,316.57747,14.64,269.1,1.47,1.01,255.0,0.2569,10.2,5822.0,4.529,0.898,15.246
K07679.01,CANDIDATE,1.8679943,1.087,73.4,0.7,658.77,1291.0,0.173,10.0,5487.0,4.568,0.815,14.185
K04405.01,CANDIDATE,8.9172863,4.468,196.3,1.39,177.84,931.0,0.062,7.2,6210.0,4.467,0.986,14.671
K04406.01,FALSE POSITIVE,0.519437968,2.129,226.2,20.48,7822.62,2402.0,1.172,25.4,6181.0,4.464,1.006,15.421
K04407.01,CANDIDATE,1.33807075,1.425,20.2,0.6,3844.97,2008.0,0.003,8.5,6355.0,4.299,1.319,11.179
K04408.01,FALSE POSITIVE,1.105095798,2.624,141.7,0.89,1025.9,1445.0,0.295,17.4,5296.0,4.604,0.752,15.815
K04201.01,FALSE POSITIVE,245.01902,8.56,375.9,1.98,2.17,310.0,0.3471,10.1,6167.0,4.451,1.01,14.881
K04202.01,CONFIRMED,153.979362,9.028,792.5,2.53,2.82,330.0,0.036,16.1,5858.0,4.502,0.903,15.672
K07684.01,FALSE POSITIVE,10.2239787,1.814,213.5,24.43,7383.41,2364.0,0.439,6.5,4673.0,2.412,16.823,13.188
K02433.03,CONFIRMED,56.4148314,8.075,480.1,2.9,19.37,535.0,0.908,16.4,6325.0,4.409,1.112,15.212
K04203.01,FALSE POSITIVE,2.18079098,12.13,83.2,3.29,13876.96,2767.0,0.74,69.3,6911.0,3.661,3.339,10.008
K04204.01,CONFIRMED,20.9254083,6.783,109.0,1.26,66.95,729.0,0.201,15.5,5821.0,4.283,1.21,13.966
K02498.02,CONFIRMED,13.0600399,2.851,106.8,0.8,37.3,630.0,0.495,12.5,5168.0,4.566,0.769,13.942
K04271.01,FALSE POSITIVE,0.641069613,1.033,78.6,0.86,5512.38,2196.0,0.061,10.5,6077.0,4.451,0.961,14.098
K07690.01,FALSE POSITIVE,2.2430415,3.63,101.1,0.89,770.18,1344.0,0.147,8.1,5897.0,4.531,0.891,15.596
K04272.01,FALSE POSITIVE,1.21475168,6.93,266.1,5.5,28091.85,3302.0,0.461,7.9,6732.0,3.632,3.276,11.464
K04273.01,CANDIDATE,17.3731821,3.36,71.7,1.31,155.73,901.0,0.227,14.0,6180.0,4.155,1.54,12.677
K04274.01,CANDIDATE,1.97507424,2.61,130.5,1.08,1122.82,1477.0,0.152,15.0,6065.0,4.495,0.947,15.276
K04617.01,CONFIRMED,27.4784659,7.5,83.2,1.52,69.3,736.0,0.008,12.3,5432.0,3.993,1.707,13.63
K04618.01,FALSE POSITIVE,244.86662,10.56,289.5,1.46,1.31,273.0,0.3872,9.7,5821.0,4.554,0.848,14.462
K07697.01,FALSE POSITIVE,1.30627214,5.144,95.4,0.87,1161.23,1490.0,0.57,10.3,5513.0,4.543,0.862,15.762
K04619.01,FALSE POSITIVE,62.366706,4.32,95.4,1.88,56.09,698.0,0.1725,7.1,6749.0,4.031,1.9,11.208
K04620.01,FALSE POSITIVE,0.933732791,3.056,96.9,0.9,2344.56,1773.0,0.022,13.8,5496.0,4.405,0.927,14.812
K04621.01,FALSE POSITIVE,53.106597,2.914,82.4,2.2,129.19,860.0,0.5182,7.3,7217.0,3.893,2.343,11.159
K04690.01,FALSE POSITIVE,360.15417,12.806,790.6,2.99,1.25,270.0,0.2583,11.1,6065.0,4.452,1.061,15.435
K04691.01,CANDIDATE,3.3879165,1.818,78.6,1.09,750.6,1336.0,0.117,10.4,5702.0,4.247,1.245,14.491
K04692.01,FALSE POSITIVE,1.42856815,2.132,59.5,0.64,1352.91,1547.0,0.3097,11.8,5979.0,4.557,0.822,14.766
K00806.04,FALSE POSITIVE,381.850599,4.772,1702.0,3.59,0.58,222.0,0.4148,13.8,5485.0,4.556,0.867,15.403
K03194.01,FALSE POSITIVE,10.81315417,1.275,80.3,1.46,281.84,1045.0,0.804,16.6,6380.0,4.24,1.46,11.487
K04479.01,FALSE POSITIVE,359.08368,15.67,618.7,29.15,1.23,268.0,1.262,10.8,6256.0,4.493,0.932,15.145
K04480.01,CANDIDATE,58.7488629,3.191,473.6,1.75,7.7,425.0,0.186,13.6,5574.0,4.505,0.805,14.122
K04481.01,FALSE POSITIVE,3.74784374,3.658,116.5,1.08,534.57,1226.0,0.093,12.8,6122.0,4.471,0.996,15.13
K07685.01,CANDIDATE,64.740274,15.082,113.1,1.35,16.96,518.0,0.74,16.4,5999.0,4.263,1.177,13.219
K04482.01,CANDIDATE,5.38299284,3.336,35.1,0.78,582.98,1253.0,0.417,10.7,6256.0,4.27,1.293,12.642
K04483.01,FALSE POSITIVE,1.71028117,2.61,111.6,0.91,1055.42,1454.0,0.372,13.8,5910.0,4.55,0.855,15.422
K04549.01,CANDIDATE,2.0481582,1.899,183.3,1.16,773.92,1346.0,0.179,11.7,5799.0,4.548,0.86,15.98
K04550.01,CONFIRMED,140.251943,6.576,567.7,1.84,1.28,271.0,0.323,11.9,4821.0,4.529,0.788,15.429
K04551.01,CANDIDATE,14.7179342,5.844,132.3,1.25,89.3,784.0,0.704,12.7,6102.0,4.449,1.018,14.654
K07691.01,FALSE POSITIVE,0.570828503,0.915,174.4,0.54,222.55,986.0,0.609,13.9,3585.0,4.868,0.388,15.068
K04552.01,FALSE POSITIVE,134.4665,5.27,1032.0,2.48,1.45,280.0,0.2848,6.7,4891.0,4.524,0.791,15.126
K04553.01,FALSE POSITIVE,0.909314811,2.2053,40.5,0.99,9311.68,2503.0,0.722,30.2,6508.0,4.163,1.447,12.73
K04622.01,CONFIRMED,207.24785,6.159,809.2,1.56,0.3,189.0,0.21,13.2,4339.0,4.711,0.553,15.142
K04623.01,FALSE POSITIVE,186.55347,13.57,334.5,1.86,3.18,341.0,0.2803,11.0,6187.0,4.446,1.006,14.905
K03179.01,CONFIRMED,5.99078221,1.699,69.9,1.03,223.93,987.0,0.944,8.6,5721.0,4.442,0.972,10.884
K04624.01,FALSE POSITIVE,14.0801852,3.402,90.7,1.04,95.62,798.0,0.308,6.9,5984.0,4.421,1.089,12.966
K04625.01,CONFIRMED,2.440839436,0.968,509.5,21.29,223.8,986.0,1.253,14.4,4803.0,4.623,0.698,15.877
K04693.01,CONFIRMED,23.6223571,6.852,57.0,1.07,95.35,797.0,0.369,11.4,6144.0,4.149,1.393,13.341
K04694.01,CANDIDATE,19.2527652,4.862,138.5,1.24,71.04,740.0,0.028,10.8,6258.0,4.442,1.046,14.851
K04695.01,FALSE POSITIVE,3.28931936,1.921,166.0,50.51,818.01,1364.0,1.422,11.1,6335.0,4.427,1.072,14.806
K04696.01,FALSE POSITIVE,1.08195208,4.807,33.6,0.47,1275.68,1526.0,0.257,12.4,5233.0,4.489,0.824,13.881
K04697.01,FALSE POSITIVE,0.512583041,1.498,114.3,1.07,7320.09,2363.0,0.116,17.1,6077.0,4.471,0.999,15.484
K07680.01,CANDIDATE,219.20579,14.5,207.8,2.66,10.18,456.0,0.517,15.2,6990.0,4.115,1.785,12.449
K04484.01,CONFIRMED,2.29794819,2.84,83.2,0.98,1352.14,1547.0,0.108,12.2,6371.0,4.426,1.072,15.079
K04485.01,FALSE POSITIVE,368.11581,13.52,476.2,2.11,1.12,263.0,0.0125,11.2,6122.0,4.487,0.964,15.125
K04486.01,FALSE POSITIVE,368.52466,11.9,680.3,3.05,1.62,288.0,0.5045,14.0,6343.0,4.411,1.137,15.484
K03158.02,CONFIRMED,4.54586982,1.756,76.5,0.65,134.21,868.0,0.563,24.4,5051.0,4.562,0.721,8.717
K04487.01,CANDIDATE,3.48754109,1.811,85.1,0.72,224.74,988.0,0.32,7.3,5252.0,4.593,0.783,14.371
K03164.01,FALSE POSITIVE,0.542498653,4.257,54.9,2.25,167191.11,5157.0,0.3422,19.8,8711.0,3.795,2.954,10.326
K04554.01,CANDIDATE,8.0772455,7.272,79.2,2.61,537.66,1228.0,0.984,12.5,5684.0,3.915,2.032,14.579
K04555.01,CANDIDATE,364.08733,14.09,372.0,1.39,0.47,211.0,0.1702,8.8,5376.0,4.601,0.727,14.816
K04556.01,FALSE POSITIVE,21.5819776,13.734,47.6,0.91,73.01,746.0,0.036,17.3,5601.0,4.144,1.342,11.981
K04557.01,CANDIDATE,5.75651958,2.309,65.3,0.83,332.97,1089.0,0.247,11.2,6208.0,4.454,1.024,13.666
K04626.01,CANDIDATE,91.95723,10.471,308.4,2.66,14.41,497.0,0.015,12.3,5854.0,4.114,1.528,14.876
K04627.01,CANDIDATE,7.51731745,2.484,170.7,1.19,129.74,861.0,0.256,10.7,5525.0,4.488,0.923,15.029
K04628.01,FALSE POSITIVE,3.08723626,2.615,101.9,1.2,1046.77,1451.0,0.2516,12.1,6418.0,4.395,1.171,14.966
K04629.01,FALSE POSITIVE,0.592562969,3.0869,1546.4,25.97,3520.7,1967.0,1.252,100.4,5728.0,4.575,0.804,15.784
K04630.01,CANDIDATE,44.6966177,10.532,257.3,2.46,38.95,637.0,0.373,15.3,5929.0,4.123,1.518,14.875
K04698.01,CANDIDATE,8.5275894,2.959,112.5,1.28,286.1,1049.0,0.311,10.4,6469.0,4.385,1.193,14.765
K04699.01,CANDIDATE,3.07714195,3.571,34.2,1.08,1175.0,1493.0,0.983,9.9,6108.0,4.251,1.336,12.889
K04700.01,CANDIDATE,3.83488354,2.026,243.0,1.2,239.15,1003.0,0.242,10.9,5515.0,4.592,0.775,15.972
K04701.01,FALSE POSITIVE,31.97181,12.277,117.4,0.95,17.43,521.0,0.532,11.1,5632.0,4.554,0.853,14.817
K04702.01,FALSE POSITIVE,5.81289843,3.979,76.3,0.93,348.61,1102.0,0.499,9.5,6175.0,4.41,1.041,14.51
K04488.01,FALSE POSITIVE,6.44173995,1.635,107.7,1.41,451.14,1175.0,0.3252,10.5,6088.0,4.225,1.339,13.861
K04489.01,FALSE POSITIVE,0.631106722,0.9942,49.2,0.63,3367.19,1945.0,0.194,17.6,5400.0,4.443,0.898,13.572
K04490.01,FALSE POSITIVE,176.17377,14.58,349.9,1.76,2.57,323.0,0.2545,8.2,5957.0,4.506,0.937,15.601
K04491.01,CONFIRMED,114.336052,14.077,239.8,2.09,8.02,429.0,0.529,13.0,5802.0,4.218,1.316,15.015
K04492.01,FALSE POSITIVE,0.63938062,1.2067,308.0,51.53,10289.98,2566.0,1.377,97.5,6607.0,4.363,1.204,13.725
K04558.01,CANDIDATE,8.8233996,6.735,104.6,1.13,176.13,929.0,0.022,13.3,5602.0,4.269,1.121,14.598
K04559.01,FALSE POSITIVE,0.566801045,1.7499,188.3,1.42,7209.06,2348.0,0.628,34.9,6106.0,4.405,0.982,14.498
K04560.01,FALSE POSITIVE,0.992799002,3.4878,1653.0,40.12,3302.31,1933.0,1.3295,97.8,6217.0,4.472,0.989,15.106
K04561.01,CONFIRMED,1.5184181,2.842,196.8,1.85,3261.65,1926.0,0.561,15.9,6302.0,4.259,1.269,14.118
K04562.01,FALSE POSITIVE,0.96807117,1.677,104.8,0.72,1157.58,1487.0,0.53,15.4,5367.0,4.639,0.687,15.247
K04631.01,FALSE POSITIVE,3.55661906,5.396,23.3,0.72,1254.47,1518.0,0.384,11.4,6018.0,4.081,1.458,12.84
K04632.01,CANDIDATE,40.0691482,2.928,784.1,13.25,10.42,458.0,1.125,10.5,5485.0,4.575,0.762,15.618
K04633.01,CANDIDATE,11.6933447,6.551,66.9,1.12,192.95,950.0,0.353,12.7,6049.0,4.248,1.354,13.848
K07692.01,FALSE POSITIVE,0.56256804,1.686,4.5,0.63,164220.08,5127.0,0.692,11.8,9005.0,3.84,2.773,9.121
K03182.01,FALSE POSITIVE,8.79991878,41.564,869.1,224.56,3624.62,1979.0,1.6053,236.1,8092.0,3.725,3.267,11.04
K04634.01,CANDIDATE,4.02745396,1.33,85.2,0.98,577.46,1250.0,0.304,10.8,6174.0,4.398,1.041,13.685
K03196.01,CANDIDATE,4.96061094,2.864,20.4,0.59,618.99,1272.0,0.058,12.5,6117.0,4.244,1.298,11.525
K04703.01,FALSE POSITIVE,349.03703,4.76,777.0,2.27,0.67,231.0,0.1215,11.6,5583.0,4.559,0.824,15.499
K04704.01,FALSE POSITIVE,177.8135,9.76,417.7,1.83,2.17,310.0,0.2043,8.8,5822.0,4.529,0.898,15.234
K04705.01,CANDIDATE,1.4733245,1.406,124.0,1.03,1453.8,1576.0,0.197,11.9,5751.0,4.431,0.921,15.078
K04706.01,CONFIRMED,101.952048,5.991,152.5,1.31,7.92,428.0,0.084,10.3,6210.0,4.407,1.054,13.658
K04493.01,FALSE POSITIVE,2.41795911,2.727,100.5,0.53,140.54,878.0,0.145,10.1,4623.0,4.719,0.534,15.121
K04494.01,FALSE POSITIVE,183.854867,14.996,520.6,2.4,3.36,345.0,0.4202,10.8,6225.0,4.45,1.031,15.448
K04495.01,CANDIDATE,5.93218209,4.507,205.3,1.39,235.68,1000.0,0.097,14.9,5843.0,4.474,0.977,15.466
K04496.01,CANDIDATE,96.384483,5.253,591.0,2.41,6.03,400.0,0.095,10.4,5919.0,4.485,1.0,15.602
K07681.01,CANDIDATE,6.05552018,2.818,134.6,0.92,119.89,844.0,0.19,9.8,5352.0,4.585,0.805,14.772
K00701.05,CONFIRMED,12.4418003,3.572,78.4,0.57,26.03,576.0,0.043,11.4,4926.0,4.653,0.662,13.725
K04563.01,CANDIDATE,54.333582,10.545,152.0,1.7,16.37,513.0,0.823,10.5,5500.0,4.228,1.221,14.487
K03165.01,CANDIDATE,4.11754421,4.362,34.3,1.02,1477.06,1581.0,0.312,22.1,6263.0,4.024,1.726,10.335
K04564.01,FALSE POSITIVE,293.60581,11.07,165.3,1.37,1.79,295.0,0.0927,8.4,6167.0,4.444,1.064,14.279
K04565.01,FALSE POSITIVE,2.78801663,17.354,14.0,0.91,6451.74,2287.0,0.796,21.8,7523.0,3.986,2.206,12.133
K04566.01,CONFIRMED,3.94660745,2.705,309.4,1.4,218.91,981.0,0.278,12.7,5376.0,4.576,0.806,15.923
K04635.01,FALSE POSITIVE,4.99473798,3.05,99.5,0.82,167.06,917.0,0.46,17.5,5406.0,4.569,0.819,13.819
K04636.01,CANDIDATE,122.749053,8.342,1041.2,6.13,3.48,348.0,0.997,15.0,5619.0,4.488,0.976,15.511
K04637.01,CANDIDATE,4.37992345,4.949,15.5,0.81,1579.65,1608.0,0.728,13.9,6311.0,3.993,1.918,10.438
K04638.01,FALSE POSITIVE,368.48518,11.26,301.8,1.98,1.52,283.0,0.5758,13.7,6140.0,4.354,1.096,14.178
K04639.01,FALSE POSITIVE,169.894419,2.525,178.7,2.66,13.85,492.0,0.3241,6.3,6382.0,3.94,1.961,11.998
K04707.01,FALSE POSITIVE,26.190289,2.148,51.8,1.05,93.35,793.0,0.109,9.3,6434.0,4.208,1.441,11.66
K04708.01,FALSE POSITIVE,203.511886,3.671,167.1,2.07,9.02,442.0,0.3979,9.3,6967.0,4.193,1.565,12.341
K04709.01,CANDIDATE,3.70858595,1.94,305.4,1.33,231.84,995.0,0.115,11.3,5420.0,4.596,0.771,15.947
K04710.01,CANDIDATE,9.4527721,3.817,197.3,1.3,113.38,832.0,0.746,11.3,5973.0,4.547,0.857,15.58
K04711.01,CANDIDATE,4.3638313,1.457,194.1,1.08,214.31,976.0,0.39,10.3,5623.0,4.596,0.763,15.642
K03158.03,CONFIRMED,6.18943952,2.3316,83.2,0.65,88.79,783.0,0.334,26.8,5051.0,4.562,0.721,8.717
K04497.01,CANDIDATE,6.83006228,3.315,187.4,1.09,142.95,882.0,0.006,12.1,5807.0,4.576,0.8,15.17
K04498.01,CANDIDATE,17.1622587,4.668,312.2,22.42,48.86,674.0,1.201,11.7,5729.0,4.509,0.939,14.841
K04499.01,CANDIDATE,5.19898615,2.359,136.8,1.04,271.21,1035.0,0.428,11.5,6058.0,4.54,0.867,14.652
K04500.01,CONFIRMED,8.70179611,3.048,304.1,1.37,74.58,750.0,0.045,11.8,5295.0,4.548,0.8,15.85
K04567.01,CANDIDATE,14.74426,8.168,113.6,8.1,89.04,784.0,1.063,11.9,6146.0,4.454,0.987,13.775
K04568.01,FALSE POSITIVE,0.933747395,4.798,30.9,1.24,10738.05,2596.0,0.541,26.7,5574.0,3.818,2.174,12.877
K07682.01,FALSE POSITIVE,58.873429,17.487,226471.0,76.18,50.35,679.0,0.0,106.8,7078.0,4.192,1.568,14.048
K04569.01,FALSE POSITIVE,14.1166583,9.12,449.3,238.66,497.8,1205.0,1.9614,5.9,6526.0,3.883,2.238,13.572
K04570.01,CANDIDATE,35.0175053,3.608,292.0,2.13,34.32,617.0,0.809,12.8,5944.0,4.293,1.123,14.638
K04571.01,CONFIRMED,47.3128645,11.444,217.4,3.71,44.26,658.0,0.967,17.6,5749.0,4.002,1.876,14.553
K04639.02,FALSE POSITIVE,29.6990126,1.849,93.3,1.93,141.6,880.0,0.3636,7.4,6382.0,3.94,1.961,11.998
K04640.01,CONFIRMED,6.1082945,3.493,61.1,1.06,608.39,1267.0,0.63,10.8,6720.0,4.316,1.289,13.606
K04641.01,FALSE POSITIVE,119.72007,9.48,115.6,1.26,6.67,410.0,0.025,9.0,5963.0,4.321,1.176,13.59
K04642.01,FALSE POSITIVE,1.27839331,6.343,19.5,0.86,15656.19,2853.0,0.201,15.2,7758.0,4.106,1.918,13.107
K03184.01,CONFIRMED,7.545922037,4.0329,22.2,0.68,326.67,1084.0,0.625,13.4,5788.0,4.178,1.376,11.158
K04722.01,FALSE POSITIVE,0.58675746,1.508,143.8,19.91,5080.59,2157.0,1.183,18.4,5942.0,4.506,0.938,15.509
K03197.01,CANDIDATE,22.599501,4.38,76.9,0.96,68.48,734.0,0.12,2.9,6335.0,4.375,1.087,11.531
K04723.01,FALSE POSITIVE,373.74856,28.18,797.8,4.45,1.59,287.0,0.9735,12.6,6343.0,4.411,1.137,15.642
K04724.01,FALSE POSITIVE,20.8822079,4.556,1107.0,3.63,45.17,661.0,0.1364,11.0,5780.0,4.438,1.0,14.945
K04725.01,CONFIRMED,7.28171395,1.723,111.6,2.59,329.68,1086.0,0.956,14.4,4970.0,3.924,1.806,13.367
K04726.01,FALSE POSITIVE,8.0386699,3.549,142.0,1.18,173.92,926.0,0.399,11.6,6018.0,4.485,0.975,14.999
K04500.02,CONFIRMED,44.9851885,4.164,617.8,2.09,8.34,433.0,0.664,12.7,5295.0,4.548,0.8,15.85
K04501.01,FALSE POSITIVE,6.67410577,3.645,160.9,1.62,257.38,1022.0,0.927,12.6,5949.0,4.389,1.041,15.066
K04502.01,FALSE POSITIVE,374.92478,18.05,610.0,1.67,0.2,171.0,0.348,6.0,4407.0,4.593,0.69,15.822
K04503.01,CANDIDATE,5.89089509,2.402,267.7,1.54,223.02,985.0,0.282,11.7,5869.0,4.513,0.942,15.683
K04504.01,CANDIDATE,4.13029832,2.461,325.3,1.44,231.52,995.0,0.041,8.7,5490.0,4.557,0.81,15.956
K04572.01,FALSE POSITIVE,4.60690612,4.176,137.5,0.9,192.38,950.0,0.203,13.3,5529.0,4.583,0.775,15.069
K04573.01,FALSE POSITIVE,1.50178705,2.936,86.7,0.93,1619.24,1617.0,0.359,13.4,5964.0,4.471,0.987,15.028
K03167.01,FALSE POSITIVE,0.499664962,1.6123,34.3,0.5,4230.98,2056.0,0.28,31.6,5570.0,4.561,0.855,10.437
K04574.01,FALSE POSITIVE,17.4453935,6.39,501.7,32.01,83.11,770.0,1.254,16.4,6260.0,4.433,1.063,15.954
K04575.01,CANDIDATE,201.325036,14.4,125.4,1.98,6.71,410.0,0.597,14.2,6120.0,4.093,1.699,13.174
K04643.01,CANDIDATE,5.59346375,1.668,236.5,1.43,243.63,1008.0,0.079,9.5,5874.0,4.498,0.933,15.308
K04644.01,CANDIDATE,3.44928111,1.424,237.0,1.23,206.55,966.0,0.534,9.7,5119.0,4.591,0.781,15.144
K04645.01,FALSE POSITIVE,1.4725859,2.953,84.4,0.93,1801.98,1662.0,0.377,13.3,6077.0,4.471,0.999,15.117
K04646.01,FALSE POSITIVE,2.97607935,4.606,130.4,1.1,404.28,1144.0,0.7955,14.1,5547.0,4.534,0.865,15.331
K04647.01,CANDIDATE,37.9043889,11.638,98.2,1.97,54.36,693.0,0.473,13.9,5303.0,3.87,1.964,13.726
K04712.01,FALSE POSITIVE,1.44438449,2.704,75.4,1.08,3622.28,1980.0,0.466,10.8,6667.0,4.358,1.213,14.815
K03196.02,CANDIDATE,6.88297756,2.065,30.4,0.77,400.53,1141.0,0.707,13.2,6117.0,4.244,1.298,11.525
K04713.01,CANDIDATE,8.7963166,4.696,96.5,1.36,142.92,882.0,0.979,11.9,5780.0,4.438,1.0,13.641
K04714.01,CANDIDATE,2.049602348,1.061,186.1,1.08,494.57,1203.0,0.435,11.3,5356.0,4.589,0.78,15.277
K04715.01,CANDIDATE,53.285584,6.492,158.6,1.44,19.63,537.0,0.754,11.0,6015.0,4.297,1.057,13.98
K04716.01,CANDIDATE,5.8943338,3.475,28.9,0.61,335.9,1092.0,0.003,10.7,5929.0,4.357,1.145,12.322
K04504.02,CANDIDATE,8.119343,3.558,350.4,1.5,94.08,794.0,0.032,8.2,5490.0,4.557,0.81,15.956
K03158.04,CONFIRMED,7.74347801,2.7878,77.8,0.62,65.88,727.0,0.018,24.4,5051.0,4.562,0.721,8.717
K04505.01,CANDIDATE,18.0071438,5.401,80.8,1.05,96.25,799.0,0.081,13.1,6173.0,4.314,1.167,13.615
K04506.01,CONFIRMED,5.60473115,2.885,210.0,1.11,132.98,866.0,0.221,11.9,5401.0,4.593,0.777,15.683
K04507.01,FALSE POSITIVE,132.778041,5.624,9036.0,10.38,3.83,357.0,0.735,10.6,5780.0,4.438,1.0,13.34
K04508.01,CANDIDATE,2.49915311,1.803,179.2,1.02,220.65,983.0,0.666,13.4,4705.0,4.572,0.72,15.352
K04576.01,FALSE POSITIVE,184.568,13.09,409.9,1.53,1.5,282.0,0.2544,10.2,5680.0,4.595,0.75,15.185
K04577.01,CANDIDATE,105.997107,3.751,430.8,1.83,4.59,373.0,0.667,10.9,6068.0,4.565,0.831,14.894
K04578.01,FALSE POSITIVE,2.48882685,3.487,80.2,1.05,1124.85,1477.0,0.711,14.2,6246.0,4.433,1.092,14.768
K04579.01,FALSE POSITIVE,367.19796,15.92,146.1,1.08,0.96,253.0,0.0858,10.7,6054.0,4.525,0.889,13.592
K04580.01,CANDIDATE,6.30432354,2.508,40.0,1.23,1229.72,1510.0,0.665,10.7,6728.0,3.987,1.836,13.01
K04648.01,FALSE POSITIVE,17.6604653,2.837,309.2,1.76,53.57,690.0,0.689,11.3,5910.0,4.505,0.94,15.768
K04649.01,CANDIDATE,3.38419892,1.485,228.2,1.2,313.79,1074.0,0.176,11.5,5613.0,4.581,0.795,15.446
K04650.01,FALSE POSITIVE,1.69999106,3.289,95.6,0.55,180.38,934.0,0.388,10.6,4289.0,4.684,0.554,15.928
K04651.01,CANDIDATE,1.19260017,1.502,58.0,0.77,2107.84,1726.0,0.015,11.7,5600.0,4.349,1.013,13.818
K04652.01,FALSE POSITIVE,4.2059745,8.006,41.2,0.75,601.3,1263.0,0.115,7.7,5960.0,4.291,1.163,14.734
K04717.01,CANDIDATE,216.456055,11.067,1002.8,3.61,2.48,320.0,0.033,14.2,5645.0,4.299,1.155,15.58
K04718.01,FALSE POSITIVE,0.566803216,3.325,20.2,0.54,11526.75,2642.0,0.424,15.5,6473.0,4.33,1.182,13.449
K04719.01,FALSE POSITIVE,365.13981,4.46,531.0,1.86,0.64,228.0,0.0901,7.9,5610.0,4.564,0.815,14.934
K04720.01,FALSE POSITIVE,37.809539,7.547,487.4,1.79,12.89,483.0,0.03,9.7,5595.0,4.57,0.82,15.752
K04721.01,FALSE POSITIVE,381.18654,9.73,985.0,2.29,0.33,193.0,0.4109,9.0,4977.0,4.607,0.734,15.845
K04509.01,CANDIDATE,12.003678,2.799,281.7,0.97,15.12,503.0,0.076,12.0,4328.0,4.654,0.594,15.675
K04510.01,CONFIRMED,5.17624997,5.261,78.7,1.31,565.42,1243.0,0.097,13.4,5578.0,4.088,1.497,14.435
K04511.01,FALSE POSITIVE,370.62071,12.58,344.3,2.12,1.78,295.0,0.1419,10.5,6432.0,4.382,1.136,15.045
K04512.01,FALSE POSITIVE,0.589458602,0.8278,158.4,0.98,2736.51,1848.0,0.086,17.3,5286.0,4.517,0.776,15.314
K04513.01,CONFIRMED,3.91794676,2.549,116.5,0.94,266.81,1030.0,0.337,13.5,5500.0,4.547,0.87,14.75
K04581.01,CANDIDATE,6.0059966,3.096,39.2,0.73,385.87,1130.0,0.135,7.8,6103.0,4.331,1.16,13.549
K04582.01,CANDIDATE,4.22426989,4.22,13.6,0.35,309.32,1069.0,0.716,11.0,5735.0,4.501,0.883,11.756
K04583.01,CANDIDATE,330.906041,3.846,740.0,2.05,0.6,225.0,0.005,7.3,5461.0,4.589,0.769,15.77
K03168.01,CANDIDATE,56.3479517,8.789,43.6,1.06,27.97,586.0,0.768,15.1,5843.0,4.086,1.471,10.455
K04584.01,FALSE POSITIVE,0.614701901,0.947,131.6,0.82,1779.79,1656.0,0.2344,11.2,4954.0,4.563,0.724,15.893
K03185.01,FALSE POSITIVE,0.934181579,3.943,12.1,0.79,26937.31,3268.0,0.62,19.8,7624.0,4.029,2.152,11.219
K04653.01,CANDIDATE,19.9778599,5.96,83.4,1.07,84.29,773.0,0.172,12.8,6392.0,4.399,1.162,13.52
K04654.01,FALSE POSITIVE,379.65261,19.04,82.3,1.2,2.8,330.0,0.1971,8.0,6471.0,4.141,1.302,13.223
K04655.01,CANDIDATE,17.543847,5.948,196.3,1.15,44.42,658.0,0.579,9.9,5957.0,4.579,0.791,15.388
K04656.01,CANDIDATE,3.8183717,2.687,50.8,1.39,1894.37,1683.0,0.878,11.8,6738.0,4.109,1.692,13.821
K04727.01,FALSE POSITIVE,1.215181097,1.295,39.7,0.87,5844.41,2230.0,0.1356,11.8,6717.0,4.268,1.365,13.516
K04728.01,FALSE POSITIVE,21.5324915,4.156,100.5,1.47,139.32,876.0,0.5366,12.1,6737.0,4.228,1.41,13.41
K04729.01,FALSE POSITIVE,3.74779583,3.157,88.5,1.06,725.94,1324.0,0.39,14.4,6341.0,4.409,1.111,14.416
K04730.01,CANDIDATE,9.07829171,0.783,530.9,3.69,221.32,984.0,0.164,7.0,5086.0,4.002,1.611,14.383
K04731.01,FALSE POSITIVE,0.91842238,5.664,162.9,16.07,1280.4,1525.0,1.186,12.9,5288.0,4.613,0.74,15.899
K04514.01,FALSE POSITIVE,373.43233,16.5,166.7,1.48,1.66,290.0,0.0802,12.9,6146.0,4.303,1.141,13.477
K03158.05,CONFIRMED,9.74048508,1.6993,121.4,0.95,48.52,673.0,0.89,25.8,5051.0,4.562,0.721,8.717
K04515.01,FALSE POSITIVE,397.73781,13.08,460.8,2.2,1.16,264.0,0.1656,8.8,6194.0,4.457,1.02,15.548
K04516.01,FALSE POSITIVE,5.35745121,2.592,78.2,1.65,1065.83,1457.0,0.119,16.4,6123.0,3.982,1.86,12.596
K04517.01,FALSE POSITIVE,2.16132662,4.487,112.2,0.5,52.58,687.0,0.778,25.3,3754.0,4.818,0.43,14.751
K07693.01,CANDIDATE,6.41097179,2.582,233.5,1.4,146.16,886.0,0.261,8.5,5383.0,4.486,0.933,15.631
K04585.01,CONFIRMED,6.76289308,6.204,50.9,1.21,754.37,1337.0,0.553,14.6,6547.0,4.122,1.63,13.499
K04586.01,CANDIDATE,75.2116373,3.203,362.6,2.83,16.78,516.0,0.058,13.1,5818.0,4.165,1.5,14.39
K04587.01,CANDIDATE,6.36283414,3.752,159.4,1.12,197.84,956.0,0.141,9.9,5955.0,4.534,0.883,15.567
K04588.01,CANDIDATE,7.53737498,3.966,41.1,0.93,506.84,1210.0,0.225,11.3,6483.0,4.206,1.436,12.912
K04589.01,FALSE POSITIVE,1.09844642,1.528,45.0,1.73,17139.77,2921.0,0.727,15.1,6403.0,3.772,2.391,13.19
K07675.01,FALSE POSITIVE,25.94947,15.7,238.3,1.22,15.74,508.0,0.678,8.2,5348.0,4.609,0.748,15.908
K04657.01,CANDIDATE,7.57600886,3.361,49.0,0.54,86.87,778.0,0.267,12.5,5361.0,4.588,0.774,13.241
K04658.01,FALSE POSITIVE,1.8789138,4.279,30.2,1.9,29112.69,3330.0,0.536,17.8,8046.0,3.704,3.339,12.95
K04659.01,CONFIRMED,41.8681996,5.783,150.7,1.25,13.89,492.0,0.923,12.5,5852.0,4.559,0.837,13.664
K04660.01,FALSE POSITIVE,0.514771509,1.256,43.4,0.57,4749.21,2113.0,0.222,12.0,5730.0,4.545,0.87,14.198
K04661.01,CONFIRMED,8.61742738,2.713,154.9,1.01,68.28,733.0,0.059,11.3,5009.0,4.491,0.84,14.79
K04448.01,FALSE POSITIVE,35.945188,8.23,72.6,1.5,91.51,789.0,0.1278,4.1,6578.0,4.087,1.744,11.628
K04449.01,FALSE POSITIVE,5.00749378,2.898,56.6,1.68,1192.26,1499.0,0.206,14.7,5242.0,3.644,2.243,12.938
K04450.01,CONFIRMED,196.436796,8.556,631.9,2.33,1.72,292.0,0.019,14.4,5462.0,4.452,0.946,15.139
K04451.01,CANDIDATE,8.8303681,3.426,296.2,1.32,49.36,676.0,0.746,10.9,5051.0,4.628,0.706,15.945
K04452.01,CANDIDATE,12.85755895,4.831,106.5,1.23,129.15,860.0,0.55,14.2,5860.0,4.276,1.156,13.821
K04518.01,FALSE POSITIVE,0.566810643,3.471,45.6,0.52,3605.07,1976.0,0.315,17.2,5776.0,4.598,0.758,14.844
K07685.02,CANDIDATE,33.502923,11.947,70.9,1.08,40.79,645.0,0.756,12.5,5999.0,4.263,1.177,13.219
K04519.01,CANDIDATE,148.568877,4.399,404.4,5.97,22.49,555.0,0.243,11.6,5814.0,3.68,2.985,14.744
K04520.01,CANDIDATE,9.3335486,6.643,71.2,1.69,323.68,1082.0,0.725,11.7,5354.0,3.927,1.863,14.276
K04521.01,FALSE POSITIVE,262.477098,5.816,1016.0,1.92,0.24,178.0,0.0753,9.7,4227.0,4.641,0.62,15.72
K04522.01,FALSE POSITIVE,2.21030572,2.492,92.0,1.06,1440.34,1572.0,0.233,11.4,6355.0,4.418,1.09,14.886
K04590.01,CANDIDATE,9.54060855,1.869,462.0,1.75,69.25,735.0,0.031,11.2,5271.0,4.522,0.831,15.836
K07694.01,FALSE POSITIVE,5.99321872,3.92,203.2,1.23,194.41,952.0,0.02,9.5,5853.0,4.544,0.868,15.512
K04591.01,CANDIDATE,1.80926734,2.469,98.0,0.89,1028.71,1444.0,0.385,10.9,5897.0,4.531,0.891,15.186
K04592.01,FALSE POSITIVE,0.70544189,1.772,133.5,1.04,3481.65,1960.0,0.328,13.9,5838.0,4.529,0.897,15.826
K04593.01,FALSE POSITIVE,0.981399749,0.5051,158.3,1.21,2602.14,1820.0,0.408,16.2,6038.0,4.524,0.898,14.652
K00750.02,CANDIDATE,5.04413987,1.623,172.0,1.18,130.09,862.0,0.727,10.2,4954.0,4.5,0.828,15.377
K04662.01,FALSE POSITIVE,0.933728755,4.363,13.5,0.72,14057.75,2777.0,0.645,17.9,6652.0,4.036,1.863,10.959
K03188.01,FALSE POSITIVE,12.607591424,29.1267,79.5,1.61,101.31,809.0,0.996,41.6,6047.0,4.47,1.002,11.36
K07676.01,CANDIDATE,5.3694084,3.949,40.0,0.62,212.68,974.0,0.837,8.0,5753.0,4.538,0.869,13.786
K04663.01,CANDIDATE,5.65690281,3.583,32.2,0.74,425.7,1159.0,0.014,10.4,5687.0,4.191,1.32,12.715
K04664.01,FALSE POSITIVE,0.734573766,1.295,68.4,0.86,4270.04,2061.0,0.044,11.4,5602.0,4.325,1.051,14.617
K04665.01,FALSE POSITIVE,289.86046,11.103,234.5,1.5,1.43,279.0,0.3711,10.3,5914.0,4.451,0.971,13.696
K04453.01,FALSE POSITIVE,357.13089,13.04,330.5,1.62,0.87,246.0,0.1365,11.8,5838.0,4.529,0.897,15.271
K04454.01,FALSE POSITIVE,370.50684,12.132,418.6,2.06,1.39,277.0,0.0647,8.8,6360.0,4.458,0.999,14.851
K04455.01,FALSE POSITIVE,1.332580225,2.057,46.3,2.18,22103.67,3111.0,0.519,16.4,6858.0,3.731,3.096,13.922
K04456.01,CANDIDATE,7.4299322,4.013,164.9,1.81,259.7,1024.0,0.826,9.8,5635.0,4.23,1.252,15.128
K04457.01,CANDIDATE,79.334347,10.886,164.9,1.56,14.73,500.0,0.652,14.6,6384.0,4.33,1.15,13.815
K04523.01,CANDIDATE,5.68251605,3.479,81.2,1.03,333.82,1090.0,0.0,9.4,5753.0,4.319,1.157,14.878
K04524.01,CONFIRMED,7.99144696,3.639,145.0,1.53,155.95,901.0,0.94,12.8,5700.0,4.434,1.006,14.955
K03159.01,FALSE POSITIVE,2.9039446,10.542,13.1,1.17,11446.75,2637.0,0.686,32.0,7846.0,3.829,3.05,9.162
K07686.01,FALSE POSITIVE,68.538296,3.627,1087.0,25.77,267.17,1031.0,0.002,11.3,4687.0,2.613,8.123,13.983
K04524.02,CANDIDATE,4.52628739,3.736,99.6,1.02,332.79,1089.0,0.5,12.5,5700.0,4.434,1.006,14.955
K04525.01,FALSE POSITIVE,369.7985,12.564,1106.4,2.53,0.61,225.0,0.1382,11.1,5680.0,4.582,0.757,15.696
K03172.02,FALSE POSITIVE,6.5588346,3.034,41.2,0.7,211.64,973.0,0.7173,8.1,5780.0,4.438,1.0,10.609
K04594.01,FALSE POSITIVE,0.643007769,0.69,68.1,0.35,311.13,1070.0,0.012,10.3,3925.0,4.825,0.421,14.8
K04595.01,CANDIDATE,0.597018404,0.4778,245.4,1.09,1473.77,1578.0,0.44,16.5,4985.0,4.675,0.63,15.509
K04596.01,FALSE POSITIVE,1.061937837,2.31,52.0,0.68,2252.16,1757.0,0.125,16.3,5893.0,4.505,0.941,14.171
K04597.01,CANDIDATE,4.82025124,2.129,94.1,0.78,254.2,1018.0,0.538,8.5,6035.0,4.591,0.777,14.639
K04666.01,CANDIDATE,12.4019263,4.043,211.1,1.49,60.93,713.0,0.924,9.5,5555.0,4.514,0.832,15.355
K04667.01,CANDIDATE,152.823896,7.734,456.2,2.45,5.77,395.0,0.119,9.9,6452.0,4.394,1.137,15.408
K04668.01,FALSE POSITIVE,15.07277287,0.7794,345.0,1.73,38.57,635.0,0.891,13.0,5521.0,4.594,0.771,14.269
K04669.01,FALSE POSITIVE,1.71659304,1.154,138.0,1.17,1577.89,1607.0,0.1534,9.5,6192.0,4.467,0.987,14.971
K04670.01,CANDIDATE,6.80899076,2.077,1192.0,89.29,94.48,795.0,1.9253,11.5,4992.0,4.483,0.854,16.303
K03061.02,CANDIDATE,77.915425,8.274,178.8,1.17,4.28,367.0,0.448,9.2,5135.0,4.464,0.874,14.316
K04458.01,FALSE POSITIVE,358.818895,2.503,666.1,2.66,1.11,262.0,0.825,11.5,6056.0,4.47,0.918,13.919
K04459.01,FALSE POSITIVE,181.3537,16.19,455.0,2.11,2.39,317.0,0.5983,11.7,5900.0,4.509,0.951,15.914
K04460.01,CANDIDATE,284.727213,10.299,355.3,2.02,1.41,278.0,0.316,12.7,5497.0,4.332,1.08,14.636
K04461.01,FALSE POSITIVE,3.74786694,3.632,80.9,0.89,451.72,1176.0,0.49,19.1,5957.0,4.498,0.971,13.567
K04526.01,CANDIDATE,30.5392931,6.887,428.2,2.72,47.46,669.0,0.045,15.0,5803.0,4.211,1.328,15.271
K07683.01,FALSE POSITIVE,0.913244995,0.4931,47.8,0.77,3541.46,1967.0,0.286,10.2,5923.0,4.402,1.049,13.343
K04527.01,FALSE POSITIVE,2.97599368,4.023,55.0,0.79,894.1,1395.0,0.243,13.0,6202.0,4.394,1.055,14.11
K04528.01,CANDIDATE,8.31224474,2.663,70.8,10.63,97.64,801.0,1.111,12.2,5421.0,4.483,0.816,13.019
K04529.01,FALSE POSITIVE,0.584148495,1.6192,66.2,0.87,4882.9,2130.0,0.584,21.9,5427.0,4.347,1.031,13.949
K04530.01,CANDIDATE,12.6362048,3.961,124.0,1.1,85.06,774.0,0.174,11.5,5772.0,4.457,0.992,14.241
K04598.01,FALSE POSITIVE,0.824180121,2.839,208.1,17.8,3155.32,1912.0,1.171,39.7,5977.0,4.514,0.883,14.638
K04599.01,FALSE POSITIVE,0.579770948,1.0377,467.9,2.4,3425.06,1953.0,0.946,44.3,5561.0,4.561,0.854,15.298
K07687.01,CANDIDATE,23.266633,8.315,49.9,2.66,422.77,1156.0,0.092,11.4,5758.0,3.456,3.775,13.047
K04600.01,FALSE POSITIVE,0.92225589,4.227,33.0,1.29,5614.19,2206.0,0.992,7.1,5631.0,4.114,1.485,12.352
K04601.01,CANDIDATE,7.94004281,3.282,81.9,0.98,245.79,1010.0,0.004,10.7,6278.0,4.425,1.081,13.757
K04602.01,CANDIDATE,2.85855049,2.341,85.4,1.23,510.14,1212.0,0.972,11.4,5441.0,4.415,0.964,14.636
K04671.01,FALSE POSITIVE,0.75499096,2.485,215.8,1.39,3403.34,1949.0,0.322,9.9,5743.0,4.466,0.946,15.708
K04672.01,FALSE POSITIVE,353.40191,6.681,948.0,2.35,0.39,202.0,0.4702,9.1,4957.0,4.561,0.763,15.687
K03190.01,CANDIDATE,8.95294046,2.995,44.0,0.86,247.66,1012.0,0.718,13.0,6047.0,4.266,1.207,11.458
K04673.01,FALSE POSITIVE,1.428596987,2.1401,50.0,1.62,11425.1,2637.0,0.7017,26.1,6745.0,3.901,2.144,12.619
K04674.01,CANDIDATE,4.84350003,3.045,50.2,0.9,373.1,1121.0,0.906,10.4,5762.0,4.348,1.056,13.59
K04462.01,CANDIDATE,45.163025,7.03,130.3,2.35,145.48,886.0,0.2057,8.7,7675.0,4.051,2.015,11.069
K04463.01,CANDIDATE,36.7614011,15.982,160.9,1.52,12.0,475.0,0.984,16.2,5305.0,4.504,0.823,15.598
K04464.01,CANDIDATE,4.373570433,0.623,366.0,1.23,66.12,727.0,0.1,14.5,4362.0,4.623,0.64,15.194
K04465.01,FALSE POSITIVE,2.21701025,2.148,29.4,1.16,7467.21,2371.0,0.0662,11.7,7524.0,4.067,2.092,12.734
K07677.01,FALSE POSITIVE,43.0759115,90.95,3452.0,213.46,268.5,1032.0,1.256,323.1,4766.0,2.919,5.915,9.927
K04466.01,CANDIDATE,154.674369,9.35,435.8,2.29,4.47,371.0,0.777,13.5,6338.0,4.449,1.002,15.015
K04531.01,FALSE POSITIVE,372.62637,18.52,542.0,2.38,1.05,258.0,0.5353,11.9,6014.0,4.486,0.993,15.412
K04532.01,FALSE POSITIVE,1.02087831,2.429,33.4,0.64,3115.14,1903.0,0.148,9.9,5750.0,4.337,1.106,14.103
K04533.01,FALSE POSITIVE,1.26132769,1.244,109.7,0.14,9.46,447.0,0.289,9.9,2900.0,5.224,0.132,15.918
K03161.01,FALSE POSITIVE,6.09406648,2.085,3027.0,54.54,953.63,1417.0,1.235,19.0,6785.0,4.162,1.666,9.58
K04534.01,FALSE POSITIVE,1.1578141,3.253,54.8,1.24,4895.77,2133.0,0.564,27.8,5412.0,3.941,1.629,13.548
K04603.01,CANDIDATE,15.9513866,2.285,99.2,1.17,123.03,849.0,0.197,9.2,6451.0,4.375,1.168,13.629
K03174.01,FALSE POSITIVE,0.566800926,4.407,264.5,2.19,5563.01,2200.0,0.971,63.2,5780.0,4.438,1.0,10.624
K04604.01,FALSE POSITIVE,24.1876477,2.654,194.8,118.8,88.31,782.0,1.8212,11.4,6437.0,4.273,1.31,13.544
K04605.01,CANDIDATE,7.7859111,7.788,45.5,0.68,183.92,939.0,0.675,12.0,6045.0,4.479,0.954,13.515
K04606.01,FALSE POSITIVE,2.44926655,2.988,108.2,0.76,269.06,1033.0,0.253,10.7,4840.0,4.551,0.749,15.238
K04675.01,FALSE POSITIVE,2.17812826,2.601,100.8,0.81,500.27,1206.0,0.344,10.4,5426.0,4.579,0.805,15.613
K04676.01,CANDIDATE,31.183688,6.14,139.8,3.21,139.27,876.0,0.8319,7.9,5947.0,3.814,2.407,13.931
K04677.01,FALSE POSITIVE,1.33259494,2.783,92.7,0.89,1814.46,1665.0,0.104,7.8,6063.0,4.51,0.918,15.165
K04678.01,FALSE POSITIVE,2.05048377,3.67,60.5,0.66,761.65,1339.0,0.013,14.3,5568.0,4.451,0.854,14.352
K04679.01,FALSE POSITIVE,1.19550618,3.337,26.9,0.78,5062.04,2152.0,0.483,13.3,6088.0,4.15,1.463,13.45
K04467.01,CANDIDATE,2.94242323,1.519,293.3,1.42,344.64,1098.0,0.447,14.7,5436.0,4.573,0.819,15.907
K03157.01,FALSE POSITIVE,0.683082998,4.409,143.3,9.92,492690.35,6757.0,0.694,26.1,8247.0,3.17,7.762,8.163
K04468.01,FALSE POSITIVE,0.791771167,2.4463,509.2,82.71,32163.04,3419.0,1.224,82.4,6218.0,3.678,3.07,13.852
K04469.01,FALSE POSITIVE,0.894172544,0.8302,86.2,0.68,1070.89,1461.0,0.162,16.9,4982.0,4.591,0.736,14.251
K04470.01,FALSE POSITIVE,1.68207624,1.519,54.7,1.01,3646.1,1980.0,0.56,11.1,6495.0,4.191,1.311,13.753
K04535.01,FALSE POSITIVE,9.8480917,3.079,141.9,0.88,60.47,711.0,0.127,9.7,5289.0,4.546,0.748,14.791
K04536.01,FALSE POSITIVE,0.566800593,3.909,12.3,0.48,14091.55,2783.0,0.2,10.4,6476.0,4.255,1.353,12.318
K04537.01,FALSE POSITIVE,0.969602551,1.728,111.0,0.69,750.09,1334.0,0.415,10.4,4856.0,4.643,0.66,15.522
K07678.01,CANDIDATE,13.0914878,2.037,37.5,0.79,149.52,892.0,0.145,8.0,5919.0,4.238,1.288,11.993
K04538.01,FALSE POSITIVE,9.25801294,2.854,88.1,1.73,539.51,1229.0,0.186,12.9,6200.0,3.977,1.834,13.49
K04539.01,FALSE POSITIVE,25.9554044,8.491,122.7,1.46,43.9,656.0,0.952,11.6,6058.0,4.408,1.038,14.145
K04607.01,FALSE POSITIVE,3.74788208,4.183,153.4,0.94,216.97,979.0,0.09,13.6,5340.0,4.593,0.777,15.527
K04608.01,FALSE POSITIVE,0.93479255,4.5838,247.5,24.75,4108.03,2040.0,1.2,78.3,6018.0,4.33,1.053,14.198
K04609.01,FALSE POSITIVE,361.43653,9.08,271.9,1.56,1.22,268.0,0.2175,10.8,6028.0,4.398,0.938,13.791
K04610.01,FALSE POSITIVE,0.89628253,1.397,86.4,0.76,1848.85,1670.0,0.176,13.0,5561.0,4.572,0.818,15.248
K04611.01,FALSE POSITIVE,1.67495622,2.994,35.9,0.77,2732.19,1843.0,0.399,15.3,6323.0,4.296,1.263,13.363
K04680.01,CANDIDATE,54.0812235,6.279,411.1,1.54,8.19,431.0,0.182,11.6,5757.0,4.597,0.762,15.487
K04681.01,FALSE POSITIVE,8.2344072,2.808,59.2,1.49,601.05,1263.0,0.812,11.5,6148.0,3.964,1.741,12.88
K04682.01,FALSE POSITIVE,2.15052332,3.447,115.5,1.17,934.17,1410.0,0.0303,11.0,5780.0,4.438,1.0,13.322
K03193.01,FALSE POSITIVE,32.6122381,2.886,1321.4,31.96,24.92,570.0,1.252,19.6,5780.0,4.438,1.0,11.486
K04683.01,FALSE POSITIVE,0.967073359,2.4875,773.5,28.15,2870.56,1867.0,1.222,92.4,5755.0,4.402,1.022,15.12
K04684.01,FALSE POSITIVE,3.5564279,6.998,131.4,0.8,211.41,972.0,0.359,12.3,5404.0,4.638,0.694,15.927
K04471.01,FALSE POSITIVE,0.942997994,1.1658,539.2,1.56,639.03,1283.0,0.153,29.2,4499.0,4.59,0.693,15.878
K04472.01,FALSE POSITIVE,0.566796775,5.471,144.1,0.61,176.94,931.0,0.974,32.2,3453.0,4.892,0.358,15.51
K04473.01,CONFIRMED,13.6471211,8.331,75.0,1.25,164.06,913.0,0.617,14.7,5771.0,4.106,1.382,13.897
K04474.01,CONFIRMED,16.473474,4.201,470.5,1.63,33.22,612.0,0.014,13.0,5364.0,4.529,0.754,15.889
K04475.01,FALSE POSITIVE,3.74788322,3.45,242.6,1.32,266.76,1031.0,0.544,16.3,5514.0,4.569,0.826,15.817
K04540.01,FALSE POSITIVE,0.705455349,2.469,74.9,0.64,1936.09,1693.0,0.447,18.0,5383.0,4.614,0.736,14.837
K07724.01,FALSE POSITIVE,488.67353,12.35,691.0,2.03,0.3,188.0,0.432,8.2,5218.0,4.596,0.772,15.747
K04541.01,CANDIDATE,8.5291223,3.241,325.4,2.08,162.94,911.0,0.606,12.8,5543.0,4.318,1.111,15.377
K04542.01,FALSE POSITIVE,1.08906057,2.743,76.2,0.75,1235.96,1511.0,0.29,10.4,5087.0,4.463,0.881,14.959
K04543.01,FALSE POSITIVE,1.48922187,1.882,613.6,2.5,1524.19,1594.0,0.393,10.8,5780.0,4.438,1.0,17.352
K03162.01,FALSE POSITIVE,0.716709761,0.6969,68.4,1.42,7725.24,2394.0,0.986,21.2,6109.0,4.229,1.173,10.047
K04612.01,FALSE POSITIVE,4.1083812,3.279,352.8,1.62,295.63,1058.0,0.148,11.4,5730.0,4.545,0.87,15.771
K04613.01,CONFIRMED,1.962282625,1.45,68.3,0.81,1038.36,1448.0,0.169,12.9,5726.0,4.418,0.979,13.885
K03178.01,FALSE POSITIVE,0.523629052,3.443,122.0,46.33,2181689.59,9801.0,0.045,61.4,4136.0,1.392,44.448,10.863
K04614.01,CANDIDATE,6.4546845,3.071,69.9,1.38,565.72,1244.0,0.93,10.8,6474.0,4.243,1.362,13.784
K04615.01,FALSE POSITIVE,1.04588635,2.833,102.7,1.1,3582.91,1972.0,0.204,13.2,6249.0,4.428,1.076,15.805
K04616.01,FALSE POSITIVE,51.31346091,3.94,,,,,,,,,,13.888
K04685.01,CANDIDATE,0.494247662,1.2443,224.9,1.51,6096.15,2257.0,0.366,18.1,5763.0,4.484,0.998,15.666
K04686.01,CANDIDATE,11.8299383,5.168,41.4,1.6,453.44,1177.0,0.502,11.7,5747.0,3.802,2.431,12.327
K04687.01,FALSE POSITIVE,419.92898,14.55,233.5,1.51,1.0,255.0,0.0299,7.5,6047.0,4.431,0.988,14.755
K04688.01,FALSE POSITIVE,1.23521458,0.918,89.5,0.93,2032.78,1713.0,0.458,5.0,5999.0,4.494,0.959,15.637
K04689.01,FALSE POSITIVE,1.085229874,0.652,238.1,1.37,1675.45,1632.0,0.439,7.6,5713.0,4.554,0.851,15.959
K04476.01,FALSE POSITIVE,1.540379557,2.026,76.9,0.81,1481.09,1581.0,0.329,14.6,5812.0,4.408,0.914,14.298
K04477.01,CANDIDATE,5.30179786,2.24,197.2,1.22,211.8,973.0,0.357,11.5,5749.0,4.547,0.864,15.466
K03158.01,CONFIRMED,3.60011712,2.396,50.2,0.5,182.81,938.0,0.025,21.6,5051.0,4.562,0.721,8.717
K04477.02,CONFIRMED,9.32867952,1.572,354.4,1.62,99.6,806.0,0.035,12.7,5749.0,4.547,0.864,15.466
K04478.01,CONFIRMED,6.38671206,1.201,223.7,1.19,102.25,811.0,0.015,11.6,5071.0,4.505,0.811,14.58
K04544.01,FALSE POSITIVE,158.348345,10.55,899.0,372.86,6.61,409.0,3.655,17.6,6521.0,4.352,1.276,15.028
K04545.01,CANDIDATE,0.849362238,1.36,114.9,0.85,1190.04,1498.0,0.453,11.9,4973.0,4.595,0.788,15.357
K04546.01,CANDIDATE,0.741768294,0.4164,60.3,72.36,30981.32,3380.0,1.201,14.0,5897.0,3.637,3.147,13.469
K04547.01,FALSE POSITIVE,0.93376962,7.023,125.8,16.3,3343.62,1937.0,1.142,28.5,6056.0,4.448,0.975,15.318
K07725.01,FALSE POSITIVE,322.48381,22.99,1023.4,3.5,1.06,259.0,0.938,27.0,5968.0,4.534,0.881,14.76
K04548.01,CANDIDATE,61.083322,10.396,227.5,1.61,11.01,465.0,0.649,11.5,5803.0,4.444,1.015,14.748
K04904.01,CANDIDATE,3.5944891,2.557,89.9,0.98,455.99,1178.0,0.041,10.4,5523.0,4.364,1.046,15.033
K04905.01,FALSE POSITIVE,0.739404894,1.753,246.8,0.94,589.06,1256.0,0.077,21.0,4205.0,4.635,0.624,15.962
K04906.01,CANDIDATE,4.8608059,1.966,252.1,1.21,172.76,925.0,0.374,8.9,5541.0,4.6,0.757,15.933
K04907.01,CANDIDATE,4.04481159,2.479,33.0,0.67,729.15,1325.0,0.393,7.5,6358.0,4.359,1.141,13.778
K04908.01,FALSE POSITIVE,25.949641315,11.6411,67.8,2.06,76.14,753.0,0.945,7.6,5109.0,3.873,1.922,13.956
K07702.01,FALSE POSITIVE,1.71051215,1.284,42.2,1.04,3820.16,2004.0,0.057,11.2,5925.0,3.989,1.589,13.095
K03296.01,CONFIRMED,62.869463,6.842,341.7,1.96,3.51,349.0,0.954,16.2,4762.0,4.535,0.781,14.591
K03297.01,FALSE POSITIVE,84.8062818,9.0006,9936.0,36.51,5.33,388.0,1.265,121.6,5735.0,4.525,0.853,15.808
K03298.01,CONFIRMED,29.9632816,2.6,893.2,2.24,5.55,391.0,0.855,17.7,4463.0,4.623,0.638,15.947
K03299.01,FALSE POSITIVE,17.99643716,4.164,36923.0,30.08,11.31,468.0,1.122,123.5,4438.0,4.606,0.666,14.845
K01196.02,CONFIRMED,11.63486009,5.466,292.3,2.61,201.96,961.0,0.053,18.4,5570.0,4.066,1.548,15.035
K07712.01,CANDIDATE,4.8302364,7.983,22.5,1.06,1052.42,1453.0,0.316,11.6,5086.0,3.678,2.247,11.994
K04763.01,CANDIDATE,56.446465,7.371,147.9,1.57,17.5,522.0,0.874,12.4,5995.0,4.337,1.117,14.046
K04764.01,CANDIDATE,31.4202111,4.021,390.5,1.45,11.6,471.0,0.075,10.6,5269.0,4.603,0.748,15.809
K04765.01,CONFIRMED,10.8118317,2.627,76.8,1.24,170.74,922.0,0.896,9.5,6025.0,4.331,1.196,13.385
K04766.01,CANDIDATE,5.56676609,1.812,173.8,1.12,128.51,859.0,0.392,12.0,5032.0,4.479,0.859,15.223
K04767.01,FALSE POSITIVE,1.208528832,1.336,180.8,1.25,2084.15,1725.0,0.039,10.6,6072.0,4.51,0.923,15.912
K07718.01,FALSE POSITIVE,208.18711785,2.5404,394.7,1.99,2.1,307.0,0.321,4.2,5780.0,4.438,1.0,12.793
K04835.01,FALSE POSITIVE,0.93198504,2.0472,326.6,17.72,1734.47,1647.0,1.19,44.5,5470.0,4.509,0.777,14.477
K04836.01,FALSE POSITIVE,0.60818508,0.909,144.7,96.03,6637.9,2298.0,1.835,18.9,5981.0,4.372,1.043,14.538
K04837.01,CANDIDATE,5.38613715,1.943,169.3,0.86,121.37,846.0,0.197,8.9,5516.0,4.669,0.656,15.347
K04838.01,CANDIDATE,13.2965044,5.68,133.4,0.88,13.42,488.0,0.902,9.1,4352.0,4.671,0.613,15.073
K04839.01,CANDIDATE,21.8420304,3.843,79.5,2.01,251.46,1016.0,0.208,9.5,6194.0,3.813,2.241,13.547
K04909.01,FALSE POSITIVE,1.65320144,1.525,132.1,0.74,296.8,1059.0,0.148,6.7,4544.0,4.609,0.661,15.762
K04910.01,FALSE POSITIVE,3.37487541,3.085,53.8,0.75,649.96,1287.0,0.389,8.3,6181.0,4.464,1.006,13.858
K03223.01,FALSE POSITIVE,0.962825082,2.8464,118.1,5.18,26811.24,3265.0,0.088,40.7,4898.0,3.212,4.928,12.173
K04911.01,FALSE POSITIVE,309.494217,13.716,292.0,2.79,6.01,399.0,0.0542,14.5,6908.0,4.085,1.614,12.512
K04912.01,CANDIDATE,0.876850385,1.534,59.2,1.35,9858.55,2543.0,0.049,9.7,6102.0,4.069,1.756,14.878
K03300.01,FALSE POSITIVE,24.2382519,2.703,465.5,2.19,29.92,597.0,0.82,11.3,5763.0,4.527,0.904,15.752
K03300.02,FALSE POSITIVE,24.2416103,5.137,323.4,1.61,29.92,596.0,0.069,10.8,5763.0,4.527,0.904,15.752
K07703.01,CANDIDATE,413.51856,10.395,391.1,1.96,0.98,254.0,0.019,7.9,6031.0,4.45,0.992,15.106
K03301.01,CANDIDATE,20.7106368,2.693,142.5,1.12,36.18,626.0,0.604,11.0,5631.0,4.478,0.901,14.18
K03302.01,FALSE POSITIVE,69.3788597,3.807,530.4,2.07,7.4,421.0,0.539,16.8,5806.0,4.529,0.874,14.854
K03303.01,CONFIRMED,29.3493852,4.313,659.2,2.02,9.81,451.0,0.75,20.3,4987.0,4.613,0.722,15.689
K04768.01,CANDIDATE,3.43633133,0.675,473.5,1.44,188.22,945.0,0.114,14.5,5201.0,4.616,0.651,15.71
K04769.01,FALSE POSITIVE,449.57274,9.328,221.4,3.08,2.89,333.0,0.2059,14.1,5691.0,3.842,2.079,13.679
K04770.01,FALSE POSITIVE,245.059374,9.549,165.0,1.63,3.81,356.0,0.0927,15.1,6036.0,4.127,1.265,12.854
K04771.01,CANDIDATE,142.703888,5.808,225.5,1.95,8.88,440.0,0.062,11.0,6701.0,4.326,1.289,13.964
K04772.01,CANDIDATE,3.38080537,3.275,200.9,1.69,814.73,1362.0,0.067,11.6,6072.0,4.343,1.193,15.514
K04840.01,CANDIDATE,10.4716194,4.512,123.9,1.74,271.12,1035.0,0.184,11.7,5812.0,4.083,1.574,14.486
K03214.01,CONFIRMED,11.49500229,7.602,51.4,1.53,351.79,1105.0,0.911,22.9,6033.0,3.985,1.788,12.014
K04841.01,FALSE POSITIVE,0.708726708,0.753,313.6,0.92,684.35,1302.0,0.28,13.4,4607.0,4.733,0.515,15.986
K04842.01,FALSE POSITIVE,283.72675,15.49,84.6,1.18,3.2,341.0,0.3461,9.3,6496.0,4.301,1.257,12.768
K04843.01,FALSE POSITIVE,373.60683,8.752,534.8,2.5,1.28,271.0,0.588,9.3,6184.0,4.448,1.038,15.256
K04913.01,CANDIDATE,6.78788113,2.26,73.1,2.44,1875.92,1679.0,0.022,7.8,6537.0,3.76,2.829,13.36
K04914.01,CANDIDATE,5.47455167,3.71,73.2,1.4,419.95,1155.0,0.931,10.8,5611.0,4.19,1.312,14.211
K03224.01,CANDIDATE,3.43861067,1.264,46.8,1.01,779.48,1348.0,0.629,9.5,5383.0,4.112,1.401,12.192
K03225.01,CANDIDATE,4.8754765,1.902,39.6,0.8,458.62,1180.0,0.084,8.8,5513.0,4.179,1.286,12.207
K03226.01,FALSE POSITIVE,4.29388808,3.618,110.6,1.68,1302.16,1532.0,0.272,17.9,6615.0,4.173,1.574,12.209
K03304.01,FALSE POSITIVE,13.5437884,5.7076,6608.7,32.21,44.22,658.0,1.269,114.4,5463.0,4.582,0.794,15.023
K03305.01,CONFIRMED,65.6491001,7.298,983.9,2.52,5.48,390.0,0.038,20.5,5436.0,4.573,0.819,15.858
K03306.01,CONFIRMED,25.1593389,5.198,358.1,1.76,34.7,619.0,0.035,13.1,5973.0,4.506,0.935,15.759
K03307.01,CANDIDATE,10.5071781,2.68,271.8,1.41,69.76,737.0,0.232,11.1,5290.0,4.46,0.865,15.654
K03308.01,CONFIRMED,31.7787564,8.093,262.0,1.5,23.96,564.0,0.29,25.9,5638.0,4.391,0.928,14.159
K07704.01,CANDIDATE,5.4398033,3.256,85.5,1.0,361.47,1112.0,0.136,8.4,6108.0,4.43,1.08,14.829
K03205.01,FALSE POSITIVE,1.332568744,3.755,24.1,0.58,3346.25,1941.0,0.751,29.1,6620.0,4.411,1.081,11.834
K04772.02,CONFIRMED,9.0194714,5.92,191.6,1.07,91.74,789.0,0.2805,7.2,5775.0,4.59,0.768,15.514
K04773.01,CANDIDATE,8.8493948,6.928,43.8,0.82,216.18,978.0,0.819,12.1,6095.0,4.349,1.11,13.556
K04774.01,CANDIDATE,51.567801,5.514,210.1,1.3,8.3,433.0,0.554,13.5,5285.0,4.467,0.876,13.882
K04775.01,CANDIDATE,16.4491515,6.696,70.9,2.75,272.9,1036.0,0.866,11.0,5334.0,3.712,2.789,12.999
K04844.01,CANDIDATE,0.428046051,0.776,126.0,0.87,3877.26,2017.0,0.041,14.1,5285.0,4.566,0.775,15.247
K04845.01,FALSE POSITIVE,0.814278961,2.087,72.0,0.76,2284.94,1762.0,0.451,13.0,5537.0,4.539,0.886,15.367
K04846.01,CANDIDATE,19.254536,4.754,186.0,1.32,36.02,625.0,0.806,9.2,5668.0,4.545,0.868,15.23
K04847.01,FALSE POSITIVE,2.1890751,2.365,94.8,0.87,906.2,1399.0,0.048,12.6,6077.0,4.526,0.891,14.92
K04848.01,CANDIDATE,384.6961,6.167,787.0,1.78,0.14,157.0,0.5221,8.2,4228.0,4.64,0.623,15.677
K03227.01,FALSE POSITIVE,2.42649862,2.014,29.2,0.75,1705.27,1638.0,0.673,15.2,6033.0,4.176,1.316,12.222
K03230.01,FALSE POSITIVE,8.80854183,34.7564,174.7,2.69,236.05,1000.0,0.993,137.3,6017.0,4.3,1.21,12.239
K07719.01,FALSE POSITIVE,219.74735,22.48,190.4,3.24,7.82,427.0,0.097,12.7,5127.0,3.602,2.38,12.821
K03231.01,FALSE POSITIVE,19.7639874,12.319,51.3,1.19,155.45,900.0,0.489,13.5,6195.0,4.072,1.617,12.25
K03232.01,CONFIRMED,6.05919881,1.365,154.2,1.21,214.55,976.0,0.438,11.7,5734.0,4.462,0.962,12.253
K00279.03,CONFIRMED,7.5143967,4.865,36.3,0.96,488.52,1199.0,0.399,9.8,6206.0,4.159,1.573,11.684
K01196.03,CONFIRMED,33.1981761,4.709,336.7,3.21,49.9,678.0,0.826,11.8,5570.0,4.066,1.548,15.035
K03308.02,CONFIRMED,5.32784157,4.696,87.2,0.86,259.32,1023.0,0.116,15.9,5638.0,4.391,0.928,14.159
K03309.01,CANDIDATE,71.05457555,1.9162,4853.2,5.91,5.45,390.0,0.061,95.9,5290.0,4.46,0.865,14.71
K03310.01,CANDIDATE,20.5512722,4.639,191.2,1.64,32.01,607.0,0.946,20.0,5401.0,4.464,0.918,13.55
K03311.01,CONFIRMED,31.827649,1.639,520.0,4.98,47.21,668.0,0.785,16.4,4774.0,3.838,1.954,14.41
K04776.01,CANDIDATE,7.5861587,4.32,116.8,1.07,175.29,928.0,0.858,10.8,5934.0,4.444,0.871,14.84
K04777.01,CONFIRMED,0.824000125,0.855,183.1,0.42,73.09,746.0,0.7697,12.3,3396.0,4.991,0.28,15.896
K04778.01,FALSE POSITIVE,0.772152075,1.78,43.6,4.44,18277.6,2966.0,1.009,13.6,5951.0,3.787,2.08,13.308
K07706.01,CANDIDATE,42.049523793,2.1372,607.9,1.19,2.0,303.0,0.23,5.1,4281.0,4.761,0.48,15.263
K04779.01,FALSE POSITIVE,1.08469871,4.077,124.0,1.11,2247.25,1757.0,0.672,16.9,5942.0,4.506,0.938,15.824
K04780.01,CANDIDATE,6.60180003,2.624,213.4,1.25,138.25,875.0,0.204,8.1,5591.0,4.559,0.86,15.414
K04849.01,CANDIDATE,3.19938075,1.761,76.1,0.62,262.08,1026.0,0.268,9.8,5483.0,4.632,0.702,14.261
K04850.01,CANDIDATE,3.04185157,1.434,69.0,0.71,465.54,1184.0,0.176,11.1,5802.0,4.537,0.857,14.147
K03216.01,FALSE POSITIVE,5.660274452,0.9077,414.1,11.02,192.77,950.0,1.092,26.4,5615.0,4.478,0.842,12.049
K04851.01,FALSE POSITIVE,1.23512429,4.22,15.2,0.38,1722.78,1642.0,0.556,15.7,5798.0,4.507,0.941,11.438
K07713.01,FALSE POSITIVE,1.381257093,1.125,92.3,1.1,2110.47,1728.0,0.351,11.0,5861.0,4.385,1.131,14.943
K04852.01,CANDIDATE,1.89873195,1.382,78.0,0.93,1279.95,1524.0,0.197,10.2,5942.0,4.439,1.05,14.457
K01101.02,CANDIDATE,11.39110963,2.749,593.4,1.9,37.65,632.0,0.569,12.1,4999.0,4.587,0.76,15.681
K03234.01,CONFIRMED,2.41810158,2.144,46.8,0.85,1555.96,1602.0,0.016,13.4,6258.0,4.307,1.239,12.278
K03236.01,CANDIDATE,7.13044117,2.566,31.9,1.18,908.79,1400.0,0.068,10.5,6312.0,3.964,2.074,12.31
K03237.01,CONFIRMED,33.4203001,5.307,436.6,2.46,27.02,581.0,0.789,8.9,5731.0,4.372,1.066,12.325
K03238.01,FALSE POSITIVE,58.3437362,22.482,1266.8,93.55,87.03,779.0,1.246,75.0,5896.0,3.65,3.006,12.33
K03239.01,FALSE POSITIVE,1.070982122,1.255,43.4,0.98,4811.39,2122.0,0.563,9.0,5717.0,4.109,1.433,12.334
K03312.01,CANDIDATE,18.0939004,3.294,467.3,1.91,46.21,665.0,0.445,11.6,5904.0,4.543,0.867,15.739
K03313.01,CANDIDATE,34.9524256,1.717,677.0,21.74,8.02,429.0,1.225,15.8,4921.0,4.591,0.779,14.767
K03314.01,FALSE POSITIVE,23.81578356,3.7591,4856.7,8.4,23.2,560.0,0.958,71.0,5561.0,4.572,0.818,16.029
K03315.01,CONFIRMED,31.1748311,3.79,200.2,1.31,27.62,585.0,0.016,17.0,6086.0,4.511,0.921,13.926
K07726.01,FALSE POSITIVE,0.474811162,1.169,205.2,1.28,5603.32,2206.0,0.44,17.4,5799.0,4.539,0.878,15.733
K03316.01,CONFIRMED,47.0568476,5.2232,1531.2,2.84,6.72,411.0,0.027,38.0,5288.0,4.613,0.74,15.549
K04781.01,FALSE POSITIVE,367.73299,10.158,503.9,2.1,1.19,266.0,0.0064,11.2,6225.0,4.481,0.931,14.892
K03206.01,CANDIDATE,15.1516409,5.105,191.5,1.38,69.25,736.0,0.173,11.4,5780.0,4.438,1.0,11.843
K04782.01,CANDIDATE,7.4213444,2.361,315.9,1.73,195.23,953.0,0.1732,8.7,6032.0,4.485,0.973,15.85
K04783.01,FALSE POSITIVE,0.743495989,2.255,172.8,11.82,1612.65,1617.0,1.144,26.0,5345.0,4.639,0.686,15.222
K04784.01,FALSE POSITIVE,1.405887031,1.184,216.0,0.95,329.99,1086.0,0.364,13.8,4440.0,4.618,0.653,15.643
K04853.01,CANDIDATE,17.7412303,4.816,144.7,1.14,51.69,684.0,0.065,9.2,5817.0,4.491,0.956,14.641
K04854.01,CANDIDATE,2.63527677,1.997,70.4,0.76,394.32,1136.0,0.646,10.7,5215.0,4.496,0.864,14.342
K04855.01,FALSE POSITIVE,1.45728997,3.582,71.3,0.93,1818.19,1665.0,0.749,15.5,6063.0,4.476,1.012,14.561
K04856.01,CANDIDATE,147.388124,8.781,909.2,3.03,3.78,356.0,0.005,15.8,6046.0,4.478,1.007,15.817
K04857.01,CANDIDATE,4.11497357,3.025,154.1,1.17,395.27,1137.0,0.396,9.7,6011.0,4.507,0.927,15.392
K03240.01,FALSE POSITIVE,1.245331397,2.566,38.1,1.61,12115.45,2678.0,0.649,26.5,6106.0,3.781,2.477,12.341
K07714.01,FALSE POSITIVE,1.52593737,1.958,159.1,1.39,1963.41,1697.0,0.681,9.6,6184.0,4.448,1.038,14.943
K03241.01,FALSE POSITIVE,8.21429932,3.099,70.7,1.66,701.11,1312.0,0.667,19.7,6277.0,3.951,1.869,12.344
K03242.01,FALSE POSITIVE,1.54945486,6.698,21.8,1.34,19304.93,3006.0,0.228,20.9,7382.0,3.838,2.804,12.374
K03243.01,FALSE POSITIVE,8.42943991,2.441,89.1,1.19,265.39,1029.0,0.82,19.7,6353.0,4.375,1.132,12.385
K03245.01,CONFIRMED,10.60052083,4.509,60.9,1.09,224.28,987.0,0.729,17.4,6035.0,4.212,1.303,12.405
K01132.02,FALSE POSITIVE,0.9570701,2.75,,,,,,,,,,14.446
K03324.01,CONFIRMED,21.8634638,3.542,871.0,2.37,21.77,551.0,0.502,9.9,5383.0,4.587,0.789,15.965
K03325.01,FALSE POSITIVE,86.4392931,6.534,1175.1,35.31,8.99,442.0,1.28,20.5,6208.0,4.454,1.024,14.329
K01422.04,CONFIRMED,63.3354719,3.651,983.0,1.18,0.39,202.0,0.029,13.0,3526.0,4.866,0.383,15.921
K03326.01,FALSE POSITIVE,14.77820911,5.395,10774.0,44.48,101.07,809.0,1.258,123.1,6258.0,4.442,1.046,15.696
K03327.01,FALSE POSITIVE,15.60862948,6.6957,34356.0,39.42,41.71,648.0,1.171,186.0,5569.0,4.566,0.829,15.466
K04785.01,FALSE POSITIVE,389.14115,7.93,347.4,1.67,0.92,250.0,0.0973,10.1,6043.0,4.505,0.894,14.534
K04786.01,FALSE POSITIVE,365.78863,12.76,885.0,2.21,0.5,215.0,0.1564,10.5,5407.0,4.585,0.752,15.964
K04787.01,FALSE POSITIVE,2.4826619,2.115,37.0,0.8,1627.36,1619.0,0.731,10.0,6356.0,4.292,1.225,13.505
K04788.01,FALSE POSITIVE,2.17811908,1.468,74.0,0.8,938.51,1412.0,0.3437,9.8,6039.0,4.505,0.921,14.555
K04789.01,FALSE POSITIVE,1.11205787,1.459,118.7,1.02,2484.64,1799.0,0.008,16.1,6098.0,4.488,0.932,14.935
K04858.01,FALSE POSITIVE,224.447413,4.986,651.0,2.05,1.08,260.0,0.4162,7.9,5489.0,4.574,0.798,15.618
K04859.01,CANDIDATE,7.5019743,2.582,248.0,1.19,59.73,709.0,0.442,9.1,4807.0,4.546,0.758,15.562
K04860.01,FALSE POSITIVE,21.8660922,2.03,301.6,1.88,67.15,730.0,0.057,9.2,6309.0,4.402,1.077,15.019
K03217.01,FALSE POSITIVE,5.09506,5.73,23.6,2.14,6030.14,2247.0,0.691,7.6,6700.0,3.48,4.146,12.062
K04861.01,CANDIDATE,29.1206519,2.89,415.5,1.6,18.43,528.0,0.195,9.7,5671.0,4.582,0.788,15.536
K03246.01,CONFIRMED,0.689967868,1.1688,122.9,0.78,1336.82,1539.0,0.119,28.7,4872.0,4.615,0.726,12.411
K03247.01,FALSE POSITIVE,1.89132292,5.607,16.0,0.9,14532.55,2799.0,0.709,14.8,8482.0,4.089,2.106,12.417
K03248.01,CANDIDATE,6.91261536,2.359,34.4,0.64,218.66,981.0,0.656,12.0,5761.0,4.383,1.044,12.419
K07715.01,CANDIDATE,25.8616058,7.78,123.0,1.12,33.37,613.0,0.855,8.5,6067.0,4.524,0.884,15.183
K03249.01,FALSE POSITIVE,0.918420801,3.533,56.7,1.14,7502.5,2374.0,0.656,40.3,6210.0,4.166,1.434,12.434
K03250.01,FALSE POSITIVE,0.573709256,1.4932,131.2,7.05,90258.45,4415.0,0.69,37.5,5261.0,3.13,5.769,12.436
K03318.01,CONFIRMED,13.8353959,4.961,818.0,3.78,101.05,809.0,0.94,10.3,6020.0,4.403,1.057,15.842
K01404.02,CANDIDATE,18.9060921,4.125,375.6,0.87,3.03,336.0,0.004,11.9,3751.0,4.813,0.45,15.931
K03318.02,CANDIDATE,25.6970688,3.739,835.0,3.83,44.24,658.0,0.943,6.4,6020.0,4.403,1.057,15.842
K07720.01,FALSE POSITIVE,46.9434911,1.368,100.7,1.57,47.27,669.0,0.213,6.6,6253.0,4.102,1.55,13.098
K03319.01,CONFIRMED,19.5906103,6.745,297.0,2.64,106.48,819.0,0.529,24.9,5794.0,4.118,1.496,15.024
K03319.02,CONFIRMED,8.23983041,5.619,251.0,2.35,338.17,1093.0,0.012,29.4,5794.0,4.118,1.496,15.024
K04790.01,CANDIDATE,6.07855,3.408,102.7,1.14,365.15,1115.0,0.3408,10.4,6119.0,4.346,1.114,14.458
K04791.01,FALSE POSITIVE,427.65334,11.17,157.1,1.97,1.53,284.0,0.4355,7.2,5325.0,4.004,1.565,13.776
K00806.05,FALSE POSITIVE,412.041857,5.572,1959.0,3.77,0.52,217.0,0.1068,12.3,5485.0,4.556,0.867,15.403
K03208.01,CANDIDATE,2.131660527,1.8585,32.2,0.56,1010.45,1438.0,0.036,15.7,5849.0,4.426,0.997,11.893
K04792.01,CANDIDATE,5.75902182,2.687,70.8,0.91,362.12,1112.0,0.329,9.9,6247.0,4.433,1.066,14.199
K04862.01,CANDIDATE,0.903763067,0.562,267.5,1.08,585.15,1254.0,0.0938,12.6,4430.0,4.616,0.651,15.697
K04863.01,FALSE POSITIVE,0.9628348,2.259,92.8,0.81,1734.83,1648.0,0.309,7.6,5559.0,4.554,0.838,15.466
K04864.01,CANDIDATE,5.66494448,4.173,46.0,0.78,390.59,1134.0,0.4638,11.4,5888.0,4.269,1.13,13.221
K04865.01,FALSE POSITIVE,1.57017249,2.257,158.4,0.82,543.06,1232.0,0.085,10.2,5300.0,4.66,0.66,15.981
K04866.01,FALSE POSITIVE,0.566798364,3.172,38.6,0.66,6280.34,2272.0,0.487,14.1,5864.0,4.411,1.04,14.895
K03252.01,FALSE POSITIVE,3.22452656,5.156,57.5,24.48,134353.84,4883.0,0.0995,24.3,3857.0,1.338,34.674,12.474
K03253.01,FALSE POSITIVE,1.89127438,4.491,32.3,2.03,29488.85,3342.0,0.514,24.6,7919.0,3.663,3.46,12.481
K03254.01,FALSE POSITIVE,1.33256944,3.89,20.6,0.46,1636.72,1624.0,0.456,18.8,5655.0,4.431,0.998,12.496
K03255.01,CONFIRMED,66.6504521,5.744,536.9,1.56,2.14,308.0,0.433,27.1,4550.0,4.627,0.679,14.352
K03256.01,FALSE POSITIVE,55.7002642,4.285,332.7,1.18,2.14,309.0,0.2976,10.8,4267.0,4.608,0.67,14.807
K03319.03,CONFIRMED,3.54553077,4.143,119.2,1.62,1039.47,1448.0,0.143,18.1,5794.0,4.118,1.496,15.024
K03320.01,CANDIDATE,85.0624157,4.6964,41901.0,21.26,3.74,355.0,0.819,495.3,5223.0,4.52,0.875,15.954
K03321.01,FALSE POSITIVE,10.882416555,5.4674,16629.5,29.69,37.81,632.0,1.199,265.2,4946.0,4.57,0.715,14.874
K03322.01,FALSE POSITIVE,25.19830439,5.1942,73834.2,46.14,31.54,604.0,1.069,1669.4,5955.0,4.534,0.883,15.94
K03323.01,CANDIDATE,14.3196417,3.781,215.5,2.06,123.37,850.0,0.533,12.5,5562.0,4.151,1.373,15.076
K07721.01,FALSE POSITIVE,0.50727675,2.32,214.7,1.7,8524.12,2449.0,0.429,33.5,5970.0,4.399,1.143,13.639
K04793.01,CANDIDATE,5.2736268,5.291,86.1,0.89,249.68,1014.0,0.595,8.7,5851.0,4.515,0.918,15.374
K04794.01,CANDIDATE,24.5041103,6.065,119.5,1.03,25.59,574.0,0.178,11.3,5250.0,4.404,0.962,14.375
K04795.01,FALSE POSITIVE,1.316398648,1.169,182.5,1.09,842.93,1374.0,0.392,13.1,5088.0,4.508,0.806,15.797
K04796.01,FALSE POSITIVE,419.4596,13.53,131.8,2.1,2.0,303.0,0.0167,8.4,5248.0,3.886,1.869,13.846
K04797.01,CANDIDATE,9.97202023,1.425,329.7,1.26,36.53,627.0,0.401,8.6,4810.0,4.584,0.696,15.693
K04867.01,FALSE POSITIVE,14.2005007,5.232,80.6,13.28,119.41,843.0,1.106,10.6,6332.0,4.406,1.065,13.594
K04868.01,FALSE POSITIVE,1.318347743,0.871,113.2,1.23,2827.4,1861.0,0.427,10.6,6143.0,4.351,1.121,14.942
K04869.01,FALSE POSITIVE,5.5834987,2.484,87.4,1.41,711.41,1317.0,0.7862,11.8,6517.0,4.241,1.375,13.663
K04870.01,FALSE POSITIVE,1.12401084,3.052,43.6,0.61,2058.79,1719.0,0.297,10.0,5941.0,4.519,0.911,14.665
K03218.01,FALSE POSITIVE,1.21374652,3.371,28.9,0.59,2945.61,1880.0,0.57,17.4,6238.0,4.407,1.049,12.107
K01151.03,CONFIRMED,5.24970432,2.746,61.9,0.67,195.3,954.0,0.248,13.9,5528.0,4.499,0.853,13.404
K03257.01,FALSE POSITIVE,45.4333769,6.351,905.8,2.23,2.34,315.0,0.959,18.1,4371.0,4.712,0.559,15.773
K03258.01,CANDIDATE,40.3511707,3.97,533.5,1.88,12.46,479.0,0.079,11.3,5665.0,4.568,0.82,15.676
K03259.01,CANDIDATE,72.9332762,3.829,770.4,2.45,5.44,389.0,0.106,11.3,5316.0,4.47,0.902,15.679
K03260.01,CONFIRMED,56.6746666,5.516,883.1,4.01,17.59,522.0,0.626,22.7,5541.0,4.189,1.295,14.682
K03328.01,FALSE POSITIVE,63.9005941,8.2789,17097.0,25.91,3.68,353.0,1.194,110.8,5204.0,4.63,0.634,15.426
K03329.01,CANDIDATE,12.6878176,4.262,293.0,2.16,123.89,851.0,0.921,13.5,6258.0,4.442,1.046,15.813
K07716.01,CANDIDATE,483.36405,15.61,285.4,1.27,0.39,202.0,0.614,8.3,5700.0,4.626,0.718,14.861
K03330.01,CONFIRMED,16.2951259,3.678,197.9,1.15,25.59,574.0,0.494,13.0,4915.0,4.512,0.812,15.061
K03331.01,FALSE POSITIVE,18.173045009,10.9113,69911.3,24.39,42.19,650.0,0.674,1820.5,5799.0,4.548,0.86,15.927
K03332.01,FALSE POSITIVE,14.12678065,5.9303,7647.4,31.13,47.56,670.0,1.254,127.1,5656.0,4.583,0.784,15.91
K04798.01,FALSE POSITIVE,358.56462,11.64,170.2,0.99,0.55,219.0,0.4108,9.6,5375.0,4.531,0.752,13.542
K04799.01,CANDIDATE,12.0729757,3.783,99.5,1.69,208.13,969.0,0.312,9.7,5436.0,3.993,1.707,14.216
K07722.01,FALSE POSITIVE,1.337561836,1.575,41.0,1.11,6870.94,2322.0,0.055,9.5,6406.0,4.056,1.715,14.217
K04800.01,FALSE POSITIVE,2.23755641,2.089,101.1,0.93,897.8,1397.0,0.182,7.3,6026.0,4.505,0.924,15.578
K04801.01,CANDIDATE,82.401274,6.48,430.7,2.21,7.42,421.0,0.703,10.1,5886.0,4.472,1.0,15.202
K03209.01,CANDIDATE,11.91256675,6.126,123.1,2.61,562.27,1242.0,0.174,27.8,6337.0,3.893,2.335,11.915
K04871.01,CANDIDATE,4.08197713,2.943,26.2,0.6,836.88,1372.0,0.328,9.3,6538.0,4.339,1.156,13.05
K04872.01,FALSE POSITIVE,1.035268597,0.5663,112.2,1.34,4922.79,2136.0,0.3845,15.1,6332.0,4.311,1.205,13.866
K04873.01,FALSE POSITIVE,359.3259,9.836,246.2,3.6,6.69,410.0,0.2279,13.5,6570.0,3.902,2.27,13.274
K04874.01,FALSE POSITIVE,0.566805268,3.721,35.7,0.65,9052.02,2492.0,0.069,12.5,6403.0,4.418,1.086,15.061
K04875.01,CANDIDATE,0.912179022,1.332,144.6,0.65,260.05,1025.0,0.038,10.3,3880.0,4.722,0.555,15.783
K03261.01,CONFIRMED,12.27057043,3.002,295.5,1.67,102.25,811.0,0.026,18.7,6075.0,4.486,0.969,14.411
K03262.01,CONFIRMED,13.2274753,6.356,229.8,1.94,133.34,867.0,0.803,16.4,6269.0,4.405,1.155,15.05
K03263.01,CANDIDATE,76.87935893,2.3819,21272.0,7.71,0.4,202.0,0.864,131.0,3638.0,4.828,0.436,15.949
K07707.01,FALSE POSITIVE,0.559517155,0.596,57.9,1.04,13839.66,2762.0,0.328,12.7,6462.0,4.266,1.309,13.741
K03264.01,CANDIDATE,13.0151826,3.613,331.6,1.36,22.6,556.0,0.852,11.9,4794.0,4.622,0.643,15.961
K03265.01,FALSE POSITIVE,29.47316279,6.4327,12568.5,48.98,24.07,565.0,1.362,179.3,5838.0,4.529,0.897,15.957
K04732.01,FALSE POSITIVE,0.580725004,2.071,105.2,0.85,3355.68,1939.0,0.137,18.0,5471.0,4.53,0.841,15.236
K03200.01,FALSE POSITIVE,1.94468659,18.22,455.5,69.59,29219.04,3334.0,1.1592,17.1,7894.0,3.644,3.521,11.708
K04733.01,CONFIRMED,7.28116667,2.716,333.8,1.4,72.16,744.0,0.1,11.5,5008.0,4.572,0.788,15.993
K04734.01,FALSE POSITIVE,383.10017,8.8,579.4,2.18,0.9,248.0,0.1365,10.0,6011.0,4.522,0.902,15.339
K04735.01,CANDIDATE,2.87998334,1.658,116.5,0.85,260.79,1024.0,0.22,9.9,4951.0,4.523,0.806,14.712
K04802.01,FALSE POSITIVE,0.605556082,1.2399,101.7,0.86,4796.94,2120.0,0.176,15.3,6123.0,4.556,0.846,14.99
K04803.01,CONFIRMED,4.36125889,2.174,189.2,1.2,236.01,1000.0,0.374,10.7,5520.0,4.544,0.873,14.951
K04804.01,CANDIDATE,21.08678557,0.978,499.6,2.08,42.44,651.0,0.702,11.0,6084.0,4.542,0.863,15.185
K04805.01,FALSE POSITIVE,1.19087362,1.785,67.5,0.73,1165.78,1489.0,0.393,8.0,5158.0,4.464,0.888,15.28
K04806.01,FALSE POSITIVE,1.06484622,3.287,42.4,0.72,4059.63,2034.0,0.242,12.5,6445.0,4.417,1.087,14.772
K04807.01,FALSE POSITIVE,0.969824139,0.783,23.1,0.49,2709.67,1839.0,0.332,6.8,5780.0,4.438,1.0,11.563
K04876.01,FALSE POSITIVE,190.60563,14.33,153.6,1.6,5.25,386.0,0.0108,11.6,6200.0,4.214,1.287,13.431
K04877.01,CANDIDATE,5.19206571,3.716,66.6,0.99,442.55,1170.0,0.847,10.5,6322.0,4.426,1.075,14.423
K04878.01,CANDIDATE,449.01499,12.58,94.2,1.04,1.04,258.0,0.2182,8.5,6031.0,4.368,1.068,12.291
K04879.01,FALSE POSITIVE,8.480305,6.19,304.2,1.33,45.21,661.0,0.766,11.5,4895.0,4.631,0.696,15.866
K04880.01,FALSE POSITIVE,410.11676,13.97,216.9,1.41,0.81,242.0,0.243,11.2,5587.0,4.372,0.965,13.736
K03266.01,CONFIRMED,54.5091549,5.125,622.2,1.94,2.13,308.0,0.94,17.0,4406.0,4.67,0.603,15.498
K01151.04,CANDIDATE,17.4532945,4.027,79.3,0.76,39.42,639.0,0.357,12.0,5528.0,4.499,0.853,13.404
K03267.01,CONFIRMED,14.1959621,3.605,196.2,1.66,105.7,818.0,0.786,14.1,6214.0,4.442,1.076,14.706
K03268.01,FALSE POSITIVE,11.52482874,1.724,577.6,22.56,77.15,756.0,1.205,16.2,5592.0,4.472,0.892,15.595
K03269.01,FALSE POSITIVE,46.84008579,3.8198,6287.9,428.62,22.0,552.0,4.652,147.9,6006.0,4.33,1.055,15.314
K07708.01,CANDIDATE,6.70242786,1.221,65.3,1.82,827.56,1367.0,0.369,8.8,5466.0,3.735,2.224,12.954
K04736.01,FALSE POSITIVE,0.992798625,3.5065,582.5,29.26,3519.47,1967.0,1.219,79.1,6055.0,4.407,1.098,15.04
K04737.01,CANDIDATE,7.79534033,3.406,102.1,1.07,222.52,985.0,0.282,10.2,6156.0,4.443,1.05,14.726
K04738.01,FALSE POSITIVE,186.72243,13.35,326.4,1.84,2.77,329.0,0.4736,11.5,6040.0,4.469,0.999,15.085
K04739.01,FALSE POSITIVE,118.4039,5.593,426.0,3.46,16.83,517.0,0.4062,4.4,6486.0,4.091,1.64,11.426
K04740.01,FALSE POSITIVE,182.281992,8.828,509.3,1.67,1.46,280.0,0.2425,8.7,5503.0,4.536,0.742,15.405
K04808.01,CANDIDATE,2.40174996,1.413,254.4,0.65,35.1,621.0,0.47,13.2,3606.0,4.855,0.399,15.737
K04809.01,FALSE POSITIVE,10.0102876,5.33,127.1,0.69,17.56,522.0,0.5667,7.0,4214.0,4.65,0.601,15.761
K04810.01,CANDIDATE,115.238544,7.653,516.7,3.17,4.52,372.0,0.965,10.6,5589.0,4.384,1.037,15.259
K04811.01,CANDIDATE,21.7434141,8.143,154.8,2.23,96.15,799.0,0.906,15.8,5767.0,4.082,1.497,13.816
K03211.01,FALSE POSITIVE,1.366964704,2.3181,59.7,0.79,1705.64,1640.0,0.517,3.3,5780.0,4.438,1.0,11.948
K04812.01,FALSE POSITIVE,0.77957913,2.457,70.4,0.71,2585.39,1819.0,0.183,11.1,5699.0,4.553,0.853,15.703
K03219.01,FALSE POSITIVE,0.544561598,1.6053,35.2,44.9,4601339.96,11804.0,0.214,31.1,3715.0,0.851,80.529,12.122
K04881.01,CANDIDATE,5.6795377,3.757,52.0,1.16,961.1,1420.0,0.196,12.5,6514.0,4.09,1.585,12.892
K04882.01,FALSE POSITIVE,17.4453133,5.14,327.7,5.38,305.55,1066.0,0.23,12.2,4927.0,3.417,3.04,15.807
K04883.01,FALSE POSITIVE,2.9788702,9.3,,,,,,,,,,14.201
K04884.01,FALSE POSITIVE,1.97515457,2.633,66.1,0.92,1207.0,1504.0,0.027,9.2,5571.0,4.31,1.145,14.878
K04885.01,CANDIDATE,9.33955596,2.058,245.1,2.67,143.02,882.0,0.985,10.1,5516.0,4.308,1.101,15.03
K03270.01,FALSE POSITIVE,21.993112,8.616,1015.7,23.21,17.75,523.0,1.249,37.3,5205.0,4.604,0.747,15.249
K03271.01,CONFIRMED,19.5489666,1.78,523.8,1.89,26.62,579.0,0.83,12.6,5549.0,4.6,0.732,15.717
K03271.02,CANDIDATE,7.41834569,2.462,234.0,1.12,96.9,800.0,0.049,11.2,5549.0,4.6,0.732,15.717
K03273.01,FALSE POSITIVE,27.6853358,4.661,1660.7,3.11,10.67,461.0,0.897,49.3,5216.0,4.673,0.639,15.329
K03274.01,CONFIRMED,35.6225528,4.845,651.1,2.24,17.67,523.0,0.261,9.6,5799.0,4.539,0.878,15.332
K04741.01,FALSE POSITIVE,7.1403113,5.891,112.1,1.18,272.78,1036.0,0.786,11.8,6354.0,4.454,1.016,14.738
K07709.01,FALSE POSITIVE,2.69487041,2.553,62.1,0.97,1020.03,1440.0,0.554,10.3,5823.0,4.283,1.187,14.464
K04742.01,CONFIRMED,112.303136,5.869,502.1,1.3,0.79,241.0,0.248,13.1,4401.0,4.677,0.595,14.976
K03202.01,CANDIDATE,92.461135,14.344,122.4,2.86,23.91,564.0,0.083,20.7,5132.0,3.675,2.648,11.784
K04743.01,FALSE POSITIVE,49.5387264,2.238,740.6,20.52,8.52,436.0,1.223,10.3,5683.0,4.605,0.747,14.94
K04744.01,FALSE POSITIVE,3.39155966,3.87,28.4,0.49,462.47,1183.0,0.182,8.2,5896.0,4.516,0.914,13.773
K04813.01,CANDIDATE,9.2294726,2.446,199.3,0.82,30.83,601.0,0.076,7.5,4781.0,4.679,0.596,13.78
K04814.01,FALSE POSITIVE,1.33254897,3.083,591.7,32.84,111977.04,4664.0,0.241,16.2,4894.0,2.445,13.777,16.072
K04815.01,CANDIDATE,18.3721835,3.738,152.5,1.12,43.96,657.0,0.78,9.5,5937.0,4.558,0.83,14.965
K04816.01,FALSE POSITIVE,18.2260472,3.664,361.1,1.85,41.67,648.0,0.378,10.0,5440.0,4.444,0.98,15.418
K04817.01,FALSE POSITIVE,0.630539713,1.7407,239.6,21.07,3333.18,1936.0,1.2,27.7,5458.0,4.482,0.894,15.476
K04886.01,CANDIDATE,17.99562529,0.871,1068.0,28.98,57.21,701.0,1.2379,12.1,5999.0,4.494,0.959,15.822
K04887.01,FALSE POSITIVE,1.018347376,4.386,47.8,1.92,15153.38,2832.0,0.654,33.3,5858.0,3.729,2.638,12.905
K04888.01,FALSE POSITIVE,0.659299289,0.6908,1118.5,30.54,3623.47,1979.0,1.2873,108.6,5791.0,4.524,0.852,14.499
K04889.01,FALSE POSITIVE,101.97435125,2.34,,,,,,,,,,15.968
K04890.01,CANDIDATE,63.095068,9.485,496.8,11.67,25.4,573.0,1.05,11.4,6622.0,4.331,1.325,15.765
K01042.02,FALSE POSITIVE,4.45540935,4.14,,,,,,,,,,14.85
K03275.01,FALSE POSITIVE,37.32483952,6.9676,4989.2,30.32,10.67,461.0,1.263,155.6,5306.0,4.55,0.79,14.727
K03276.01,FALSE POSITIVE,25.951984,20.585,2340.2,36.8,36.39,626.0,1.266,131.4,5889.0,4.46,1.046,15.112
K01151.05,CANDIDATE,21.7203362,4.252,87.8,0.8,29.45,594.0,0.311,12.0,5528.0,4.499,0.853,13.404
K03277.01,CONFIRMED,42.9136635,5.227,160.6,3.19,101.56,810.0,0.403,18.2,6049.0,3.8,2.483,13.062
K03278.01,FALSE POSITIVE,88.1804682,5.033,1138.6,2.78,3.94,359.0,0.026,17.5,5497.0,4.57,0.839,14.71
K04745.01,CONFIRMED,177.668663,9.298,901.4,2.32,0.7,233.0,0.772,12.7,4721.0,4.615,0.701,15.891
K04746.01,FALSE POSITIVE,0.98041685,0.919,105.7,0.75,880.5,1388.0,0.446,8.8,4861.0,4.572,0.722,14.484
K04747.01,CONFIRMED,92.263742,8.605,296.9,2.22,11.42,469.0,0.273,12.2,6084.0,4.287,1.283,15.015
K04748.01,CONFIRMED,6.64754478,1.961,289.3,1.72,235.89,999.0,0.235,12.4,6046.0,4.478,1.007,15.724
K07710.01,FALSE POSITIVE,1.23517588,5.476,232.9,1.59,1955.7,1697.0,0.625,19.3,5780.0,4.438,1.0,11.908
K04749.01,CANDIDATE,1.97650073,1.788,112.5,0.97,892.9,1394.0,0.055,10.4,5792.0,4.514,0.923,15.608
K04818.01,CANDIDATE,3.79892774,4.112,47.0,1.46,2888.6,1869.0,0.13,8.3,6831.0,3.971,2.106,13.008
K04819.01,FALSE POSITIVE,0.416995408,0.8928,112.6,0.84,8299.79,2433.0,0.089,19.9,6150.0,4.498,0.781,14.964
K04820.01,CANDIDATE,14.7401061,5.637,238.0,1.48,74.65,750.0,0.116,10.3,5999.0,4.494,0.959,15.479
K04821.01,FALSE POSITIVE,256.52387,9.07,126.1,1.33,3.1,338.0,0.1065,7.5,6348.0,4.323,1.18,13.585
K03212.01,FALSE POSITIVE,3.0001191,6.61,7.7,0.73,10247.93,2566.0,0.635,7.3,8431.0,3.97,2.485,11.96
K03220.01,CONFIRMED,81.4160138,14.175,762.3,4.63,17.53,522.0,0.911,54.3,6352.0,4.267,1.401,12.146
K04891.01,CANDIDATE,4.7309013,2.889,228.5,1.39,303.67,1065.0,0.362,11.6,5941.0,4.519,0.911,15.68
K04892.01,CANDIDATE,21.3761817,8.543,104.0,1.08,62.37,717.0,0.017,12.1,5984.0,4.322,1.052,14.143
K04893.01,CANDIDATE,6.58753699,2.043,232.1,1.51,228.36,992.0,0.132,8.2,6014.0,4.486,0.993,15.652
K04894.01,FALSE POSITIVE,8.5900471,3.463,137.0,0.8,49.76,677.0,0.098,9.6,4914.0,4.575,0.707,14.832
K07723.01,FALSE POSITIVE,357.82544,9.12,152.5,1.7,2.08,306.0,0.636,11.1,6131.0,4.248,1.312,12.117
K03279.01,CONFIRMED,30.8278245,4.214,641.3,2.42,27.66,585.0,0.023,13.9,5982.0,4.493,0.96,15.765
K03280.01,CONFIRMED,47.1607932,4.003,723.2,2.58,15.07,503.0,0.028,13.6,5936.0,4.501,0.965,15.57
K03282.01,CONFIRMED,49.2768448,3.787,1132.9,1.75,1.28,271.0,0.022,17.8,3899.0,4.713,0.529,15.855
K03284.01,CONFIRMED,35.2330694,3.674,352.8,0.97,1.62,288.0,0.139,14.5,3749.0,4.743,0.524,14.467
K03285.01,FALSE POSITIVE,45.3965379,3.826,1001.6,1.97,2.66,326.0,0.085,15.3,4266.0,4.626,0.643,15.984
K07698.01,FALSE POSITIVE,508.807642,4.495,2127.0,39.59,29.54,595.0,0.016,14.8,4893.0,2.454,8.811,15.635
K04750.01,CANDIDATE,36.721576,7.758,538.2,1.93,14.51,498.0,0.097,10.2,5662.0,4.56,0.84,15.919
K04751.01,FALSE POSITIVE,362.69427,9.7,439.9,3.54,2.32,315.0,0.0774,11.0,5288.0,3.898,1.719,14.73
K04752.01,FALSE POSITIVE,370.35639,12.75,732.2,2.82,1.21,268.0,0.414,13.0,6117.0,4.457,1.025,15.189
K03203.01,CANDIDATE,96.81647,10.227,164.7,3.19,43.39,655.0,0.034,25.9,6404.0,3.793,2.467,11.816
K04753.01,FALSE POSITIVE,0.729724346,2.699,23.0,0.51,5081.58,2151.0,0.523,14.3,6084.0,4.426,1.03,12.546
K04822.01,CANDIDATE,3.51413723,3.919,32.7,0.69,609.04,1267.0,0.9353,11.2,6201.0,4.472,0.989,13.474
K04823.01,CANDIDATE,4.96504981,2.212,50.7,1.51,917.99,1403.0,0.655,8.7,5339.0,3.823,2.011,12.739
K04824.01,FALSE POSITIVE,0.821472455,2.433,127.1,0.92,1395.92,1559.0,0.2579,11.3,4889.0,4.503,0.836,15.758
K04825.01,FALSE POSITIVE,1.29019586,3.741,86.5,0.78,1293.44,1530.0,0.044,11.1,5693.0,4.558,0.842,15.274
K04826.01,CANDIDATE,1.141148847,1.629,73.1,1.67,6008.73,2248.0,0.062,12.7,5438.0,3.916,1.989,14.58
K04895.01,CANDIDATE,12.460565,3.903,143.9,1.1,65.72,726.0,0.015,10.2,5435.0,4.453,0.933,14.732
K04896.01,CANDIDATE,19.5945772,6.77,129.3,1.18,64.98,724.0,0.389,8.8,6118.0,4.416,1.023,15.451
K04897.01,FALSE POSITIVE,8.48032079,5.791,170.7,0.95,78.45,759.0,0.004,14.7,5415.0,4.556,0.728,14.879
K04898.01,CANDIDATE,409.87844,10.58,647.1,2.72,1.15,264.0,0.177,8.7,6167.0,4.444,1.064,15.731
K04899.01,FALSE POSITIVE,227.6258,9.47,131.0,1.79,5.7,394.0,0.2351,8.8,6240.0,4.103,1.549,13.607
K03286.01,CONFIRMED,18.1373788,3.844,310.8,1.41,8.31,433.0,0.945,11.3,4257.0,4.648,0.602,15.464
K03287.01,CONFIRMED,51.1104797,7.712,330.0,1.6,12.38,478.0,0.029,21.9,5968.0,4.534,0.881,14.06
K03288.01,CONFIRMED,47.9869119,5.342,859.3,3.35,14.01,493.0,0.873,25.7,5641.0,4.408,0.981,14.19
K01192.02,FALSE POSITIVE,359.047933,16.637,5622.7,7.76,1.08,260.0,0.002,91.1,5609.0,4.346,1.048,14.215
K03289.01,FALSE POSITIVE,29.8042694,3.107,1046.5,24.73,15.34,505.0,1.237,17.9,5223.0,4.488,0.827,15.945
K04754.01,CANDIDATE,7.08757462,3.342,187.0,1.28,197.02,955.0,0.371,11.0,6060.0,4.509,0.925,15.274
K04755.01,CANDIDATE,3.74318005,1.111,237.5,1.75,235.28,999.0,0.952,10.5,5207.0,4.516,0.851,14.924
K04756.01,CANDIDATE,5.4169303,7.512,109.5,8.17,447.24,1173.0,1.055,11.3,6355.0,4.41,1.108,15.411
K07699.01,FALSE POSITIVE,1.003049079,7.9657,219273.0,42.5,2049.63,1714.0,0.568,1766.7,5775.0,4.518,0.844,15.097
K04757.01,FALSE POSITIVE,0.933157032,2.614,87.8,7.29,5565.35,2202.0,1.046,15.2,6499.0,4.378,1.169,15.013
K04758.01,FALSE POSITIVE,37.1083458,4.112,366.5,1.71,13.84,492.0,0.612,7.9,5591.0,4.559,0.86,15.948
K04827.01,CANDIDATE,31.1920226,2.849,447.8,1.65,17.43,521.0,0.11,11.6,5675.0,4.554,0.777,15.401
K04828.01,FALSE POSITIVE,1.02104719,6.39,246.1,13.68,4852.49,2129.0,1.0867,18.5,6444.0,4.376,1.2,15.367
K04829.01,CANDIDATE,7.630545,3.63,364.9,2.26,330.02,1087.0,0.021,11.3,6407.0,4.358,1.179,14.12
K04829.02,FALSE POSITIVE,12.083457,3.536,312.5,2.09,178.53,932.0,0.1069,8.6,6422.0,4.364,1.175,14.12
K04830.01,FALSE POSITIVE,401.5907,14.77,115.0,1.01,1.02,256.0,0.1752,11.9,6170.0,4.482,0.939,13.376
K04900.01,CANDIDATE,6.6716723,2.693,154.4,1.27,259.72,1024.0,0.167,10.3,6086.0,4.435,1.021,15.134
K03221.01,FALSE POSITIVE,53.912783631,44.0504,216.7,4.25,55.85,697.0,0.984,56.4,6085.0,3.917,2.02,12.147
K04901.01,FALSE POSITIVE,1.23142395,2.186,19.6,0.77,6786.33,2317.0,0.187,10.8,6011.0,3.971,1.73,12.976
K04902.01,CANDIDATE,409.38645,13.78,531.5,1.78,0.35,197.0,0.0706,10.3,4955.0,4.517,0.799,15.149
K04903.01,FALSE POSITIVE,386.828262,5.045,1024.9,6.54,3.15,340.0,0.953,19.7,6384.0,4.107,1.615,13.637
K03291.01,FALSE POSITIVE,15.8733803,7.4672,4094.1,8.15,111.99,830.0,0.919,136.5,6161.0,4.276,1.054,13.91
K03292.01,FALSE POSITIVE,42.3991752,7.251,484.0,3.23,26.75,580.0,0.965,36.9,6133.0,4.37,1.121,13.383
K03293.01,FALSE POSITIVE,25.95198823,14.602,5103.3,39.94,50.51,680.0,1.269,125.0,6363.0,4.444,1.035,15.766
K03294.01,FALSE POSITIVE,25.9522401,20.813,2896.9,42.91,25.35,572.0,1.375,90.5,5659.0,4.528,0.904,14.691
K03295.01,FALSE POSITIVE,14.12809896,2.326,263.1,1.6,87.8,781.0,0.046,20.3,6072.0,4.47,0.988,14.284
K04759.01,CANDIDATE,17.7662938,3.079,181.1,1.54,47.74,670.0,0.909,10.1,5724.0,4.495,0.946,14.971
K04760.01,FALSE POSITIVE,13.6917833,4.198,145.4,1.12,83.37,770.0,0.142,14.2,5906.0,4.433,0.931,14.565
K04761.01,FALSE POSITIVE,25.95633,26.34,158.2,9.75,34.42,618.0,1.088,11.9,6139.0,4.53,0.881,14.876
K04762.01,CANDIDATE,11.56722589,2.507,373.7,1.29,24.64,568.0,0.242,11.5,4597.0,4.59,0.691,15.674
K03204.01,FALSE POSITIVE,0.572937573,2.576,80.8,1.57,27058.33,3271.0,0.7866,32.0,7338.0,4.225,1.593,11.825
K07700.01,CANDIDATE,631.56889,14.37,789.0,3.13,0.75,237.0,0.636,20.7,6382.0,4.432,1.059,14.0
K03213.01,FALSE POSITIVE,14.15849823,46.356,347.3,90.09,3145.0,1910.0,1.204,225.1,8753.0,3.668,3.746,11.98
K04831.01,FALSE POSITIVE,207.471349,7.469,229.2,1.57,2.37,316.0,0.3093,8.0,5731.0,4.359,1.033,13.749
K04832.01,FALSE POSITIVE,12.3748247,90.01,390.9,81.01,583.24,1253.0,1.185,85.7,5165.0,3.491,3.598,13.455
K04833.01,CANDIDATE,4.31724247,4.126,59.0,1.01,743.6,1332.0,0.252,11.3,5992.0,4.195,1.31,13.6
K04834.01,CANDIDATE,3.74099144,5.428,34.3,1.85,2129.07,1733.0,0.222,12.3,5110.0,3.611,3.231,13.096
K07711.01,CANDIDATE,302.779824,16.847,270.9,1.31,0.87,246.0,0.001,12.3,5734.0,4.572,0.797,14.16
K03501.01,FALSE POSITIVE,14.541781166,9.1151,143645.0,2722.92,114.56,834.0,22.28,768.9,5997.0,4.304,1.148,16.709
K03502.01,FALSE POSITIVE,12.4261177,28.5357,1230.4,3.8,64.95,724.0,0.945,89.9,5713.0,4.554,0.851,15.99
K03503.01,CONFIRMED,21.1876185,3.69,71.7,0.79,49.23,676.0,0.777,8.5,6355.0,4.547,0.849,13.827
K03504.01,FALSE POSITIVE,12.42560404,23.9402,458.9,2.52,68.44,733.0,0.96,40.8,5713.0,4.541,0.893,15.717
K03505.01,FALSE POSITIVE,30.9604688,14.992,460.9,89.18,303.13,1064.0,1.208,27.1,5367.0,3.216,3.558,13.405
K07717.01,FALSE POSITIVE,1.041619932,8.1218,1840.5,30.94,2828.16,1858.0,1.237,374.1,5838.0,4.374,0.991,13.606
K03588.01,FALSE POSITIVE,2.544594443,3.21373,348777.0,109.72,1582.68,1608.0,0.558,608.9,5503.0,4.033,1.616,16.319
K03589.01,FALSE POSITIVE,56.40651043,18.4332,102294.0,21.93,3.87,358.0,0.625,1597.3,5011.0,4.617,0.647,15.681
K03590.01,FALSE POSITIVE,7.964400574,4.4761,190903.0,61.54,38.09,633.0,1.121,879.2,4478.0,4.578,0.715,16.2
K03591.01,FALSE POSITIVE,6.399101307,4.7439,83326.0,51.77,279.38,1042.0,1.039,154.4,6233.0,4.472,0.988,14.798
K01873.02,CONFIRMED,34.9168399,7.343,500.0,2.39,31.13,602.0,0.026,15.4,6194.0,4.445,1.069,15.674
K07778.01,FALSE POSITIVE,0.56678228,4.725,146.8,0.88,1814.33,1661.0,0.153,15.1,4796.0,4.56,0.749,15.53
K03592.01,FALSE POSITIVE,8.480303653,7.48907,81427.9,22.25,79.65,762.0,0.195,301.4,5385.0,4.565,0.787,13.183
K01613.02,CANDIDATE,94.094392,10.833,46.6,0.9,13.14,486.0,0.32,10.6,6099.0,4.193,1.308,11.049
K03365.01,CONFIRMED,22.1270885,4.472,418.2,3.94,63.98,721.0,0.956,12.6,5312.0,4.103,1.445,14.523
K03366.01,FALSE POSITIVE,10.6784787,2.307,201.0,1.12,60.7,712.0,0.271,9.4,5459.0,4.583,0.797,15.246
K03367.01,CANDIDATE,25.3736543,2.619,372.9,1.88,42.92,653.0,0.265,10.6,6195.0,4.47,0.966,15.056
K03368.01,CANDIDATE,10.08535311,1.75,222.5,1.45,119.67,843.0,0.532,10.7,5947.0,4.487,0.945,14.889
K03369.01,FALSE POSITIVE,42.559265547,3.36626,207990.0,51.86,13.28,487.0,0.775,950.0,5764.0,4.548,0.863,15.831
K03434.01,CANDIDATE,10.2856373,3.043,134.9,1.24,131.91,864.0,0.378,10.4,5841.0,4.409,1.06,14.951
K03435.01,FALSE POSITIVE,24.2157996,4.359,322.2,1.58,29.84,596.0,0.207,13.6,5659.0,4.473,0.885,15.259
K03436.01,CONFIRMED,44.2018402,4.949,235.6,1.14,6.59,409.0,0.348,18.6,5002.0,4.543,0.753,13.509
K07746.01,CANDIDATE,393.95608,13.89,482.2,2.27,1.14,263.0,0.614,10.3,6217.0,4.472,0.989,15.622
K03437.01,CONFIRMED,15.0330623,6.326,132.2,2.18,175.74,928.0,0.896,14.9,5849.0,4.076,1.601,14.606
K03437.02,CANDIDATE,34.7496038,4.548,227.1,3.51,57.44,702.0,0.984,11.4,5849.0,4.076,1.601,14.606
K03506.01,FALSE POSITIVE,12.62530918,3.163,39413.0,87.2,514.08,1214.0,1.151,32.5,6878.0,4.012,1.844,12.933
K03510.01,FALSE POSITIVE,124.93576738,7.5608,240899.0,49.34,4.06,362.0,0.542,332.8,5887.0,4.477,0.941,12.338
K01803.02,FALSE POSITIVE,12.720298433,2.4599,283.6,1.37,28.37,589.0,0.805,12.7,4914.0,4.61,0.724,13.26
K07764.01,CANDIDATE,227.83457,21.59,155.3,2.83,9.59,449.0,0.56,13.1,6004.0,3.814,2.193,13.845
K03511.01,FALSE POSITIVE,119.67980316,32.1928,299046.0,193.91,121.45,847.0,0.527,5357.7,8275.0,3.726,3.251,8.351
K03512.01,FALSE POSITIVE,6.399107136,5.21981,376769.0,59.15,266.9,1031.0,0.245,4322.4,6133.0,4.435,0.935,13.718
K03513.01,FALSE POSITIVE,8.480304281,7.46159,83114.6,65.0,1210.22,1504.0,0.235,5219.5,7059.0,3.946,2.21,7.631
K03593.01,FALSE POSITIVE,117.6813778,12.7591,45362.0,45.43,25.76,575.0,0.433,2426.9,6429.0,3.899,2.079,12.112
K03594.01,FALSE POSITIVE,17.72722648,4.1376,147144.0,35.18,54.32,692.0,0.381,922.1,6021.0,4.52,0.895,15.556
K07779.01,FALSE POSITIVE,1.71024931,2.833,98.6,1.2,2298.2,1766.0,0.508,9.4,6418.0,4.395,1.171,15.761
K03595.01,FALSE POSITIVE,100.40132734,9.7436,53781.9,26.0,7.37,420.0,0.436,1331.0,5903.0,4.353,1.1,15.017
K03596.01,FALSE POSITIVE,11.320287875,4.82219,243413.0,59.23,175.69,928.0,0.526,1539.9,6153.0,4.302,1.127,16.756
K03597.01,FALSE POSITIVE,1.219034103,2.4494,95697.0,40.46,3621.09,1977.0,0.455,319.1,5914.0,4.217,1.271,14.371
K03370.01,CANDIDATE,24.352541,2.782,349.1,1.52,14.52,498.0,0.505,5.8,4891.0,4.516,0.805,14.779
K03370.02,CONFIRMED,5.94228603,2.169,250.0,1.23,95.34,797.0,0.097,7.5,4891.0,4.516,0.805,14.779
K07735.01,CANDIDATE,382.30306,8.83,225.6,4.05,6.04,400.0,0.597,9.6,5993.0,3.733,2.59,13.104
K03371.01,CANDIDATE,58.1263775,4.018,271.5,1.32,6.28,404.0,0.016,13.8,5413.0,4.579,0.82,13.747
K03372.01,CONFIRMED,26.7575866,5.858,455.3,2.28,44.86,660.0,0.407,17.7,6215.0,4.44,1.052,15.42
K03373.01,FALSE POSITIVE,57.0599992,7.463,66168.0,22.31,10.11,455.0,0.194,751.5,5931.0,4.545,0.863,15.936
K03438.01,CONFIRMED,14.5565618,4.554,103.8,1.08,90.4,787.0,0.031,17.1,6065.0,4.452,1.061,13.71
K01731.02,FALSE POSITIVE,0.837898153,2.104,268.9,1.26,1128.57,1478.0,0.071,13.9,4748.0,4.526,0.797,15.72
K07747.01,FALSE POSITIVE,0.603086711,1.0869,1242.8,36.0,8675.9,2459.0,1.251,170.0,6353.0,4.397,1.134,13.989
K03439.01,CONFIRMED,41.7084063,8.567,330.0,2.19,32.24,608.0,0.671,24.3,6434.0,4.394,1.138,14.155
K03440.01,CONFIRMED,33.0257179,6.032,507.1,2.21,23.95,564.0,0.044,12.2,5819.0,4.468,0.99,15.606
K03441.01,FALSE POSITIVE,25.366990665,5.9556,150581.0,56.02,46.09,665.0,0.86,2206.5,6208.0,4.454,1.024,15.538
K03514.01,FALSE POSITIVE,428.32173928,40.5992,316995.0,49.76,0.56,220.0,0.531,4594.8,5662.0,4.532,0.806,14.173
K03515.01,FALSE POSITIVE,82.137609997,6.11904,210772.0,197.85,39.55,640.0,1.221,3583.1,6395.0,3.904,2.012,12.261
K07766.01,FALSE POSITIVE,3.06026014,2.545,59.9,0.83,642.06,1284.0,0.675,10.1,5878.0,4.426,1.01,14.255
K03516.01,FALSE POSITIVE,24.0612744,19.9438,440146.0,83.77,74.37,749.0,0.461,1161.1,6461.0,4.338,1.138,14.158
K03517.01,FALSE POSITIVE,66.36099916,20.0614,416737.0,61.42,7.33,420.0,0.486,1866.7,5583.0,4.463,0.857,15.327
K03518.01,FALSE POSITIVE,8.939461148,6.19136,357832.0,153.32,926.24,1407.0,0.558,2427.5,6461.0,3.846,2.225,14.002
K03520.01,FALSE POSITIVE,135.58607679,5.54241,363134.0,89.83,7.99,429.0,0.549,6788.8,6401.0,4.324,1.301,13.674
K03598.01,FALSE POSITIVE,18.79862195,7.4782,380204.0,55.07,25.91,575.0,0.524,551.3,5334.0,4.585,0.796,17.628
K03599.01,FALSE POSITIVE,6.30828538,2.48633,113526.0,29.34,98.21,803.0,0.69,559.2,5069.0,4.524,0.78,16.515
K03600.01,FALSE POSITIVE,4.80912667,7.9331,134093.0,44.3,615.74,1270.0,0.471,1033.2,6462.0,4.371,1.166,14.038
K03601.01,FALSE POSITIVE,2.33211505,2.96723,105949.0,140.22,1530.05,1594.0,1.747,997.8,6384.0,4.348,1.094,14.087
K01875.02,CONFIRMED,0.53835407,1.5045,190.2,1.67,7609.22,2386.0,0.334,46.6,5539.0,4.244,1.207,14.498
K03602.01,FALSE POSITIVE,249.36211832,8.3559,35830.4,48.69,2.14,308.0,1.17,846.1,5940.0,4.352,1.02,13.867
K01627.03,CANDIDATE,3.80675878,2.092,231.9,2.75,1449.04,1574.0,0.26,10.4,6068.0,4.04,1.797,15.767
K07736.01,FALSE POSITIVE,0.664727127,1.561,16.2,0.46,7149.67,2343.0,0.382,7.6,6143.0,4.344,1.116,12.879
K03374.01,CONFIRMED,9.5084871,4.372,97.9,1.65,386.61,1131.0,0.143,13.3,6144.0,4.106,1.668,14.44
K03374.02,CANDIDATE,34.1086562,6.405,133.8,1.95,70.4,739.0,0.318,11.7,6144.0,4.106,1.668,14.44
K03375.01,CONFIRMED,47.0563327,4.807,762.0,2.57,14.43,497.0,0.361,12.1,5889.0,4.492,0.924,15.695
K03376.02,FALSE POSITIVE,179.85022331,2.95,,,,,,,,,,14.372
K03377.01,CANDIDATE,10.0100312,1.35,375.8,0.99,15.56,506.0,0.07,12.4,4338.0,4.731,0.508,15.318
K03443.01,CONFIRMED,96.169569,7.496,894.5,2.07,2.52,321.0,0.049,20.0,5340.0,4.633,0.702,15.796
K07748.01,FALSE POSITIVE,1.55090374,3.028,11.3,1.11,24453.38,3190.0,0.817,11.8,7612.0,3.787,2.968,11.626
K03444.01,CANDIDATE,12.67143692,2.498,215.8,0.76,6.31,404.0,0.047,13.7,3705.0,4.721,0.529,13.693
K03444.02,CANDIDATE,60.32668824,1.6864,3146.7,4.98,0.79,240.0,0.974,57.0,3705.0,4.721,0.529,13.693
K03444.03,CANDIDATE,2.63595435,1.309,93.7,0.5,51.07,682.0,0.005,9.2,3705.0,4.721,0.529,13.693
K03445.01,CONFIRMED,82.303914,15.404,737.0,4.47,13.05,485.0,0.859,22.3,5602.0,4.13,1.425,15.654
K03521.01,FALSE POSITIVE,131.97827736,7.14981,345935.0,147.83,10.32,457.0,0.58,3766.3,4916.0,3.717,2.182,14.313
K07768.01,FALSE POSITIVE,0.789171236,1.734,73.4,0.69,1291.41,1527.0,0.417,9.0,4776.0,4.516,0.811,15.352
K01806.02,CONFIRMED,17.9346606,6.25,142.7,2.8,238.78,1002.0,0.976,18.8,6426.0,4.013,1.775,13.474
K03522.01,FALSE POSITIVE,241.07074582,9.88863,70291.7,76.53,56.58,699.0,0.418,4257.4,9414.0,3.883,2.777,10.656
K03523.01,FALSE POSITIVE,106.17593813,10.4168,164738.0,54.91,8.94,441.0,0.718,7056.8,6038.0,4.254,1.141,13.742
K03524.01,FALSE POSITIVE,184.6467208,18.9869,410274.0,72.8,2.49,320.0,0.492,1113.2,5713.0,4.414,1.023,15.603
K03525.01,FALSE POSITIVE,6.282033445,8.3777,181787.0,144.85,264.78,1029.0,1.777,1178.0,6074.0,4.45,0.976,14.118
K03603.01,FALSE POSITIVE,5.519188936,7.1351,217073.0,43.06,178.7,932.0,0.459,2270.6,5324.0,4.439,0.897,16.117
K07780.01,CANDIDATE,5.3360574,3.877,54.7,1.52,1823.9,1667.0,0.006,7.0,6742.0,3.925,2.032,12.691
K03604.01,FALSE POSITIVE,4.818863794,6.2625,65936.5,51.32,1529.01,1595.0,0.486,2048.7,6313.0,3.936,1.935,14.55
K03605.01,FALSE POSITIVE,178.26802035,5.86461,45753.9,34.07,1.02,256.0,1.135,961.4,5126.0,4.578,0.696,14.16
K03606.01,FALSE POSITIVE,2.181555909,4.41739,85406.9,91.3,2119.28,1730.0,1.261,1548.2,6584.0,4.331,1.246,14.182
K03607.01,FALSE POSITIVE,0.895276162,3.0518,319082.0,172.25,13121.22,2731.0,0.618,932.1,5242.0,3.631,2.55,16.397
K03608.01,FALSE POSITIVE,244.83274973,4.37001,40206.0,38.3,2.09,307.0,1.047,733.5,6105.0,4.443,0.993,13.556
K03379.01,CONFIRMED,30.4544418,6.896,472.1,2.6,35.92,624.0,0.929,17.3,6283.0,4.472,0.984,15.268
K03380.01,FALSE POSITIVE,10.26558924,3.879,254.6,1.65,111.18,828.0,0.663,18.8,5774.0,4.458,0.98,14.658
K03382.01,FALSE POSITIVE,18.9257333,6.149,188.5,16.74,39.47,639.0,1.155,16.2,5455.0,4.421,0.909,13.857
K03383.01,CONFIRMED,37.8862977,5.218,672.2,2.09,12.46,479.0,0.026,14.4,5513.0,4.551,0.818,15.848
K03384.01,CANDIDATE,10.54841329,1.872,102.9,3.89,154.84,899.0,1.017,11.7,6047.0,4.387,1.092,13.204
K07749.01,CANDIDATE,133.6348207,1.584,420.9,1.89,2.38,317.0,0.438,10.8,5202.0,4.434,0.918,13.623
K03446.01,FALSE POSITIVE,11.9615433,3.129,424.5,2.24,121.71,847.0,0.576,12.4,6142.0,4.456,1.046,15.709
K03448.01,CANDIDATE,32.510844,3.254,361.9,2.62,50.56,680.0,0.421,12.6,6074.0,4.244,1.358,14.863
K01747.02,FALSE POSITIVE,0.56683399,0.75,,,,,,,,,,14.792
K03449.01,FALSE POSITIVE,62.127677128,5.25005,37430.2,38.61,6.15,402.0,1.158,990.3,5344.0,4.494,0.807,14.822
K03450.01,FALSE POSITIVE,31.9730649,8.872,158.6,1.09,18.59,530.0,0.716,15.6,5811.0,4.571,0.811,14.545
K03451.01,CANDIDATE,10.90752977,2.764,186.0,1.58,196.51,955.0,0.147,11.8,6414.0,4.377,1.147,14.056
K03526.01,FALSE POSITIVE,143.1188694,16.8109,255714.0,53.3,2.5,321.0,0.703,1638.0,5713.0,4.554,0.851,14.996
K03527.01,FALSE POSITIVE,76.81985465,5.16249,229165.0,46.61,4.88,379.0,0.728,2314.5,5654.0,4.59,0.774,14.063
K03528.01,FALSE POSITIVE,165.40574995,13.6363,66402.0,112.86,16.56,514.0,1.091,4958.6,6061.0,3.759,2.185,12.724
K03529.01,FALSE POSITIVE,71.661915163,6.33708,323613.0,55.04,4.18,365.0,0.612,1804.1,5075.0,4.497,0.824,15.167
K03530.01,FALSE POSITIVE,9.44942685,6.40303,488997.0,68.38,103.29,813.0,0.395,1246.3,5754.0,4.534,0.905,15.65
K07781.01,FALSE POSITIVE,0.715802309,1.5586,2208.6,25.52,1787.96,1656.0,1.251,137.7,5239.0,4.6,0.757,15.579
K03531.01,FALSE POSITIVE,70.58284717,8.81169,150931.0,50.88,8.45,435.0,0.882,2424.0,5973.0,4.516,0.904,14.624
K03609.01,FALSE POSITIVE,2.995357359,6.57901,172404.0,112.12,2437.81,1791.0,0.843,1467.6,5949.0,3.892,1.94,16.455
K03610.01,FALSE POSITIVE,3.840485025,2.8592,31353.0,39.38,318.66,1077.0,1.189,259.4,5731.0,4.532,0.823,15.26
K03610.02,FALSE POSITIVE,1.92027188,2.65,,,,,,,,,,15.26
K01899.02,CANDIDATE,10.5226374,3.864,68.9,1.08,213.96,976.0,0.806,8.9,6327.0,4.327,1.175,14.563
K03611.01,FALSE POSITIVE,10.443341795,3.94077,145294.0,44.35,149.21,892.0,0.707,842.1,6137.0,4.421,1.005,16.51
K07737.01,FALSE POSITIVE,4.75307877,2.35,933.0,505.94,580415.2,7040.0,0.019,6.4,3486.0,0.5,180.013,13.524
K03612.01,FALSE POSITIVE,19.515013291,4.59379,256442.0,53.03,28.31,588.0,0.692,1018.8,5349.0,4.531,0.851,16.739
K01628.02,CONFIRMED,1.772451066,2.4592,79.2,1.02,1904.34,1685.0,0.006,22.4,6243.0,4.406,1.149,12.949
K03384.02,CONFIRMED,19.9158863,6.191,143.2,1.41,66.31,728.0,0.748,28.3,6047.0,4.387,1.092,13.204
K03385.01,FALSE POSITIVE,54.061328105,4.48223,79684.0,88.28,16.51,514.0,1.336,1012.2,5786.0,4.318,1.112,15.231
K03386.01,FALSE POSITIVE,34.525990182,4.47294,67161.4,54.35,32.12,607.0,1.087,1008.1,6123.0,4.396,1.049,15.142
K07750.01,CANDIDATE,494.485085,3.905,385.3,5.03,4.88,379.0,0.017,13.9,6303.0,3.774,2.553,12.088
K03387.01,FALSE POSITIVE,14.2821417,2.068,224.9,1.08,36.03,625.0,0.012,8.7,5374.0,4.588,0.726,15.13
K03452.01,FALSE POSITIVE,18.64532882,3.63893,433815.0,61.81,43.71,656.0,0.454,1256.8,5931.0,4.554,0.845,15.511
K03454.01,FALSE POSITIVE,20.882125422,8.03365,233450.0,66.27,69.67,737.0,0.743,3506.5,6335.0,4.427,1.072,15.6
K03455.01,CANDIDATE,14.0545718,4.066,274.3,1.45,60.49,711.0,0.121,11.6,5783.0,4.539,0.88,15.802
K03456.01,CONFIRMED,30.8609783,4.216,128.9,1.08,17.96,525.0,0.852,17.8,5627.0,4.552,0.833,12.988
K07769.01,FALSE POSITIVE,3.652810043,1.5132,119.4,0.89,250.33,1015.0,0.086,6.0,5213.0,4.489,0.831,15.602
K03457.01,FALSE POSITIVE,15.65134872,4.1553,3104.0,118.33,898.69,1396.0,1.267,81.6,6552.0,3.586,3.289,12.429
K00332.02,CANDIDATE,6.86674226,4.216,47.2,0.79,254.1,1018.0,0.405,12.3,5914.0,4.396,1.135,13.046
K01806.03,CONFIRMED,8.37159554,5.252,98.0,2.39,659.25,1292.0,0.983,16.6,6426.0,4.013,1.775,13.474
K03532.01,FALSE POSITIVE,286.1755875,16.1025,328544.0,63.23,1.38,276.0,0.598,765.3,5904.0,4.471,0.946,15.138
K03533.01,FALSE POSITIVE,152.15144795,26.8612,151815.0,53.89,4.04,362.0,0.857,2163.4,6217.0,4.472,0.989,14.61
K07783.01,FALSE POSITIVE,0.542636318,1.2536,74.6,1.39,11844.28,2659.0,0.056,17.3,5277.0,3.96,1.633,14.458
K03534.01,FALSE POSITIVE,29.911334059,7.26916,354377.0,47.83,11.68,471.0,0.559,1349.8,5303.0,4.632,0.704,16.128
K03535.01,FALSE POSITIVE,5.877122485,4.71655,362900.0,125.68,913.57,1402.0,0.547,1210.8,5702.0,3.807,1.821,15.177
K03618.01,FALSE POSITIVE,10.636305846,5.17212,216063.0,64.91,358.62,1110.0,0.398,1419.0,6781.0,4.221,1.345,17.035
K03619.01,FALSE POSITIVE,2.1032389,6.4774,24852.5,36.63,555.0,1238.0,1.209,625.1,5546.0,4.587,0.786,13.171
K03620.01,FALSE POSITIVE,46.698200933,3.57049,54592.5,38.79,11.31,468.0,1.131,879.0,5772.0,4.518,0.756,15.267
K01905.02,CONFIRMED,15.99560373,3.471,221.7,1.04,21.54,550.0,0.088,20.0,4955.0,4.61,0.721,14.017
K03621.01,FALSE POSITIVE,4.39451798,2.9527,223616.0,65.76,22.27,554.0,1.566,249.5,3695.0,4.773,0.483,16.705
K03388.01,FALSE POSITIVE,25.9518795,21.569,1312.3,35.1,41.0,645.0,1.259,63.7,5753.0,4.335,1.078,14.997
K03389.01,CANDIDATE,29.7681831,9.425,159.9,3.98,167.51,917.0,0.739,13.2,5640.0,3.679,2.916,14.564
K03390.01,FALSE POSITIVE,56.048096688,4.04427,53725.8,42.62,6.06,400.0,1.161,1003.7,5222.0,4.518,0.78,14.967
K07751.01,FALSE POSITIVE,2.25161215,2.1,23.9,1.14,17529.42,2934.0,0.647,9.2,9464.0,4.116,2.184,13.085
K03391.01,CANDIDATE,36.7662364,3.305,579.5,1.28,3.02,336.0,0.164,12.6,4342.0,4.699,0.54,15.903
K03392.01,FALSE POSITIVE,50.35545898,5.51863,107138.0,31.66,13.81,492.0,0.159,1219.4,5936.0,4.501,0.965,15.724
K03458.01,CONFIRMED,14.0328775,6.684,210.9,1.45,88.83,783.0,0.044,11.8,6063.0,4.47,1.001,15.652
K03459.01,CONFIRMED,13.2226149,4.337,261.7,1.75,71.11,740.0,0.943,12.6,5931.0,4.545,0.863,15.208
K01750.02,CANDIDATE,2.53742164,1.563,104.5,0.93,525.68,1220.0,0.285,12.8,5447.0,4.481,0.917,14.8
K07770.01,FALSE POSITIVE,3.54828691,3.281,70.9,1.69,2458.09,1795.0,0.036,9.9,6573.0,4.01,1.987,13.79
K03460.01,CANDIDATE,62.596544,11.477,223.1,2.25,23.01,559.0,0.246,15.5,5934.0,4.173,1.509,14.451
K03461.01,FALSE POSITIVE,18.79852,4.795,487.4,2.04,15.82,509.0,0.936,11.2,4808.0,4.589,0.715,16.153
K03536.01,FALSE POSITIVE,156.51657398,12.2259,113337.0,61.44,4.31,367.0,0.995,2016.1,6002.0,4.354,1.084,13.375
K03537.01,FALSE POSITIVE,1.366946478,3.37701,158643.0,43.45,910.99,1403.0,0.869,796.5,5353.0,4.527,0.757,15.002
K03538.01,FALSE POSITIVE,313.09275066,14.3447,445612.0,47.52,0.44,207.0,0.395,1952.3,5067.0,4.596,0.673,15.638
K07782.01,FALSE POSITIVE,0.566813677,2.458,61.2,0.77,6276.41,2269.0,0.449,11.5,6106.0,4.487,0.966,15.644
K03539.01,FALSE POSITIVE,157.32263943,21.9232,153932.0,56.66,3.61,351.0,0.888,1386.8,6109.0,4.472,0.989,15.291
K03540.01,FALSE POSITIVE,9.53040216,5.95809,321541.0,60.49,99.43,805.0,0.6046,185.6,5501.0,4.438,0.912,14.689
K03627.01,FALSE POSITIVE,4.218512654,3.62939,23416.8,16.67,472.03,1189.0,0.767,699.9,6185.0,4.472,0.991,15.232
K03627.02,FALSE POSITIVE,8.529991199,3.9954,20083.7,44.86,184.92,940.0,1.225,389.8,6185.0,4.472,0.991,15.232
K03628.01,FALSE POSITIVE,3.47140045,1.55,,,493.28,,,,,,,19.033
K03629.01,FALSE POSITIVE,1.922862476,3.4594,101272.0,70.65,2631.95,1827.0,1.001,362.1,6408.0,4.246,1.303,15.925
K00352.02,CONFIRMED,16.00747237,1.267,277.6,2.99,116.46,838.0,0.975,14.7,5857.0,4.204,1.305,13.77
K03393.01,CONFIRMED,54.6493679,7.962,432.5,2.64,19.86,538.0,0.018,15.1,5751.0,4.234,1.282,15.335
K01650.02,CONFIRMED,100.8276725,8.39,1778.8,4.35,4.16,364.0,0.676,36.7,5301.0,4.391,0.977,15.28
K03394.01,CANDIDATE,15.5764061,5.382,257.1,1.79,93.42,793.0,0.565,14.1,6214.0,4.442,1.076,15.491
K03395.01,CANDIDATE,10.00506974,3.481,143.3,1.11,122.48,849.0,0.148,11.4,5912.0,4.453,0.924,14.634
K07753.01,FALSE POSITIVE,0.905675699,1.701,73.2,0.77,2374.98,1780.0,0.008,10.2,5730.0,4.518,0.903,15.384
K03396.01,CANDIDATE,36.2580749,5.917,380.3,1.82,16.7,516.0,0.786,12.5,5818.0,4.554,0.848,15.553
K03462.01,CANDIDATE,12.4326997,7.81,240.3,1.88,117.17,839.0,0.212,11.5,5480.0,4.22,1.229,15.916
K03462.02,CANDIDATE,30.9902997,9.454,321.5,2.21,34.68,619.0,0.397,10.7,5480.0,4.22,1.229,15.916
K03464.01,FALSE POSITIVE,15.9750417,3.549,643.5,90.37,403.2,1143.0,1.211,37.5,5220.0,3.52,3.456,13.933
K03465.01,CONFIRMED,16.0505464,3.171,94.4,0.81,37.12,630.0,0.135,14.6,5428.0,4.563,0.853,13.136
K07771.01,FALSE POSITIVE,0.805267592,0.887,146.6,1.35,5216.79,2165.0,0.082,9.8,6268.0,4.429,1.1,15.881
K03466.01,FALSE POSITIVE,11.082622625,6.62584,268725.0,48.38,93.67,793.0,0.207,1725.6,5831.0,4.503,0.922,16.411
K03541.01,FALSE POSITIVE,421.42848194,8.60447,96654.3,54.16,2.97,335.0,0.356,3162.0,6235.0,4.034,1.708,13.769
K01823.02,FALSE POSITIVE,1.096587245,3.0287,541.2,168.68,2096.5,1726.0,2.623,67.1,5869.0,4.513,0.942,13.954
K03542.01,FALSE POSITIVE,3.012476415,3.31903,198402.0,58.77,879.89,1388.0,0.708,2060.3,6015.0,4.329,1.088,14.776
K03543.01,FALSE POSITIVE,204.74104758,20.5357,333804.0,97.39,6.3,404.0,0.596,2000.2,6517.0,4.211,1.44,13.841
K07727.01,FALSE POSITIVE,0.759740194,3.252,42.5,0.67,4245.86,2059.0,0.497,13.7,6046.0,4.478,1.007,14.92
K03544.01,FALSE POSITIVE,4.664186517,4.0639,555376.0,278.81,1896.44,1683.0,0.29,445.7,5062.0,3.515,3.579,16.144
K03545.01,FALSE POSITIVE,1.092066399,2.97608,401890.0,40.74,432.44,1164.0,0.488,1160.6,4556.0,4.67,0.576,15.896
K03613.01,FALSE POSITIVE,3.053578643,3.22884,52879.9,35.35,271.46,1035.0,1.11,661.4,5414.0,4.625,0.714,15.74
K03614.01,FALSE POSITIVE,2.992662857,2.5258,113705.0,60.35,1123.54,1476.0,0.001,296.8,4927.0,3.883,1.837,16.328
K03615.01,FALSE POSITIVE,4.664188563,3.773,11360.5,52.09,525.46,1221.0,1.254,272.6,5699.0,4.192,1.215,13.915
K07738.01,FALSE POSITIVE,0.954873008,1.0613,33.0,0.81,6913.47,2325.0,0.578,1.5,6092.0,4.114,1.363,11.8
K03616.01,FALSE POSITIVE,0.56493412,2.57621,252639.0,33.4,1071.88,1458.0,0.691,1361.5,4748.0,4.729,0.534,15.839
K03617.01,FALSE POSITIVE,1.674984844,4.92134,234579.0,150.48,20561.29,3055.0,0.731,858.8,8285.0,3.971,2.451,14.567
K03397.01,CANDIDATE,35.8754482,3.972,366.7,2.35,47.15,668.0,0.026,12.6,6559.0,4.357,1.218,15.353
K03398.01,CONFIRMED,7.31945294,4.881,166.8,5.05,1891.07,1682.0,0.112,16.3,5745.0,3.499,3.955,13.489
K03398.02,CONFIRMED,35.8007112,8.219,417.4,7.97,227.68,991.0,0.043,25.0,5745.0,3.499,3.955,13.489
K07754.01,FALSE POSITIVE,0.790049989,2.794,70.8,0.67,2082.67,1724.0,0.185,12.3,5427.0,4.53,0.808,15.53
K03398.03,CANDIDATE,4.32710579,3.872,84.1,3.58,3805.87,2004.0,0.025,9.5,5745.0,3.499,3.955,13.489
K03399.01,FALSE POSITIVE,14.15402615,4.115,21653.0,29.61,14.25,495.0,1.199,23.9,4352.0,4.61,0.661,15.056
K03467.01,FALSE POSITIVE,33.93754213,11.1677,32990.3,138.25,34.42,618.0,1.979,1112.0,6220.0,4.414,1.066,15.191
K03468.01,CONFIRMED,20.7057153,9.678,115.9,3.22,206.73,967.0,0.922,13.5,5668.0,3.792,2.437,14.276
K03469.01,CANDIDATE,60.532988,7.086,467.5,1.91,7.36,420.0,0.618,23.8,5631.0,4.557,0.847,14.196
K07772.01,FALSE POSITIVE,3.7228679,9.557,52.1,0.74,461.27,1182.0,0.8,9.8,6046.0,4.509,0.927,15.202
K01781.03,CONFIRMED,58.0198583,5.348,1286.6,3.46,3.7,354.0,0.951,66.0,4920.0,4.62,0.72,12.231
K03470.01,CANDIDATE,15.0617835,6.31,196.6,1.61,94.08,794.0,0.114,12.1,5806.0,4.321,1.158,15.386
K03546.01,FALSE POSITIVE,4.286103033,2.6422,173359.0,25.8,52.42,686.0,0.544,397.1,4206.0,4.663,0.591,15.295
K03547.01,FALSE POSITIVE,290.7778719,12.0525,225767.0,45.27,0.58,222.0,0.761,1836.8,5207.0,4.585,0.734,14.282
K03548.01,FALSE POSITIVE,5.017239915,4.36126,144642.0,41.75,538.77,1229.0,0.191,970.9,6519.0,4.41,1.079,14.115
K07728.01,FALSE POSITIVE,0.937923475,3.164,40.4,0.52,1503.05,1588.0,0.515,12.0,5398.0,4.58,0.805,14.403
K03549.01,FALSE POSITIVE,204.0329342,17.5623,411374.0,57.35,1.29,272.0,0.49,884.9,5553.0,4.577,0.806,15.734
K03550.01,FALSE POSITIVE,2.148219541,2.94091,457844.0,49.6,244.99,1009.0,0.424,619.8,4694.0,4.6,0.672,15.783
K03551.01,FALSE POSITIVE,58.621578824,8.52961,142951.0,40.43,5.19,385.0,0.896,1887.7,5232.0,4.554,0.725,15.161
K03622.01,FALSE POSITIVE,3.125821128,2.2163,5025.4,110.58,4481.76,2087.0,1.269,245.2,6137.0,3.705,2.852,12.77
K03623.01,FALSE POSITIVE,1.032068851,2.1344,121993.0,44.35,523.01,1221.0,1.014,140.0,4387.0,4.587,0.711,16.177
K07739.01,FALSE POSITIVE,6.6751871,2.372,178.3,1.09,148.28,890.0,0.251,7.0,5774.0,4.567,0.818,15.554
K03624.01,FALSE POSITIVE,1.450205839,3.6373,25883.7,92.78,12063.44,2675.0,1.236,419.0,7564.0,4.093,1.893,13.91
K03625.01,FALSE POSITIVE,3.224486463,4.61686,403734.0,79.08,1060.42,1456.0,0.421,1905.1,6389.0,4.331,1.16,16.169
K03626.01,FALSE POSITIVE,44.14579777,4.088,224228.0,62.24,15.25,504.0,0.864,434.9,5876.0,4.492,0.896,16.442
K03400.01,FALSE POSITIVE,33.3239576,37.217,2012.1,2.55,7.06,416.0,0.47,173.7,5192.0,4.707,0.555,15.213
K03401.01,CANDIDATE,17.9559673,6.237,137.0,1.96,74.61,750.0,0.979,11.9,5641.0,4.258,1.195,14.388
K07756.01,FALSE POSITIVE,0.94102954,4.415,34.5,1.41,13794.93,2761.0,0.119,13.3,5766.0,3.783,2.409,13.134
K01681.02,CONFIRMED,1.992812339,2.066,314.8,6.81,48.82,675.0,1.127,16.8,3638.0,4.844,0.42,15.855
K03402.01,FALSE POSITIVE,36.514374043,6.48255,111620.0,33.27,21.08,546.0,0.133,1701.1,5811.0,4.465,1.0,15.423
K03403.01,CONFIRMED,39.818832,10.757,199.1,2.23,42.32,650.0,0.6,29.4,5710.0,4.073,1.524,13.102
K03470.02,CONFIRMED,25.4337864,6.514,302.0,2.0,46.8,667.0,0.232,14.3,5806.0,4.321,1.158,15.386
K03471.01,FALSE POSITIVE,67.451045,8.9387,7062.8,36.7,23.61,562.0,1.01,205.4,4847.0,3.726,2.191,13.342
K07773.01,CANDIDATE,2.69339974,1.936,147.5,1.04,415.96,1151.0,0.279,8.7,5355.0,4.511,0.863,15.673
K03472.01,CANDIDATE,10.43003118,2.029,120.0,1.14,159.58,906.0,0.283,10.6,6277.0,4.449,1.031,14.412
K03473.01,CANDIDATE,27.63714708,1.7277,735.5,6.96,104.6,816.0,0.669,27.4,5214.0,3.766,2.427,13.851
K03474.01,CONFIRMED,52.6095103,8.202,203.7,1.83,22.13,553.0,0.102,15.3,5881.0,4.259,1.294,14.192
K01830.02,CONFIRMED,198.7106251,8.638,2094.8,3.56,1.05,258.0,0.026,62.1,5180.0,4.548,0.8,14.443
K03552.01,FALSE POSITIVE,15.873380595,8.0429,208362.0,630.53,202.23,962.0,3.454,978.2,5622.0,3.907,1.895,14.679
K07729.01,CANDIDATE,50.563697,5.381,50.5,1.57,79.36,761.0,0.779,6.8,6759.0,4.018,2.022,10.948
K03553.01,FALSE POSITIVE,65.583665567,5.01216,242398.0,41.22,4.5,371.0,0.72,1649.5,5516.0,4.65,0.666,15.743
K03554.01,FALSE POSITIVE,394.67816267,6.05443,253376.0,52.16,0.72,235.0,0.708,1500.7,5780.0,4.505,0.83,15.207
K03555.01,FALSE POSITIVE,111.31980522,23.0078,62704.9,63.68,20.01,539.0,0.234,3433.7,5022.0,3.562,2.58,12.439
K03556.01,FALSE POSITIVE,110.29512684,16.5339,176336.0,37.88,4.06,362.0,0.248,2084.3,5753.0,4.503,0.895,15.258
K03334.01,FALSE POSITIVE,95.178317934,3.60125,128575.0,28.75,1.29,272.0,0.761,2279.1,4523.0,4.615,0.653,14.401
K03335.01,CONFIRMED,31.2543238,5.662,438.0,2.29,38.54,635.0,0.019,14.7,6246.0,4.433,1.092,15.82
K03336.01,FALSE POSITIVE,61.4911479,9.745,58702.9,22.76,8.7,438.0,0.681,1421.7,5830.0,4.54,0.876,15.523
K00284.04,CONFIRMED,110.2867031,4.427,145.3,1.41,6.96,414.0,0.675,16.4,5931.0,4.322,1.101,11.818
K01525.02,CONFIRMED,11.8061737,4.472,88.1,2.87,926.72,1407.0,0.905,10.1,6900.0,3.843,2.599,12.082
K03403.02,CONFIRMED,6.15828666,6.329,57.7,1.2,510.35,1212.0,0.595,16.4,5710.0,4.073,1.524,13.102
K07757.01,FALSE POSITIVE,10.828825742,0.7275,92.1,0.76,78.3,758.0,0.137,4.8,5862.0,4.584,0.785,13.492
K03404.01,CONFIRMED,82.292865,7.048,371.1,1.82,6.07,400.0,0.195,13.0,5626.0,4.467,0.957,14.828
K03407.01,CONFIRMED,92.436978,6.432,955.2,2.89,3.46,348.0,0.943,17.8,5595.0,4.606,0.741,15.449
K03408.01,CANDIDATE,65.427645,9.404,319.0,1.65,9.94,453.0,0.004,15.6,6014.0,4.504,0.926,14.821
K03409.01,FALSE POSITIVE,11.08260553,6.23,601.2,7.34,355.64,1108.0,0.966,51.3,5125.0,3.674,2.196,13.566
K03475.01,FALSE POSITIVE,22.7832776,4.194,120.2,1.33,78.41,759.0,0.626,18.2,6517.0,4.382,1.159,12.972
K03476.01,FALSE POSITIVE,23.737952838,8.50818,95883.6,53.27,34.94,620.0,1.004,1221.2,5559.0,4.394,1.0,15.147
K03477.01,FALSE POSITIVE,21.4618453,5.675,122.2,19.89,64.17,722.0,1.139,13.4,5806.0,4.283,1.213,13.798
K03479.01,FALSE POSITIVE,75.13194883,20.8729,122372.0,26.21,3.94,359.0,0.487,3625.5,5365.0,4.586,0.729,14.658
K01788.02,CANDIDATE,369.069345,5.832,945.9,3.07,0.35,197.0,0.929,11.7,4855.0,4.542,0.778,14.521
K03557.01,FALSE POSITIVE,243.82122131,10.9312,56799.3,56.63,4.18,365.0,1.029,2804.3,6370.0,4.228,1.316,13.297
K07730.01,FALSE POSITIVE,0.77459856,2.71,,,,,,,,,,14.737
K03558.01,FALSE POSITIVE,16.227548674,5.08666,192688.0,46.52,30.52,599.0,0.795,1870.0,5297.0,4.587,0.795,15.901
K03559.01,FALSE POSITIVE,47.189437,11.555,370871.0,66.71,13.01,484.0,0.5357,804.0,5458.0,4.381,0.972,15.624
K03560.01,FALSE POSITIVE,1.501760172,5.85519,387905.0,90.92,3110.42,1905.0,0.518,2624.0,6327.0,4.315,1.29,11.825
K03561.01,FALSE POSITIVE,4.05325447,4.0116,110916.0,1668.79,475.36,1191.0,15.329,446.1,6022.0,4.453,1.039,15.537
K01833.02,CONFIRMED,7.68433346,1.4346,1175.0,2.58,27.35,583.0,0.951,28.5,4402.0,4.682,0.572,14.265
K07740.01,FALSE POSITIVE,1.549979213,7.5945,370546.0,136.64,4986.15,2141.0,0.486,672.7,5408.0,3.777,2.058,13.939
K03337.01,CANDIDATE,11.16622885,3.389,353.9,1.56,65.16,725.0,0.176,13.6,5552.0,4.562,0.836,15.927
K03338.01,FALSE POSITIVE,10.99381963,3.7889,1685.8,40.17,216.57,978.0,1.274,102.9,6553.0,4.366,1.157,13.427
K03338.02,FALSE POSITIVE,10.9938087,5.0403,1456.9,5.33,216.57,978.0,0.924,100.4,6553.0,4.366,1.157,13.427
K03339.01,CANDIDATE,23.1334494,3.602,456.3,2.55,39.2,638.0,0.954,21.6,5712.0,4.382,0.932,14.656
K03340.01,CANDIDATE,8.9539656,4.898,70.4,0.84,171.51,923.0,0.656,12.2,6168.0,4.452,0.947,13.776
K03340.02,CANDIDATE,13.7281373,5.304,106.6,1.06,97.06,800.0,0.748,15.4,6168.0,4.452,0.947,13.776
K03410.01,CONFIRMED,16.5860329,7.043,231.3,2.09,107.25,821.0,0.167,14.6,5626.0,4.149,1.389,15.589
K03411.01,CANDIDATE,26.83771808,1.6162,8512.0,12.68,44.22,658.0,0.917,101.4,6194.0,4.445,1.069,14.426
K03412.01,CONFIRMED,16.7525077,3.174,338.3,3.65,97.43,801.0,0.763,18.2,4807.0,3.906,1.802,14.534
K01681.03,CANDIDATE,3.53105835,1.778,310.8,10.61,22.83,558.0,1.213,11.7,3638.0,4.844,0.42,15.855
K03413.01,FALSE POSITIVE,49.612757516,7.07603,130460.0,57.08,19.46,536.0,0.929,2070.3,6241.0,4.45,1.031,15.217
K07774.01,CANDIDATE,6.32589574,1.383,192.5,1.14,156.27,901.0,0.181,8.8,5749.0,4.568,0.818,15.421
K03480.01,CANDIDATE,11.9378354,4.652,246.0,1.15,47.91,671.0,0.036,9.6,5469.0,4.611,0.738,15.954
K03481.01,CANDIDATE,32.715906,10.79,135.7,3.68,156.74,902.0,0.25,13.1,5527.0,3.627,3.192,14.462
K03482.01,CONFIRMED,15.3317719,5.467,179.2,1.91,107.44,821.0,0.802,13.3,5726.0,4.228,1.285,15.098
K03483.01,CANDIDATE,82.331756,8.664,283.2,2.08,11.96,474.0,0.027,11.9,5997.0,4.304,1.242,14.872
K03484.01,CONFIRMED,84.704139,10.393,655.7,4.17,19.59,537.0,0.01,17.0,6085.0,4.115,1.634,15.169
K07731.01,FALSE POSITIVE,0.755105584,5.02374,250026.0,76.26,7996.1,2412.0,0.732,2158.5,6592.0,4.369,1.19,11.638
K03562.01,FALSE POSITIVE,101.26336282,17.8951,72792.5,44.0,8.47,435.0,0.944,3573.1,6309.0,4.413,1.062,14.319
K03563.01,FALSE POSITIVE,120.58167178,8.2904,192896.0,41.71,1.7,291.0,0.845,1184.8,5294.0,4.651,0.673,15.777
K03564.01,FALSE POSITIVE,1.558544209,3.3727,225588.0,35.12,460.09,1182.0,0.507,421.6,4868.0,4.582,0.708,14.498
K03565.01,FALSE POSITIVE,2.63757408,5.9626,169658.0,76.02,563.22,1242.0,1.107,1471.6,5639.0,4.509,0.953,15.902
K03566.01,FALSE POSITIVE,8.64636188,8.73607,218072.0,54.24,268.95,1033.0,0.294,2441.7,6444.0,4.382,1.134,14.097
K07741.01,FALSE POSITIVE,125.288206,3.695,241.6,1.5,4.1,363.0,0.066,9.4,5881.0,4.48,0.973,14.179
K03567.01,FALSE POSITIVE,112.46358893,31.8273,242411.0,129.04,54.2,692.0,0.523,1374.0,7426.0,3.903,2.463,10.967
K03341.01,CANDIDATE,27.0965146,8.42,208.4,2.13,56.79,700.0,0.769,16.4,5775.0,4.193,1.352,14.886
K03341.02,CANDIDATE,11.5474983,6.684,115.5,1.48,176.97,930.0,0.495,12.3,5775.0,4.193,1.352,14.886
K03342.01,FALSE POSITIVE,42.39930429,18.3609,205992.0,44.7,20.46,542.0,0.336,2261.9,6153.0,4.487,0.962,15.747
K03343.01,CANDIDATE,83.2664103,2.813,620.0,2.89,8.78,439.0,0.029,10.9,5538.0,4.266,1.18,14.97
K01545.02,FALSE POSITIVE,5.91039905,3.85,,,,,,,,,,15.169
K03344.01,CONFIRMED,11.6044881,3.409,267.6,1.88,118.5,841.0,0.118,14.5,5533.0,4.275,1.166,15.254
K03414.01,FALSE POSITIVE,27.009807384,1.96698,67898.0,22.32,2.82,330.0,0.949,541.3,3900.0,4.727,0.534,15.483
K03415.01,CONFIRMED,15.0219784,5.068,96.9,1.77,137.91,874.0,0.96,7.4,5831.0,4.162,1.382,13.109
K03416.01,CANDIDATE,11.8237228,8.518,212.7,1.25,57.62,703.0,0.698,14.2,5559.0,4.578,0.803,15.353
K03417.01,CONFIRMED,91.078624,10.304,738.6,3.26,7.02,415.0,0.901,20.8,5915.0,4.437,1.008,15.214
K03418.01,CONFIRMED,85.272459,13.31,767.8,3.85,9.1,443.0,0.965,18.9,5922.0,4.349,1.057,15.417
K03485.01,FALSE POSITIVE,12.42592675,29.1701,410.3,2.66,92.32,790.0,0.973,63.7,5952.0,4.489,0.971,14.936
K03486.01,CANDIDATE,19.0689513,12.462,169.3,1.63,36.63,627.0,0.98,19.1,5418.0,4.436,0.889,14.371
K03487.01,FALSE POSITIVE,89.7398137,3.26371,81096.0,38.01,4.1,363.0,1.026,296.0,5777.0,4.608,0.747,14.294
K03489.01,FALSE POSITIVE,90.08255562,19.7301,43252.2,49.2,46.58,666.0,0.099,3571.6,6523.0,3.835,2.343,12.963
K07732.01,FALSE POSITIVE,0.759768478,2.824,57.4,0.64,2149.06,1737.0,0.583,12.9,5481.0,4.574,0.815,15.318
K03490.01,FALSE POSITIVE,42.2011587,8.479,178.1,37.39,47.85,671.0,1.225,15.9,6200.0,4.135,1.449,13.294
K03568.01,FALSE POSITIVE,15.65129028,6.7631,398641.0,78.3,93.1,792.0,0.507,359.7,6137.0,4.418,1.103,16.666
K03569.01,FALSE POSITIVE,9.014220178,2.76441,34085.6,15.49,45.03,661.0,0.802,1109.2,4842.0,4.573,0.73,13.57
K03570.01,FALSE POSITIVE,1.824653341,4.25512,176739.0,55.44,1880.22,1680.0,0.845,1833.7,6413.0,4.372,0.941,15.048
K03571.01,FALSE POSITIVE,3.185090259,4.80188,423276.0,92.5,1414.18,1564.0,0.465,1909.2,6516.0,4.249,1.279,15.519
K07742.01,FALSE POSITIVE,372.76888,23.27,1157.2,3.66,0.81,242.0,0.909,22.8,5800.0,4.514,0.894,15.422
K01833.03,CONFIRMED,5.70940795,1.622,586.7,1.51,40.66,644.0,0.751,20.2,4402.0,4.682,0.572,14.265
K03572.01,FALSE POSITIVE,2.086076372,2.4032,58858.0,1543.74,1728.2,1645.0,13.376,159.3,6124.0,4.265,1.119,14.554
K03344.02,CONFIRMED,3.63898953,2.252,209.6,1.68,555.71,1238.0,0.32,16.0,5533.0,4.275,1.166,15.254
K03345.01,CONFIRMED,38.1303324,6.53,180.4,1.54,33.43,613.0,0.562,11.6,6370.0,4.41,1.106,14.633
K03346.01,CONFIRMED,14.42735088,4.857,117.0,1.53,88.9,783.0,0.977,21.5,5929.0,4.403,1.04,13.359
K07759.01,CANDIDATE,6.2253374,4.388,108.6,1.92,851.73,1378.0,0.692,11.8,6263.0,4.024,1.726,14.918
K03347.01,CONFIRMED,12.90235874,2.446,354.4,1.49,48.99,675.0,0.382,15.7,5530.0,4.586,0.788,15.487
K03348.01,CONFIRMED,36.4337867,4.388,406.8,2.2,23.35,561.0,0.25,16.2,5566.0,4.329,1.099,15.246
K03419.01,FALSE POSITIVE,58.5850357,3.5939,75468.0,149.98,59.16,707.0,1.309,656.5,6379.0,3.925,1.994,13.061
K03420.02,CANDIDATE,12.5014905,3.882,220.1,2.24,194.3,952.0,0.43,10.8,5821.0,4.127,1.492,15.589
K03421.01,CANDIDATE,40.6511021,11.282,136.4,1.7,42.54,651.0,0.682,17.3,6297.0,4.26,1.369,13.935
K07775.01,CANDIDATE,89.945828,2.286,335.6,3.46,15.86,509.0,0.171,6.6,5115.0,3.819,1.924,13.64
K03422.01,CANDIDATE,40.1454757,5.2,310.8,13.01,1708.38,1640.0,0.491,5.2,7852.0,3.159,7.162,13.201
K01707.02,CONFIRMED,265.47847,10.28,1040.7,4.2,1.7,291.0,0.956,18.1,5792.0,4.375,1.005,15.321
K01792.02,FALSE POSITIVE,1.546222068,7.998,49.4,0.77,1465.41,1578.0,0.503,56.6,5611.0,4.388,1.073,12.16
K03491.01,FALSE POSITIVE,89.3313828,11.919,2177.6,8.02,22.89,558.0,0.899,169.5,6860.0,4.233,1.467,13.68
K03492.01,FALSE POSITIVE,22.2941485,3.188,100.9,1.5,78.93,760.0,0.709,13.6,5915.0,4.223,1.392,13.03
K07733.01,CANDIDATE,1.048130894,5.6707,191.8,4.52,52952.95,3871.0,0.216,5.2,7673.0,3.679,3.214,11.86
K03493.01,CONFIRMED,46.7162336,7.259,345.5,2.03,18.74,531.0,0.266,15.4,5856.0,4.386,1.092,15.223
K03495.01,CANDIDATE,17.6062701,6.134,146.2,1.72,75.96,753.0,0.923,10.4,5808.0,4.326,1.159,15.135
K03573.01,FALSE POSITIVE,43.56225858,3.6873,51325.0,80.02,35.83,624.0,1.295,163.6,6411.0,4.307,1.216,13.676
K03574.01,FALSE POSITIVE,198.443477,9.9776,39943.0,41.72,1.44,279.0,1.149,464.2,5420.0,4.502,0.868,13.76
K03575.01,FALSE POSITIVE,17.907664726,5.58652,265411.0,282.86,73.31,746.0,2.79,1731.4,6173.0,4.447,1.041,16.107
K07743.01,FALSE POSITIVE,2.4044122,4.575,42.7,0.85,1805.11,1662.0,0.559,10.8,6398.0,4.276,1.249,13.894
K03576.01,FALSE POSITIVE,22.77196484,8.3476,325446.0,104.17,114.9,835.0,0.603,305.2,6049.0,4.067,1.557,15.018
K03577.01,FALSE POSITIVE,184.52015392,15.3564,49269.0,23.38,1.36,275.0,0.886,1759.1,5341.0,4.514,0.776,14.07
K03349.01,CONFIRMED,82.175197,8.664,546.4,2.24,8.92,441.0,0.015,20.8,6247.0,4.489,0.954,15.292
K03350.01,FALSE POSITIVE,29.015852933,7.19844,71432.1,1183.06,29.11,592.0,12.223,1268.8,5783.0,4.415,0.941,15.546
K03351.01,FALSE POSITIVE,77.36241476,12.1317,96585.8,41.66,4.08,362.0,0.995,1246.3,5359.0,4.57,0.79,15.673
K07761.01,FALSE POSITIVE,495.71095,4.514,443.1,4.41,2.8,330.0,0.718,8.5,6054.0,3.911,1.953,13.867
K03352.01,CONFIRMED,10.35857039,2.577,273.7,1.68,129.28,860.0,0.074,15.1,5893.0,4.423,1.02,15.408
K01562.02,CANDIDATE,20.0679247,5.236,482.2,2.25,45.49,662.0,0.849,13.8,5997.0,4.522,0.904,15.59
K03423.01,CONFIRMED,30.2541186,2.134,576.3,2.8,44.87,660.0,0.122,12.3,6277.0,4.402,1.161,14.296
K03424.01,FALSE POSITIVE,17.081202417,7.20617,134143.0,39.24,27.61,585.0,0.915,1524.8,5431.0,4.623,0.708,15.863
K03425.01,CONFIRMED,20.034708,6.49,124.4,2.24,207.16,967.0,0.193,22.9,6120.0,3.934,2.0,13.266
K07776.01,CANDIDATE,541.92452,21.4,1504.2,3.15,0.1,144.0,0.95,18.1,4378.0,4.64,0.614,15.671
K03425.02,CONFIRMED,3.15722086,3.762,49.7,1.41,2436.47,1791.0,0.001,17.4,6120.0,3.934,2.0,13.266
K03426.01,CANDIDATE,58.7701045,6.995,224.4,1.57,15.78,508.0,0.551,13.2,6158.0,4.397,1.013,14.324
K03495.02,CANDIDATE,6.685438,5.09,89.2,1.25,276.02,1040.0,0.853,9.7,5808.0,4.326,1.159,15.135
K03496.01,CONFIRMED,23.2385587,8.432,161.2,2.18,157.09,903.0,0.355,15.5,6602.0,4.108,1.685,13.932
K03496.02,CANDIDATE,8.5433774,6.149,75.1,1.58,595.97,1260.0,0.748,10.3,6602.0,4.108,1.685,13.932
K07734.01,FALSE POSITIVE,118.314913,4.79,216.3,7.23,90.09,786.0,0.522,7.0,6190.0,3.34,4.763,13.172
K03497.01,CONFIRMED,20.35971899,2.1521,345.7,0.8,1.38,276.0,0.925,26.8,3419.0,4.904,0.344,13.393
K03498.01,FALSE POSITIVE,43.798566,6.401,290.4,48.52,63.8,721.0,1.182,26.1,5611.0,3.842,2.227,12.963
K03578.01,FALSE POSITIVE,131.73630485,5.28476,58381.2,54.38,6.89,413.0,0.871,1241.0,5102.0,3.962,1.669,13.395
K03579.01,FALSE POSITIVE,4.301031137,5.65214,204153.0,93.01,1056.61,1454.0,0.79,1526.2,6386.0,4.208,1.548,14.573
K03580.01,FALSE POSITIVE,198.01379181,9.72673,142501.0,38.49,1.09,260.0,0.88,1411.3,5359.0,4.566,0.708,15.546
K03581.01,FALSE POSITIVE,10.9938268,5.0746,419208.0,52.69,36.46,627.0,0.471,469.5,4856.0,4.554,0.743,16.751
K07744.01,CANDIDATE,11.7201693,2.399,154.4,1.34,135.43,870.0,0.292,7.5,6193.0,4.434,1.067,15.171
K01837.02,CONFIRMED,1.682934607,1.8846,142.7,1.06,615.67,1270.0,0.681,24.5,5201.0,4.573,0.834,13.733
K03582.01,FALSE POSITIVE,114.90862419,7.66397,196112.0,42.78,1.06,259.0,0.78,1179.7,4412.0,4.565,0.737,15.927
K03353.01,CONFIRMED,11.55532445,3.499,250.0,1.7,48.88,674.0,0.96,16.1,5149.0,4.506,0.803,14.598
K03354.01,CANDIDATE,11.5706005,3.073,211.9,1.33,83.39,771.0,0.416,9.6,5718.0,4.479,0.9,15.089
K03355.01,CANDIDATE,16.2953228,4.882,229.1,1.6,84.23,773.0,0.587,12.9,6187.0,4.432,1.013,15.11
K07762.01,CANDIDATE,8.5073512,2.266,209.5,1.38,148.86,891.0,0.223,8.9,5914.0,4.483,0.955,15.33
K03356.01,CONFIRMED,26.0841212,6.141,259.7,1.35,30.24,598.0,0.092,13.8,6083.0,4.563,0.835,15.44
K03357.01,FALSE POSITIVE,52.802767576,5.6184,52110.3,75.82,11.73,472.0,1.473,1238.8,5835.0,4.492,0.901,15.193
K03427.01,FALSE POSITIVE,39.206808648,6.24701,186978.0,50.2,16.82,516.0,0.81,1274.3,5945.0,4.545,0.861,15.545
K03428.01,CONFIRMED,64.6589166,7.71,235.4,2.12,19.39,535.0,0.083,13.9,5821.0,4.172,1.395,14.694
K03429.01,CANDIDATE,15.8283833,3.643,227.5,1.8,78.2,758.0,0.623,9.8,5596.0,4.298,1.145,15.364
K07777.01,FALSE POSITIVE,27.6760342,4.234,266.8,5.15,193.23,951.0,0.071,14.4,5123.0,3.442,3.224,13.33
K03429.02,CONFIRMED,8.74192361,4.235,295.7,1.94,172.38,924.0,0.025,18.5,5596.0,4.298,1.145,15.364
K03429.03,FALSE POSITIVE,26.936878,4.969,246.9,1.57,34.24,617.0,0.2807,8.8,5878.0,4.442,0.998,15.364
K00302.02,FALSE POSITIVE,53.34418038,3.62,,,,,,,,,,12.059
K03499.01,FALSE POSITIVE,12.4281308,6.79,131.4,0.85,61.78,715.0,0.33,9.4,5940.0,4.621,0.729,15.056
K01792.03,CONFIRMED,9.10969334,5.3181,126.4,1.32,137.45,873.0,0.761,47.8,5611.0,4.388,1.073,12.16
K03499.02,FALSE POSITIVE,0.96283264,2.947,96.3,0.74,1908.55,1686.0,0.4963,16.4,5955.0,4.617,0.733,15.056
K03500.01,CONFIRMED,73.7502765,13.309,233.1,3.78,49.76,677.0,0.127,33.9,6056.0,3.797,2.481,13.214
K03500.02,CANDIDATE,4.7482669,4.947,35.6,1.57,1927.62,1690.0,0.673,12.1,6056.0,3.797,2.481,13.214
K03583.01,FALSE POSITIVE,210.30644361,6.68665,46455.4,101.13,17.94,525.0,1.155,1081.7,7591.0,4.05,2.017,12.504
K03584.01,FALSE POSITIVE,8.268081087,3.47103,71479.3,50.31,130.83,863.0,1.099,1320.5,5749.0,4.502,0.922,15.768
K03585.01,FALSE POSITIVE,3.564614021,3.44204,94342.0,46.0,470.37,1187.0,0.989,728.8,5891.0,4.45,0.892,15.671
K07745.01,FALSE POSITIVE,533.47707,23.71,210.6,2.6,2.33,315.0,0.418,15.3,6077.0,3.931,1.759,13.294
K03586.01,FALSE POSITIVE,5.877122413,3.7369,15647.1,45.95,300.43,1061.0,1.238,287.6,5778.0,4.325,1.043,13.147
K03587.01,FALSE POSITIVE,1.036592635,2.40749,124498.0,463.05,73013.77,4194.0,0.898,444.7,4884.0,2.737,8.747,14.441
K03358.01,CANDIDATE,10.10404351,1.0022,1322.4,4.05,75.32,752.0,0.951,39.5,5530.0,4.541,0.831,14.031
K03360.01,FALSE POSITIVE,91.4999978,19.5818,65496.0,21.86,2.98,335.0,0.736,1018.4,5263.0,4.572,0.774,14.801
K03361.01,CONFIRMED,65.9407869,7.776,580.4,2.33,10.04,454.0,0.332,19.8,5982.0,4.493,0.96,15.502
K07763.01,FALSE POSITIVE,406.45737,9.554,284.2,1.96,1.42,278.0,0.428,12.7,6217.0,4.364,1.141,13.079
K03362.01,FALSE POSITIVE,30.47639859,17.9728,130569.0,43.01,20.39,542.0,0.92,236.2,5913.0,4.585,0.787,14.84
K03363.01,CONFIRMED,14.53260546,2.4212,328.9,1.69,73.37,746.0,0.112,29.0,6003.0,4.507,0.932,13.785
K01718.02,CONFIRMED,153.348739,12.205,388.0,2.14,4.78,377.0,0.261,12.7,6127.0,4.356,1.08,15.224
K03430.01,CANDIDATE,13.9248005,5.016,195.2,0.9,28.27,588.0,0.021,11.2,5271.0,4.669,0.648,15.712
K03431.01,CANDIDATE,19.6001405,8.613,282.0,2.08,49.23,676.0,0.971,19.7,6003.0,4.507,0.932,13.874
K07808.01,FALSE POSITIVE,361.526458,6.947,525.1,5.7,6.67,410.0,0.971,14.0,7196.0,4.064,1.923,13.151
K03432.01,CONFIRMED,48.0506878,7.999,274.5,2.36,23.9,564.0,0.186,15.1,5332.0,4.083,1.453,15.033
K03433.01,CANDIDATE,34.08429351,1.3521,3746.0,36.05,15.46,506.0,1.28,28.7,5252.0,4.428,0.922,15.417
K03816.01,FALSE POSITIVE,9.44942628,6.3064,1211.9,75.22,476.13,1192.0,1.217,81.1,5092.0,3.689,2.664,13.819
K03817.01,FALSE POSITIVE,0.933489066,1.41864,14259.0,48.01,3648.49,1979.0,1.243,374.5,5758.0,4.307,1.084,16.428
K03818.01,FALSE POSITIVE,1.908525084,4.169,218.9,3.74,24558.81,3191.0,0.015,26.9,9174.0,4.013,2.471,11.721
K07788.01,FALSE POSITIVE,0.798467681,0.86,120.7,0.82,2064.49,1718.0,0.331,9.4,5575.0,4.557,0.733,15.89
K03819.01,FALSE POSITIVE,0.867721348,4.8783,97653.0,67.0,4487.7,2089.0,0.987,587.9,5510.0,4.186,1.276,16.09
K03820.01,FALSE POSITIVE,161.252567,23.626,2911.5,5.04,2.41,318.0,0.869,94.7,5985.0,4.574,0.811,14.72
K03893.01,CONFIRMED,3.90863457,1.7704,867.2,1.86,91.01,787.0,0.111,36.6,4518.0,4.613,0.653,15.646
K02092.03,CONFIRMED,77.086191,4.77,942.8,29.77,11.0,464.0,1.227,12.9,6228.0,4.441,1.049,15.886
K03894.01,FALSE POSITIVE,1.673662758,2.3135,316.4,23.42,2106.67,1729.0,1.186,33.4,6444.0,4.433,1.053,14.576
K03895.01,FALSE POSITIVE,5.93717724,5.355,25450.0,594.32,241.6,1005.0,6.282,56.3,5780.0,4.438,1.0,18.358
K03896.01,FALSE POSITIVE,3.89043062,6.596,195.4,1.24,354.22,1106.0,0.025,14.4,5646.0,4.449,0.896,15.204
K03897.01,FALSE POSITIVE,16.8282542,39.098,655.3,2.66,46.95,668.0,0.7071,78.3,5575.0,4.496,0.972,14.889
K03667.01,FALSE POSITIVE,2.489549075,2.4345,2829.7,59.57,2007.56,1708.0,1.33,160.6,6184.0,4.138,1.406,13.368
K01955.03,CONFIRMED,1.644221032,2.9122,47.8,1.18,3071.95,1897.0,0.942,24.1,6297.0,4.26,1.369,13.147
K03668.01,FALSE POSITIVE,4.469731089,5.257,3159.6,84.63,1604.34,1614.0,1.268,286.7,5758.0,3.808,2.318,13.246
K03669.01,FALSE POSITIVE,1.731803197,5.6803,44612.0,22.87,1285.11,1526.0,0.63,221.1,5761.0,4.426,1.029,15.449
K03670.01,FALSE POSITIVE,2.64830047,2.6395,12668.0,126.54,20225.84,3042.0,0.873,79.8,4839.0,2.761,9.278,12.858
K02011.02,CONFIRMED,17.2653659,5.02,67.9,1.16,146.92,888.0,0.007,13.9,6388.0,4.244,1.402,12.556
K03743.01,FALSE POSITIVE,3.486318703,2.7904,60135.0,54.53,491.1,1201.0,1.138,190.7,5780.0,4.438,1.0,17.914
K03744.01,FALSE POSITIVE,1.705780649,1.6271,15498.0,25.95,348.32,1101.0,1.231,31.8,4970.0,4.665,0.591,15.77
K03745.01,FALSE POSITIVE,7.45306683,4.7617,46552.0,1044.28,178.53,932.0,10.337,84.3,5780.0,4.438,1.0,17.3
K03746.01,FALSE POSITIVE,2.929299629,7.102,83918.0,51.67,618.11,1272.0,1.025,374.6,5780.0,4.438,1.0,17.382
K03747.01,FALSE POSITIVE,5.50811352,2.9516,40380.0,34.03,86.57,778.0,1.215,100.5,5188.0,4.687,0.624,17.065
K03821.01,FALSE POSITIVE,0.569115097,3.5028,585597.0,156.15,29827.37,3357.0,0.444,229.6,7174.0,4.13,1.705,16.747
K03822.01,FALSE POSITIVE,2.529073751,1.8827,1572.9,25.8,395.83,1137.0,1.263,73.4,5465.0,4.598,0.766,15.573
K03823.01,CANDIDATE,202.1168173,4.683,2701.2,5.8,1.59,286.0,0.906,56.3,5536.0,4.498,0.917,13.922
K03824.01,FALSE POSITIVE,0.916326699,3.1427,96384.0,50.7,3196.67,1917.0,0.988,251.6,6046.0,4.486,0.972,15.896
K00435.03,CONFIRMED,33.0405509,3.3613,577.4,2.36,23.4,561.0,0.431,27.5,5688.0,4.415,0.971,14.534
K03898.01,FALSE POSITIVE,1.306723495,6.606,12456.6,27.42,443.02,1170.0,1.229,311.7,4651.0,4.612,0.657,15.984
K03899.01,FALSE POSITIVE,0.7967202,4.25304,167719.0,56.89,3497.4,1964.0,0.839,716.6,5780.0,4.438,1.0,17.656
K03900.01,FALSE POSITIVE,359.102042,16.949,1102.9,28.76,1.67,290.0,1.201,26.5,6355.0,4.41,1.108,13.906
K03901.01,CONFIRMED,160.130899,13.775,1183.0,6.67,9.68,450.0,0.791,32.4,6092.0,4.056,1.759,15.13
K03902.01,FALSE POSITIVE,2.69634575,3.785,185.2,1.46,650.06,1287.0,0.54,35.4,5418.0,4.335,1.051,14.544
K03903.01,FALSE POSITIVE,2.553924603,9.835,1680.1,32.67,789.69,1352.0,1.258,100.5,5993.0,4.489,0.986,15.755
K03671.01,FALSE POSITIVE,8.487871809,4.19829,118814.0,46.24,96.0,798.0,0.941,483.9,5553.0,4.558,0.855,16.947
K03672.01,FALSE POSITIVE,5.50817321,3.6845,226850.0,39.18,82.55,768.0,0.739,268.7,5051.0,4.663,0.644,17.779
K03673.01,FALSE POSITIVE,6.142812722,6.0751,96593.0,31.9,230.71,994.0,0.477,316.1,5780.0,4.438,1.0,16.152
K03674.01,FALSE POSITIVE,175.06586091,4.5181,45134.0,40.63,2.24,312.0,1.149,320.6,6021.0,4.57,0.819,15.62
K03675.01,FALSE POSITIVE,20.8392148,2.3321,177508.0,51.9,27.45,584.0,0.894,197.6,5378.0,4.488,0.812,16.583
K03676.01,FALSE POSITIVE,9.50158045,5.0701,443400.0,73.07,128.99,860.0,0.444,314.9,5780.0,4.438,1.0,18.347
K03747.02,FALSE POSITIVE,19.226055,2.949,3266.0,3.52,16.32,513.0,0.2579,10.1,5193.0,4.689,0.621,17.065
K03748.01,FALSE POSITIVE,2.050435466,8.0122,7765.3,34.84,629.98,1278.0,1.275,445.8,5440.0,4.496,0.825,14.808
K03749.01,CANDIDATE,10.72725536,1.7541,56197.0,12.85,2.1,307.0,1.056,160.5,3324.0,5.006,0.268,16.415
K03750.01,FALSE POSITIVE,1.507101452,5.2005,15847.0,39.32,1453.29,1573.0,1.246,273.5,5884.0,4.453,0.876,14.848
K03751.01,FALSE POSITIVE,1.274841686,3.5903,50253.0,63.68,3957.46,2025.0,1.128,353.0,6211.0,4.247,1.281,14.034
K02055.02,CONFIRMED,4.02582434,2.8059,265.3,1.79,440.08,1169.0,0.017,23.9,5509.0,4.308,1.116,14.523
K03825.01,FALSE POSITIVE,2.845746618,13.0719,557741.0,135.99,1822.75,1667.0,0.126,829.1,5641.0,3.948,1.776,15.833
K03826.01,FALSE POSITIVE,2.30120705,25.08,1688.1,28.64,583.42,1254.0,1.262,132.5,5641.0,4.554,0.85,15.818
K03827.01,FALSE POSITIVE,337.377514,12.136,6110.0,37.23,1.28,271.0,1.245,60.0,6029.0,4.452,0.998,15.36
K03827.02,FALSE POSITIVE,389.28075044,12.52,,,,,,,,,,15.36
K03828.01,FALSE POSITIVE,8.58965725,8.9793,1161.5,27.86,111.01,828.0,1.249,107.8,5697.0,4.539,0.892,14.649
K02093.02,CANDIDATE,2.508116,2.504,188.1,12.28,42618.46,3662.0,0.472,18.3,5096.0,2.435,8.769,15.357
K03904.01,FALSE POSITIVE,8.56751264,5.449,347.9,23.05,210.83,972.0,1.182,17.9,6212.0,4.42,1.054,14.943
K03905.01,FALSE POSITIVE,1.061934313,3.194,607.0,15.14,352.77,1104.0,1.218,70.0,4304.0,4.675,0.566,15.454
K03906.01,FALSE POSITIVE,2.406574511,3.4382,738.0,26.22,1140.2,1481.0,1.187,63.9,6167.0,4.428,1.107,15.42
K03907.01,FALSE POSITIVE,28.64338839,1.2246,624.3,5.82,136.32,871.0,0.968,23.1,6507.0,4.002,1.767,12.642
K07792.01,FALSE POSITIVE,96.231257,2.488,938.0,29.26,204.8,965.0,0.442,8.8,4895.0,2.674,9.529,13.648
K03677.01,FALSE POSITIVE,30.5528701,5.3367,63521.0,63.57,51.9,685.0,1.134,510.8,6441.0,4.367,1.165,16.245
K01955.04,CONFIRMED,26.2347447,3.536,196.5,2.76,76.31,754.0,0.985,22.0,6297.0,4.26,1.369,13.147
K03678.01,CONFIRMED,160.88451966,10.8771,7590.4,9.09,3.39,346.0,0.284,526.1,5650.0,4.313,1.044,12.888
K03679.01,FALSE POSITIVE,4.04506346,3.22222,360177.0,67.94,402.77,1143.0,0.529,483.9,5780.0,4.438,1.0,17.705
K03680.01,CONFIRMED,141.2415405,6.7645,12990.5,11.49,3.62,352.0,0.12,380.9,5705.0,4.397,1.017,14.524
K03681.01,CONFIRMED,217.83184293,21.306,9148.7,11.17,3.29,343.0,0.004,1244.4,6259.0,4.385,1.167,11.69
K02018.02,CANDIDATE,16.0988294,5.686,160.2,1.14,58.53,705.0,0.017,10.9,5657.0,4.401,0.911,14.55
K03752.01,FALSE POSITIVE,1.433262145,5.6316,1849.5,5.67,2319.46,1769.0,0.933,159.3,5977.0,4.318,1.068,14.888
K03753.01,FALSE POSITIVE,0.782046543,1.9874,340464.0,43.07,836.18,1372.0,0.633,534.0,4768.0,4.661,0.591,16.784
K03754.01,FALSE POSITIVE,5.663604992,1.4283,163385.0,54.55,257.36,1021.0,0.785,169.4,5780.0,4.438,1.0,17.93
K03755.01,FALSE POSITIVE,18.076610347,3.1396,65280.0,39.16,19.14,533.0,1.074,380.6,4848.0,4.55,0.764,16.636
K03756.01,FALSE POSITIVE,6.47173281,7.1964,6472.7,13.68,757.69,1338.0,0.267,94.5,6318.0,4.079,1.685,14.35
K03830.01,FALSE POSITIVE,1.031100362,2.9759,129157.0,27.35,1491.65,1584.0,0.293,178.5,5666.0,4.601,0.752,17.022
K03831.01,FALSE POSITIVE,0.597933142,3.47133,284383.0,63.46,5169.99,2161.0,0.634,1490.3,5780.0,4.438,1.0,16.377
K03832.01,FALSE POSITIVE,5.36652724,8.367,3122.5,7.97,219.72,982.0,0.985,50.7,5858.0,4.553,0.849,15.48
K03834.01,FALSE POSITIVE,1.540392098,3.7271,1022.0,17.63,506.98,1210.0,1.184,87.2,4911.0,4.564,0.724,14.449
K03835.01,CONFIRMED,47.1484324,3.1347,1113.8,2.58,5.5,391.0,0.668,54.5,4975.0,4.579,0.734,12.86
K02055.03,CONFIRMED,2.50475282,2.376,181.1,1.48,828.59,1369.0,0.13,18.9,5509.0,4.308,1.116,14.523
K03908.01,CONFIRMED,59.3627946,13.972,233.6,2.23,24.33,566.0,0.001,51.5,5786.0,4.106,1.471,12.07
K03909.01,CANDIDATE,247.891041,18.363,956.6,4.74,4.27,367.0,0.002,34.6,6121.0,4.163,1.536,14.948
K03910.01,FALSE POSITIVE,2.199076661,6.11,777.4,21.72,457.33,1179.0,1.22,56.2,5310.0,4.565,0.791,15.339
K03911.01,CONFIRMED,1.79110997,2.0917,167.5,1.29,1356.76,1549.0,0.028,24.3,6040.0,4.469,0.999,14.496
K03912.01,FALSE POSITIVE,7.77241144,5.272,286.9,1.69,183.58,938.0,0.317,18.9,6014.0,4.486,0.993,15.327
K07793.01,CANDIDATE,1.99469354,5.297,75.1,0.46,78.2,758.0,0.643,8.9,3799.0,4.738,0.51,15.846
K03681.02,CONFIRMED,10.51421162,3.877,85.4,1.25,187.06,943.0,0.877,21.6,6259.0,4.385,1.167,11.69
K03682.01,FALSE POSITIVE,11.344347453,5.9738,258242.0,62.52,101.92,810.0,0.692,437.2,5780.0,4.438,1.0,17.953
K03683.01,CONFIRMED,214.3120439,16.2938,4523.4,9.17,4.93,380.0,0.016,562.8,6471.0,4.287,1.357,12.04
K03684.01,FALSE POSITIVE,0.876826336,3.6097,138366.0,37.24,4095.0,2042.0,0.481,1338.1,6344.0,4.481,0.962,12.29
K03685.01,FALSE POSITIVE,208.86909724,4.5707,21306.7,29.95,2.34,316.0,1.056,413.8,5914.0,4.421,0.987,14.461
K03685.02,CONFIRMED,7.2593226,6.1394,247.5,1.57,206.88,967.0,0.366,40.1,5914.0,4.421,0.987,14.461
K03757.01,FALSE POSITIVE,1.98663794,4.7585,63156.0,134.5,25932.61,3234.0,1.105,193.0,9191.0,3.973,2.619,14.726
K03758.01,FALSE POSITIVE,13.54208867,4.9406,28869.0,26.65,66.01,727.0,0.985,137.6,5496.0,4.405,0.927,16.9
K03759.01,FALSE POSITIVE,7.549303633,2.3665,10222.9,34.45,93.96,794.0,1.253,177.0,5402.0,4.581,0.815,15.992
K03760.01,FALSE POSITIVE,0.77544539,1.8764,6791.4,35.53,2974.07,1883.0,1.272,205.1,5861.0,4.546,0.865,15.64
K03761.01,CANDIDATE,164.950399,30.86,24493.0,11.23,0.95,252.0,0.724,65.7,5001.0,4.603,0.664,15.473
K07810.01,FALSE POSITIVE,308.255238,11.959,637.1,18.98,26.05,576.0,0.018,13.8,4852.0,2.896,7.797,13.444
K03836.01,FALSE POSITIVE,3.46724809,11.01,1317.3,2.52,118.15,841.0,0.953,107.0,4969.0,4.713,0.543,15.889
K03837.01,FALSE POSITIVE,7.4413445,2.8754,2234.0,43.5,393.59,1136.0,1.286,66.4,6540.0,4.321,1.183,14.114
K03838.01,FALSE POSITIVE,4.618309224,3.6752,1191.0,25.43,190.56,947.0,1.247,68.5,5452.0,4.572,0.815,15.757
K03839.01,FALSE POSITIVE,0.677761275,3.7085,877.9,22.15,3136.01,1906.0,1.205,120.8,5699.0,4.553,0.853,14.382
K03840.01,FALSE POSITIVE,2.845739012,11.9327,24391.8,44.7,663.42,1294.0,1.213,488.6,5982.0,4.493,0.96,15.362
K07789.01,FALSE POSITIVE,175.358905,5.34,215.0,2.9,7.36,420.0,0.034,9.1,5109.0,3.757,2.02,13.385
K03913.01,CANDIDATE,0.582895412,1.0528,587.5,5.87,7152.6,2347.0,1.011,87.0,6263.0,4.46,1.009,14.972
K02093.03,CANDIDATE,0.496069986,1.5568,128.8,10.0,369989.68,6285.0,0.269,22.1,5096.0,2.435,8.769,15.357
K03914.01,FALSE POSITIVE,12.42618005,28.1949,1522.8,3.48,21.8,551.0,0.935,113.1,4624.0,4.619,0.684,15.889
K03915.01,FALSE POSITIVE,2.189090653,5.2094,1027.1,23.25,466.32,1185.0,1.238,78.3,5401.0,4.593,0.777,15.875
K03916.01,CONFIRMED,5.33905606,1.6415,755.5,1.9,105.25,817.0,0.02,28.9,5057.0,4.573,0.704,15.362
K07794.01,FALSE POSITIVE,1.99492332,5.898,77.7,0.94,1044.18,1451.0,0.772,11.1,5957.0,4.498,0.971,15.634
K01960.02,CONFIRMED,23.2218115,2.744,210.4,2.42,73.08,746.0,0.913,16.9,5808.0,4.185,1.374,14.128
K03686.01,FALSE POSITIVE,3.351573993,2.8758,54546.0,24.15,638.3,1282.0,0.011,192.4,5984.0,4.408,1.033,17.279
K03687.01,FALSE POSITIVE,8.097050622,5.6736,65620.0,24.01,149.48,891.0,0.592,404.9,5753.0,4.423,0.894,16.474
K03688.01,FALSE POSITIVE,2.119107262,7.5384,124646.0,77.23,2775.75,1851.0,0.933,347.3,6381.0,4.155,1.423,15.812
K03689.01,CANDIDATE,5.24088367,3.3656,8531.2,12.74,716.85,1320.0,0.65,385.7,6452.0,4.241,1.305,14.014
K07800.01,FALSE POSITIVE,0.887691177,1.644,37.3,1.53,12704.16,2709.0,0.419,20.8,5500.0,3.775,2.491,12.386
K02028.03,CONFIRMED,142.545,8.75,905.4,2.52,2.42,318.0,0.015,13.7,5642.0,4.542,0.846,15.99
K03762.01,CONFIRMED,240.7990472,16.666,5022.9,10.31,3.22,342.0,0.647,170.1,5758.0,4.168,1.385,14.822
K03763.01,FALSE POSITIVE,0.888584158,2.25012,412710.0,43.7,507.14,1211.0,0.453,691.2,4324.0,4.639,0.616,17.375
K03765.01,FALSE POSITIVE,0.865959015,1.9058,291274.0,144.5,434.65,1162.0,3.068,620.8,4561.0,4.788,0.469,16.44
K03766.01,FALSE POSITIVE,0.594276199,2.0188,220745.0,266.99,1414.7,1564.0,4.038,285.2,4756.0,4.603,0.667,15.985
K03841.01,FALSE POSITIVE,1.527491117,7.9136,33546.0,27.85,224.31,988.0,1.164,298.6,4273.0,4.652,0.595,15.935
K07811.01,FALSE POSITIVE,0.566814046,4.049,42.1,0.56,4073.9,2039.0,0.633,23.8,5724.0,4.53,0.827,14.225
K03842.01,FALSE POSITIVE,0.61496383,1.93053,358049.0,44.79,1074.84,1460.0,0.506,806.5,4509.0,4.612,0.663,17.453
K03843.01,FALSE POSITIVE,161.253747,25.322,2598.4,4.98,1.8,295.0,0.912,54.7,5570.0,4.573,0.803,15.397
K03844.01,FALSE POSITIVE,2.974163938,1.7423,90282.0,34.74,605.99,1266.0,0.736,88.6,5780.0,4.438,1.0,19.294
K03845.01,FALSE POSITIVE,15.84131693,1.8156,2617.7,670.04,6085.07,2252.0,1.247,38.2,4993.0,2.399,19.695,13.724
K02055.04,CANDIDATE,6.13074243,2.84,146.1,1.26,166.78,916.0,0.9407,9.9,5741.0,4.556,0.833,14.523
K03925.01,CONFIRMED,9.2075634,3.365,1243.1,5.5,211.08,972.0,0.898,43.4,5678.0,4.215,1.303,14.026
K03925.02,CONFIRMED,2.5903958,2.088,330.9,2.55,1147.44,1484.0,0.725,18.3,5678.0,4.215,1.303,14.026
K03925.03,CONFIRMED,5.3235335,2.714,342.4,2.69,438.71,1167.0,0.804,14.6,5678.0,4.215,1.303,14.026
K03926.01,FALSE POSITIVE,0.831741499,2.297,1231.1,41.62,5501.14,2198.0,1.298,110.9,6343.0,4.408,1.14,15.61
K03927.01,FALSE POSITIVE,4.44737112,19.45,224.4,2.06,307.65,1068.0,0.978,93.0,5472.0,4.382,0.981,14.016
K03690.01,FALSE POSITIVE,12.893018017,3.30029,16032.8,62.52,240.5,1004.0,1.241,453.0,6387.0,4.178,1.408,15.517
K07795.01,CANDIDATE,5.44085762,2.119,137.5,0.97,149.44,892.0,0.735,9.3,5519.0,4.59,0.762,14.81
K03691.01,FALSE POSITIVE,4.532416322,3.2864,34953.0,62.25,735.27,1328.0,1.183,175.6,6306.0,4.283,1.281,16.028
K03691.02,FALSE POSITIVE,2.26631937,3.16,,,,,,,,,,16.028
K03692.01,FALSE POSITIVE,1.160153553,2.16452,12302.5,60.47,5363.78,2183.0,1.258,552.8,6200.0,4.161,1.382,15.149
K03693.01,FALSE POSITIVE,4.032760214,2.7194,10803.4,378.61,10499.43,2582.0,1.224,150.9,4969.0,2.899,9.433,14.734
K03694.01,FALSE POSITIVE,3.723552982,3.5632,40143.0,18.83,452.71,1176.0,0.629,145.7,6063.0,4.51,0.89,16.72
K03767.01,CANDIDATE,6.714247798,3.3304,32213.0,14.78,100.94,809.0,0.557,145.9,5159.0,4.508,0.8,17.376
K07801.01,FALSE POSITIVE,2.21396079,3.452,119.4,0.87,375.04,1123.0,0.143,9.6,4922.0,4.505,0.823,15.844
K03768.01,FALSE POSITIVE,11.35501209,14.557,19675.0,8.0,19.29,534.0,0.473,221.4,4594.0,4.679,0.567,14.772
K03769.01,FALSE POSITIVE,1.195515251,5.0834,8054.4,49.33,3469.7,1959.0,1.281,309.1,6040.0,4.271,1.155,13.998
K03770.01,CANDIDATE,2.60720833,2.6452,3149.7,7.31,1403.43,1561.0,0.644,185.3,6366.0,4.352,1.236,14.103
K03771.01,FALSE POSITIVE,5.80184753,3.9551,22143.0,14.0,225.81,989.0,0.478,118.1,5687.0,4.426,0.921,16.605
K03772.01,FALSE POSITIVE,2.38404983,3.2849,312732.0,66.14,815.42,1363.0,0.611,195.3,5780.0,4.438,1.0,19.319
K03846.01,FALSE POSITIVE,5.24078259,5.238,592.6,24.73,322.16,1080.0,1.223,58.1,6192.0,4.503,0.917,14.483
K03847.01,FALSE POSITIVE,5.26641416,2.4404,223.8,2.62,964.18,1421.0,0.774,37.8,6338.0,4.087,1.602,12.859
K03848.01,CONFIRMED,1.847892736,1.8904,323.3,1.51,843.8,1374.0,0.036,53.3,5763.0,4.557,0.842,14.216
K03849.01,FALSE POSITIVE,0.604358764,1.0423,38731.0,23.28,235.63,997.0,1.197,236.8,3569.0,4.82,0.427,16.182
K03850.01,FALSE POSITIVE,11.3775281,12.918,1651.3,82.26,453.61,1177.0,1.415,38.2,6943.0,4.162,1.66,13.93
K03851.01,FALSE POSITIVE,0.7981968,2.22035,257616.0,62.38,3497.4,1963.0,0.67,453.9,5780.0,4.438,1.0,17.579
K03917.01,FALSE POSITIVE,0.695954898,1.469,318.1,2.58,13264.33,2740.0,0.103,8.5,6737.0,4.243,1.425,13.496
K03918.01,FALSE POSITIVE,0.948951607,4.3809,458463.0,115.31,2796.38,1853.0,0.959,437.1,5780.0,4.438,1.0,18.241
K03919.01,FALSE POSITIVE,19.37070781,2.2466,653.2,108.54,458.92,1180.0,1.2,38.4,5321.0,3.416,4.335,12.956
K03920.01,FALSE POSITIVE,14.46993942,7.455,1235.3,85.84,2033.61,1713.0,1.027,41.9,4735.0,2.715,9.043,14.962
K03921.01,FALSE POSITIVE,1.278555003,1.4247,1478.0,5.19,1241.92,1515.0,0.979,93.8,5636.0,4.557,0.827,15.643
K01972.02,CONFIRMED,1.226223959,2.1689,56.1,1.0,3973.86,2024.0,0.005,18.9,5855.0,4.148,1.34,13.8
K03695.01,FALSE POSITIVE,2.244600029,1.9204,8611.0,27.47,475.37,1190.0,1.185,42.6,5256.0,4.502,0.802,14.731
K03696.01,FALSE POSITIVE,181.8521773,5.7725,27559.0,46.38,2.91,333.0,1.189,293.8,6063.0,4.476,1.012,15.684
K03697.01,FALSE POSITIVE,223.1127475,8.9683,11538.8,46.33,2.87,332.0,1.266,224.5,6211.0,4.389,1.056,14.38
K03698.01,FALSE POSITIVE,15.64064161,6.4524,273309.0,77.18,169.73,921.0,0.522,206.3,6517.0,4.279,1.374,18.231
K02029.03,CONFIRMED,6.8873113,2.214,85.3,0.72,90.91,788.0,0.489,8.1,5208.0,4.563,0.772,12.957
K03773.01,FALSE POSITIVE,1.103978,0.74,,,105.8,,,,,,,17.362
K07802.01,FALSE POSITIVE,43.8496474,2.217,452.3,21.42,645.68,1286.0,0.02,8.3,4893.0,2.644,10.363,13.457
K03775.01,FALSE POSITIVE,0.752158047,2.42733,37878.8,106.66,15978.36,2869.0,1.157,510.0,5770.0,3.844,2.221,14.082
K03776.01,FALSE POSITIVE,3.796488133,11.0659,3007.6,40.83,547.94,1233.0,1.306,193.4,6137.0,4.46,1.018,15.534
K03777.01,CANDIDATE,17.7476059,5.066,877.0,146.63,3768.37,1998.0,1.25,7.6,8992.0,3.535,4.832,11.5
K03852.01,FALSE POSITIVE,1.233076007,12.506,1392.4,31.39,1237.97,1513.0,1.312,129.3,5602.0,4.571,0.817,15.402
K03853.01,FALSE POSITIVE,21.5135234,77.983,1583.8,534.47,242.54,1006.0,2.441,171.5,5088.0,3.508,3.318,10.63
K07784.01,FALSE POSITIVE,19.4444573,5.509,182.3,1.53,74.47,749.0,0.634,7.1,6278.0,4.425,1.081,15.835
K03854.01,FALSE POSITIVE,1.1910489,1.3738,1391.1,22.76,781.99,1348.0,1.257,46.1,5089.0,4.58,0.693,15.637
K03855.01,FALSE POSITIVE,0.546248198,2.1081,114528.0,54.23,5820.72,2227.0,0.946,263.1,5780.0,4.438,1.0,18.55
K02059.02,CANDIDATE,2.18565886,1.966,35.6,0.44,329.49,1087.0,0.394,11.1,4997.0,4.598,0.746,12.906
K03856.01,FALSE POSITIVE,1.811966339,3.792,408.1,95.19,10360.38,2573.0,1.24,36.3,5904.0,3.602,3.348,13.493
K03922.01,FALSE POSITIVE,66.1539783,5.896,6951.0,9.69,11.3,468.0,0.873,57.7,6077.0,4.471,0.999,15.52
K03923.01,FALSE POSITIVE,158.3226379,2.1881,4863.0,25.41,0.47,211.0,1.323,34.5,4340.0,4.67,0.572,15.557
K00435.04,CONFIRMED,3.93276627,2.9403,234.9,1.5,399.84,1140.0,0.37,30.7,5688.0,4.415,0.971,14.534
K02094.02,CONFIRMED,198.680859,8.282,645.4,2.79,1.83,297.0,0.746,16.6,5330.0,4.366,1.013,15.001
K03924.01,FALSE POSITIVE,1.592634161,8.9488,155156.0,100.2,6128.09,2255.0,0.877,1207.6,6574.0,4.061,1.768,14.915
K03699.01,FALSE POSITIVE,3.31577795,4.2349,94567.0,27.77,349.78,1104.0,0.633,124.6,5528.0,4.516,0.849,17.772
K03700.01,FALSE POSITIVE,2.990252395,7.8462,216437.0,89.85,603.02,1264.0,1.117,541.7,5780.0,4.438,1.0,17.9
K03701.01,FALSE POSITIVE,2.08043378,7.708,6861.2,510.48,1661.27,1629.0,5.106,289.1,6377.0,4.399,1.119,13.858
K03702.01,FALSE POSITIVE,4.944046127,4.50334,112503.0,54.29,308.53,1069.0,0.964,537.2,5780.0,4.438,1.0,16.237
K03703.01,FALSE POSITIVE,4.464565251,4.0221,74112.0,43.21,259.97,1024.0,1.046,286.4,5743.0,4.553,0.853,17.296
K03704.01,FALSE POSITIVE,1.523298835,5.9083,195071.0,38.95,919.42,1404.0,0.41,174.4,5311.0,4.469,0.866,17.38
K03778.01,FALSE POSITIVE,3.539631353,1.5372,1229.7,39.34,5689.3,2214.0,1.091,163.5,7021.0,3.759,2.629,12.305
K03779.01,FALSE POSITIVE,6.195861785,2.6078,3509.8,215.89,143.74,883.0,3.38,83.5,5608.0,4.573,0.813,15.431
K07803.01,FALSE POSITIVE,0.566805514,4.367,85.3,0.82,3193.9,1920.0,0.027,25.1,5115.0,4.439,0.917,14.943
K03780.01,FALSE POSITIVE,27.961084,3.8741,6268.2,21.5,94.86,796.0,1.02,106.0,6770.0,4.249,1.361,14.069
K03782.01,FALSE POSITIVE,186.5168116,3.1968,5752.4,37.5,9.83,452.0,0.972,126.9,5018.0,3.639,2.99,13.529
K03783.01,FALSE POSITIVE,197.1455327,2.1145,5664.0,72.16,14.53,498.0,1.251,56.8,7214.0,4.093,1.935,12.962
K03857.01,FALSE POSITIVE,0.532087933,3.45028,510366.0,74.83,6002.61,2247.0,0.279,1069.5,5780.0,4.438,1.0,18.852
K03858.01,FALSE POSITIVE,3.204222652,2.7952,898.4,23.55,217.46,979.0,1.258,45.5,5139.0,4.609,0.741,15.341
K03859.01,FALSE POSITIVE,0.687898282,3.96401,293505.0,55.58,4267.13,2062.0,0.337,1571.6,5780.0,4.438,1.0,17.49
K03860.01,FALSE POSITIVE,2.178154774,3.5302,662.6,19.46,457.16,1180.0,1.223,89.2,5515.0,4.624,0.712,14.489
K03861.01,FALSE POSITIVE,0.99466172,1.576,1370.5,31.84,3078.85,1898.0,1.244,21.5,5750.0,4.332,1.021,14.997
K03862.01,FALSE POSITIVE,359.00688,32.16,2015.8,28.57,0.74,237.0,1.263,35.3,5715.0,4.537,0.834,15.164
K03928.01,CONFIRMED,1.138548215,2.1482,66.2,1.45,9805.45,2537.0,0.545,31.5,6520.0,4.01,1.713,13.194
K03929.01,FALSE POSITIVE,121.0598037,3.112,1563.0,1680.99,2437.81,1792.0,1.2,16.6,3942.0,1.101,60.688,13.353
K07790.01,FALSE POSITIVE,0.721335207,1.509,31.8,0.54,5166.26,2162.0,0.103,12.0,6328.0,4.489,0.948,13.982
K03930.01,FALSE POSITIVE,3.28274272,8.9,292.8,1.85,392.7,1136.0,0.967,68.2,5741.0,4.533,0.82,14.518
K03931.01,FALSE POSITIVE,1.231361934,5.433,471.0,2.93,2707.51,1839.0,0.972,94.7,6095.0,4.378,1.016,15.277
K02098.02,CONFIRMED,89.7224125,10.963,263.7,2.21,15.69,508.0,0.742,25.6,6429.0,4.241,1.262,13.838
K01986.02,CONFIRMED,7.12766417,2.491,229.2,1.21,89.24,784.0,0.125,16.0,5159.0,4.548,0.821,14.839
K03705.01,FALSE POSITIVE,2.080431782,7.4997,894203.0,345.7,12956.98,2719.0,0.771,1585.2,8344.0,4.04,2.115,16.448
K07796.01,CANDIDATE,3.52364689,3.439,74.2,0.94,739.8,1330.0,0.004,8.5,6269.0,4.412,1.085,14.46
K03706.01,FALSE POSITIVE,1.157804607,4.66082,605713.0,118.11,6116.99,2255.0,0.26,1837.9,6510.0,4.219,1.425,14.62
K03707.01,FALSE POSITIVE,19.979098,10.5638,38418.0,22.98,70.59,739.0,0.576,449.1,5907.0,4.296,1.126,16.299
K03708.01,FALSE POSITIVE,1.433262401,6.2205,428557.0,136.47,12427.14,2691.0,0.382,599.8,7311.0,4.013,1.959,17.719
K03784.01,FALSE POSITIVE,23.8706941,3.4812,6386.3,49.6,60.38,711.0,1.293,114.8,6022.0,4.308,1.166,14.219
K02029.04,CANDIDATE,4.78850084,2.099,66.5,0.63,147.95,889.0,0.343,7.2,5208.0,4.563,0.772,12.957
K07804.01,FALSE POSITIVE,0.566769068,3.011,40.0,1.06,11897.94,2661.0,0.773,14.9,5496.0,3.998,1.533,14.447
K03785.01,FALSE POSITIVE,6.2820426,7.941,1413.0,23.76,3938.81,2021.0,0.989,103.3,6635.0,3.511,3.798,11.059
K03786.01,FALSE POSITIVE,0.97430309,2.1088,34976.0,37.62,1728.18,1643.0,1.169,224.0,5688.0,4.583,0.786,15.783
K03787.01,CANDIDATE,141.73403059,1.5851,7736.4,10.3,2.77,329.0,0.912,157.4,5606.0,4.478,0.918,13.891
K03862.02,FALSE POSITIVE,119.686505,29.33,842.7,23.0,3.21,341.0,1.221,27.1,5715.0,4.537,0.834,15.164
K03863.01,FALSE POSITIVE,53.556625,16.18,3963.0,26.31,317.03,1076.0,0.879,22.1,7643.0,3.639,3.618,11.142
K07785.01,CANDIDATE,433.220461,2.725,725.1,2.07,0.4,203.0,0.178,9.5,5232.0,4.519,0.777,14.546
K03864.01,CONFIRMED,1.210693626,1.434,159.1,0.99,784.51,1351.0,0.597,41.6,5014.0,4.559,0.756,12.914
K02061.02,CONFIRMED,1.090011003,1.5,174.8,1.04,911.28,1402.0,0.531,12.6,5081.0,4.596,0.77,15.753
K03864.02,CANDIDATE,18.2572722,3.434,157.5,0.94,21.16,547.0,0.412,17.3,5014.0,4.559,0.756,12.914
K01905.03,CONFIRMED,34.2115022,4.947,273.8,1.15,7.82,427.0,0.034,20.7,4955.0,4.61,0.721,14.017
K03630.01,FALSE POSITIVE,7.061149921,3.33515,131257.0,43.71,118.87,842.0,0.912,631.5,5585.0,4.564,0.798,17.115
K03631.01,FALSE POSITIVE,2.682767439,4.58143,394412.0,70.67,695.41,1310.0,0.509,508.4,5780.0,4.438,1.0,17.743
K03632.01,FALSE POSITIVE,3.711012492,3.3394,7559.8,46.24,695.05,1310.0,1.272,257.4,6141.0,4.365,1.117,13.789
K03633.01,FALSE POSITIVE,1.780982447,3.4297,357695.0,60.45,1204.3,1502.0,0.002,324.0,5780.0,4.438,1.0,16.485
K03634.01,FALSE POSITIVE,1.815632406,3.35773,61573.6,108.78,32652.55,3429.0,1.04,1413.9,9954.0,4.07,2.408,14.42
K03709.01,FALSE POSITIVE,205.5833309,6.0353,24872.0,42.69,2.58,323.0,1.215,216.1,6328.0,4.516,0.915,15.247
K03710.01,FALSE POSITIVE,4.309067482,2.21,23647.0,101.41,142.6,882.0,1.993,82.0,4897.0,4.526,0.789,16.77
K07797.01,FALSE POSITIVE,36.4721523,2.673,52.6,0.7,18.29,527.0,0.738,7.7,5853.0,4.529,0.895,11.894
K03711.01,FALSE POSITIVE,111.0396205,25.751,9356.2,8.6,2.97,335.0,0.851,201.9,5470.0,4.509,0.777,14.587
K03712.01,FALSE POSITIVE,3.187087241,7.2897,129093.0,928.96,62743.06,4037.0,0.665,197.0,4599.0,2.137,23.673,16.988
K03713.01,FALSE POSITIVE,1.023470248,2.3804,129526.0,100.39,2522.39,1807.0,1.409,262.2,5780.0,4.438,1.0,17.506
K03714.01,FALSE POSITIVE,0.875267982,1.6038,11701.0,39.19,3157.34,1910.0,1.258,44.9,5821.0,4.402,0.898,15.207
K03788.01,FALSE POSITIVE,5.55260695,4.1178,727.6,2674.69,404932.04,6436.0,1.174,60.7,3306.0,0.273,116.965,9.687
K03789.01,FALSE POSITIVE,2.347479696,26.25,81996.0,60.5,1207.51,1502.0,1.051,261.1,5891.0,4.305,1.138,14.177
K07805.01,FALSE POSITIVE,1.13353095,3.17,18.5,0.49,3840.87,2006.0,0.117,11.1,6318.0,4.36,1.121,13.145
K03790.01,FALSE POSITIVE,0.890745373,1.9215,120034.0,36.92,3015.62,1892.0,0.599,239.6,5780.0,4.438,1.0,18.59
K03791.01,CONFIRMED,440.7843755,21.693,2579.0,7.23,2.14,308.0,0.424,181.0,6340.0,4.163,1.393,13.771
K03792.01,FALSE POSITIVE,2.723858181,1.4313,5497.0,7.13,154.53,900.0,0.913,23.8,4416.0,4.57,0.733,15.561
K03793.01,FALSE POSITIVE,0.635441862,1.9827,147609.0,56.3,4750.98,2118.0,0.872,317.1,5780.0,4.438,1.0,16.675
K03865.01,FALSE POSITIVE,3.255189932,2.7117,119.2,1.39,880.52,1390.0,0.447,38.3,5807.0,4.23,1.256,13.088
K03866.01,FALSE POSITIVE,2.531140101,20.399,11786.5,32.12,346.06,1100.0,1.249,304.2,5325.0,4.607,0.75,15.209
K03867.01,CONFIRMED,0.938750221,1.3568,280.7,1.46,1874.28,1676.0,0.013,47.4,5497.0,4.527,0.886,14.86
K03868.01,FALSE POSITIVE,2.992704682,1.2585,361.1,7.86,6932.19,2328.0,0.647,39.9,5908.0,3.497,3.915,13.957
K03869.01,FALSE POSITIVE,6.12810722,2.824,2336.0,39.52,1237.9,1513.0,1.159,17.5,7245.0,4.158,1.667,13.186
K03635.01,FALSE POSITIVE,2.115511511,8.5116,25805.0,36.16,152.34,897.0,1.278,153.3,4188.0,4.615,0.661,15.582
K03636.01,FALSE POSITIVE,2.446736567,5.0201,415859.0,71.52,788.17,1351.0,0.477,1037.3,5780.0,4.438,1.0,17.991
K03637.01,FALSE POSITIVE,21.3779536,24.872,255244.0,173.18,300.32,1062.0,0.0,101.9,4905.0,3.3,3.484,19.065
K03638.01,FALSE POSITIVE,4.350460215,2.5276,50424.0,533.08,1107.34,1472.0,4.203,247.2,6585.0,4.208,1.416,15.929
K03639.01,FALSE POSITIVE,22.77194512,10.1995,30246.0,251.93,584.54,1254.0,1.263,208.6,5073.0,3.02,4.61,13.436
K01915.02,CONFIRMED,67.844689,11.757,211.2,2.65,29.08,592.0,0.368,18.9,5878.0,4.005,1.812,13.996
K01992.02,CONFIRMED,27.3214242,4.836,279.6,3.61,58.35,705.0,0.983,14.9,5592.0,4.115,1.451,14.513
K03715.01,FALSE POSITIVE,9.84883968,5.7425,22012.0,63.42,390.19,1134.0,1.25,236.6,6938.0,4.281,1.31,16.35
K03716.01,FALSE POSITIVE,10.23335969,7.55,,,,,,,,,,11.614
K03717.01,FALSE POSITIVE,227.6625222,5.5072,13894.8,44.24,2.46,319.0,1.25,227.5,6124.0,4.414,1.007,14.984
K03718.01,FALSE POSITIVE,1.06100873,2.6715,6367.1,9.14,1434.99,1568.0,0.882,174.9,5080.0,4.417,0.947,15.564
K03719.01,FALSE POSITIVE,0.623393802,1.40392,30192.2,28.21,849.08,1379.0,1.137,867.8,4330.0,4.628,0.639,16.18
K03794.01,CONFIRMED,0.65355361,1.63,4595.9,22.95,1004.07,1437.0,1.226,217.4,4550.0,4.622,0.66,15.692
K02034.02,CONFIRMED,2.3702932,1.666,224.8,1.29,588.1,1256.0,0.003,7.0,5668.0,4.545,0.868,15.54
K07806.01,FALSE POSITIVE,0.566793534,4.714,92.4,122.64,10947554.55,14667.0,0.06,40.4,3420.0,0.269,138.056,11.476
K03795.01,FALSE POSITIVE,1.873380717,10.1083,538716.0,89.79,1830.27,1669.0,0.27,1513.7,5992.0,4.283,1.171,14.807
K03796.01,FALSE POSITIVE,1.87337894,9.1328,5444.0,51.11,17342.01,2925.0,0.883,223.1,4740.0,2.9,5.721,12.708
K03797.01,FALSE POSITIVE,7.50023955,2.916,273.2,21.06,155.6,901.0,1.194,29.0,5849.0,4.517,0.919,13.61
K03870.01,FALSE POSITIVE,23.6270348,11.481,8433.0,21.71,23.17,560.0,1.096,78.4,5305.0,4.477,0.857,16.375
K03871.01,FALSE POSITIVE,0.716709897,0.7466,932.5,66.73,22605.13,3124.0,1.182,47.6,5173.0,3.471,2.742,12.224
K03872.01,FALSE POSITIVE,2.248063246,5.1297,631.7,30.38,1421.38,1566.0,1.225,87.9,6325.0,4.409,1.112,14.434
K03873.01,FALSE POSITIVE,63.3278636,47.0744,11515.0,54.17,152.49,896.0,0.003,619.6,4919.0,2.979,5.198,10.42
K02076.02,CONFIRMED,219.3215562,12.4124,3628.7,6.11,2.27,313.0,0.244,93.8,6063.0,4.476,1.012,15.273
K03640.01,FALSE POSITIVE,245.4382021,14.502,11311.6,19.17,1.66,289.0,1.001,844.7,5637.0,4.383,0.99,12.777
K03641.01,FALSE POSITIVE,178.4129899,2.9298,37510.0,33.24,4.0,361.0,0.936,535.1,6078.0,4.346,1.148,13.944
K03641.02,FALSE POSITIVE,178.44973004,12.86,,,,,,,,,,13.944
K03642.01,FALSE POSITIVE,2.192004364,3.075,99583.0,37.56,369.54,1118.0,1.003,298.7,5306.0,4.642,0.687,16.654
K03643.01,FALSE POSITIVE,3.900109346,3.9037,126194.0,40.37,427.83,1160.0,0.733,448.0,5791.0,4.424,0.969,16.597
K03644.01,FALSE POSITIVE,1.471060209,4.3708,148439.0,165.15,43941.18,3693.0,0.895,563.0,8749.0,3.806,2.911,15.009
K03644.02,FALSE POSITIVE,0.73553763,2.0,,,,,,,,,,15.009
K03720.01,FALSE POSITIVE,213.3990406,6.5043,13929.5,35.2,11.32,468.0,0.981,370.9,6960.0,4.069,1.83,13.381
K03721.01,FALSE POSITIVE,6.40802979,2.9288,7784.1,51.44,424.01,1157.0,1.287,108.2,6261.0,4.293,1.194,14.078
K03722.01,CANDIDATE,2.38920105,3.15,,,752.42,,,,,,,15.366
K03723.01,FALSE POSITIVE,0.962835804,4.9844,14328.4,458.02,602806.92,7100.0,0.836,209.2,3982.0,1.464,32.244,10.82
K03724.01,FALSE POSITIVE,4.639602084,3.4636,25079.0,19.96,643.95,1285.0,0.634,131.0,6078.0,4.223,1.194,16.803
K03798.01,FALSE POSITIVE,2.991885335,7.4319,1356.9,3.94,505.77,1209.0,0.95,160.2,5750.0,4.464,0.839,14.011
K03799.01,FALSE POSITIVE,1.327471395,5.2334,5673.8,7.08,892.4,1395.0,0.897,218.7,5232.0,4.519,0.777,15.818
K07807.01,FALSE POSITIVE,0.566792595,2.637,19.9,0.5,10020.28,2548.0,0.068,9.4,6277.0,4.322,1.121,12.982
K03800.01,FALSE POSITIVE,1.247156944,2.6779,134761.0,26042.9,68223.38,4120.0,25.224,92.4,4770.0,2.605,9.67,17.474
K03801.01,CANDIDATE,288.3128666,5.419,11181.0,13.21,1.93,300.0,0.525,96.8,5672.0,4.252,1.22,15.999
K03802.01,FALSE POSITIVE,2.119100054,8.2163,1651.1,34.34,1435.29,1571.0,1.247,195.7,6292.0,4.426,1.078,13.835
K03874.01,FALSE POSITIVE,1.466535757,0.8222,1346.4,4.28,1849.31,1671.0,0.824,86.1,5888.0,4.387,1.02,15.446
K03875.01,FALSE POSITIVE,8.870415578,1.2864,873.1,39.46,414.26,1151.0,1.206,43.8,6022.0,4.027,1.514,13.579
K07786.01,FALSE POSITIVE,1.49131759,4.721,25.8,1.26,8873.77,2475.0,0.467,10.3,6014.0,3.782,2.429,13.953
K03876.01,CONFIRMED,19.57783279,1.9857,432.6,1.96,35.14,621.0,0.694,37.2,5620.0,4.533,0.884,12.624
K03877.01,FALSE POSITIVE,3.04476607,9.568,272.6,15.7,379.01,1126.0,1.159,67.0,5627.0,4.568,0.818,14.506
K03878.01,CONFIRMED,70.9672087,6.9623,784.7,2.84,8.66,438.0,0.545,69.3,5818.0,4.464,0.986,12.72
K03645.01,FALSE POSITIVE,4.45543346,5.116,245681.0,51.69,354.27,1106.0,0.469,508.6,5780.0,4.438,1.0,17.046
K03646.01,FALSE POSITIVE,14.323889947,4.83729,69071.6,45.93,63.62,720.0,1.073,834.3,5853.0,4.529,0.895,16.095
K03647.01,FALSE POSITIVE,20.427232317,3.46429,121813.0,601.32,74.27,749.0,5.499,526.6,6167.0,4.354,1.121,16.677
K07791.01,CANDIDATE,106.18732,10.29,266.1,231.85,11829.18,2660.0,0.027,8.6,3287.0,0.114,152.969,10.028
K01922.03,CONFIRMED,105.6552651,9.39,1366.9,4.22,6.51,407.0,0.371,42.3,5741.0,4.331,1.136,15.356
K03648.01,FALSE POSITIVE,4.029803201,4.4301,191073.0,47.58,545.64,1233.0,0.17,352.3,6024.0,4.385,1.078,16.936
K03649.01,FALSE POSITIVE,1.303858554,4.36797,126636.0,73.29,4438.11,2080.0,0.928,904.0,6282.0,4.207,1.343,15.475
K00416.03,CANDIDATE,9.74765878,2.62,102.0,0.78,50.3,679.0,0.658,11.6,5176.0,4.612,0.738,14.29
K02004.02,CONFIRMED,3.18899015,2.722,66.2,0.98,693.65,1309.0,0.526,18.4,5700.0,4.327,1.176,13.351
K07798.01,CANDIDATE,309.89103,16.4,321.3,2.15,2.3,314.0,0.569,10.7,6450.0,4.386,1.155,14.706
K03725.01,FALSE POSITIVE,1.570518376,3.2035,2213.2,450.76,67267.85,4106.0,1.295,76.7,5314.0,2.782,11.82,10.055
K03726.01,FALSE POSITIVE,115.9943364,2.4136,37571.0,13.66,1.16,265.0,0.028,102.4,4530.0,4.566,0.735,15.852
K03727.01,FALSE POSITIVE,0.623441636,1.46001,19340.5,29.19,2025.22,1711.0,1.2127,164.7,5319.0,4.612,0.654,15.626
K03803.01,FALSE POSITIVE,14.5417471,5.6067,1088.6,163.25,1176.23,1494.0,1.214,71.2,5032.0,3.042,5.922,13.763
K03804.01,FALSE POSITIVE,2.81753381,2.1551,3836.0,52.91,1180.61,1494.0,1.373,39.3,6313.0,4.325,1.098,14.248
K02039.02,CONFIRMED,0.762132307,1.22,63.7,0.75,2913.14,1872.0,0.399,11.5,5594.0,4.489,0.934,14.305
K03805.01,FALSE POSITIVE,56.6993107,7.0706,5824.7,539.16,598.36,1261.0,1.264,76.3,4727.0,2.497,13.547,11.356
K03806.01,FALSE POSITIVE,161.252247,23.467,2185.9,4.49,2.0,303.0,0.892,84.1,5555.0,4.502,0.811,14.178
K03879.01,FALSE POSITIVE,0.867719291,6.323,2651.8,37.79,4662.2,2106.0,1.27,157.1,6220.0,4.398,1.056,14.445
K03880.01,CANDIDATE,1.803697292,1.5922,69.7,1.0,2385.75,1783.0,0.405,25.8,6438.0,4.33,1.166,10.762
K03881.01,FALSE POSITIVE,0.84112187,2.0431,75070.0,39.34,1240.91,1514.0,1.0871,89.7,5048.0,4.571,0.707,16.055
K03882.01,FALSE POSITIVE,0.828326025,1.42721,10718.0,49.67,2739.59,1845.0,1.3292,164.5,5400.0,4.382,0.978,15.044
K03883.01,FALSE POSITIVE,1.219324537,4.7501,379055.0,60.62,1432.21,1569.0,0.489,241.0,5455.0,4.458,0.897,16.4
K03650.01,FALSE POSITIVE,2.401751509,2.0835,25044.0,268.75,146.91,888.0,5.25,83.1,4577.0,4.688,0.557,15.927
K03651.01,FALSE POSITIVE,36.97709537,5.2063,217145.0,59.66,21.08,546.0,0.75,204.9,5780.0,4.438,1.0,17.066
K03652.01,FALSE POSITIVE,16.371883638,3.44467,65927.0,70.73,117.9,840.0,1.066,639.8,5642.0,4.114,1.415,15.879
K03653.01,FALSE POSITIVE,2.617284592,9.5545,231450.0,162.67,3885.11,2013.0,0.743,1215.2,5510.0,3.641,2.649,16.304
K03654.01,FALSE POSITIVE,10.14873521,5.603,116125.0,71.11,281.19,1045.0,0.965,250.9,6366.0,4.239,1.296,16.798
K03655.01,FALSE POSITIVE,2.897436854,3.2833,289807.0,64.69,627.44,1277.0,0.642,274.2,5780.0,4.438,1.0,17.687
K03728.01,CONFIRMED,5.546083089,2.717,2211.0,22.27,7027.09,2336.0,0.902,56.4,7358.0,3.538,4.037,12.252
K03729.01,FALSE POSITIVE,6.87366398,7.0845,9766.9,12.01,128.52,859.0,0.958,143.2,5662.0,4.575,0.805,15.933
K03729.02,FALSE POSITIVE,6.87366412,4.85,,,,,,,,,,15.933
K03730.01,FALSE POSITIVE,0.668483494,2.4129,722770.0,138.76,4439.53,2082.0,0.773,334.3,5780.0,4.438,1.0,18.792
K03731.01,FALSE POSITIVE,1.070272827,4.2844,9886.5,28.73,528.52,1224.0,1.269,284.0,4628.0,4.651,0.653,15.926
K07799.01,FALSE POSITIVE,0.977170246,3.4842,151.1,5.08,25506.22,3226.0,0.646,94.5,5596.0,3.48,3.938,12.439
K03732.01,FALSE POSITIVE,1.135930136,4.5036,27247.4,52.05,2683.57,1836.0,1.282,551.7,6247.0,4.489,0.954,15.524
K03807.01,FALSE POSITIVE,1.801863222,7.2492,262582.0,145.36,12930.1,2721.0,0.681,463.4,7479.0,3.919,2.324,12.796
K03808.01,FALSE POSITIVE,54.77145968,37.1871,7224.8,34.32,86.12,777.0,0.637,751.1,5145.0,3.466,3.866,13.939
K03809.01,FALSE POSITIVE,1.674690886,2.0179,527.4,29.78,2558.96,1813.0,1.212,118.6,6397.0,4.331,1.157,13.593
K03810.01,CANDIDATE,1.013774136,1.2774,33878.0,18.59,110.51,827.0,1.161,166.8,3644.0,4.871,0.389,16.758
K03811.01,CANDIDATE,290.1401717,2.1583,4836.0,11.58,2.02,304.0,0.935,69.1,5631.0,4.212,1.263,13.906
K02078.02,CONFIRMED,161.515617,6.548,2215.3,2.88,0.47,211.0,0.001,25.2,4243.0,4.637,0.641,15.561
K03884.01,FALSE POSITIVE,2.112405306,2.5845,489.0,19.01,533.2,1225.0,1.207,42.2,5562.0,4.601,0.756,14.811
K03885.01,FALSE POSITIVE,1.870990236,1.8432,642.6,26.1,1824.38,1668.0,1.193,37.4,6384.0,4.419,1.086,15.546
K03886.01,FALSE POSITIVE,5.56648691,10.931,694.9,43.67,11089.75,2618.0,0.935,103.6,4694.0,2.564,12.701,9.837
K07787.01,FALSE POSITIVE,1.33253834,3.737,62.4,0.64,1051.03,1453.0,0.164,9.7,5520.0,4.572,0.818,15.627
K03887.01,FALSE POSITIVE,1.241483276,2.195,141.0,27.25,2761.35,1847.0,1.227,32.0,6140.0,4.394,1.053,13.482
K03656.01,FALSE POSITIVE,3.01551943,3.1713,159584.0,155.81,2692.16,1837.0,0.851,367.3,5299.0,3.672,2.761,17.357
K03657.01,FALSE POSITIVE,2.112395777,2.7714,262602.0,115.26,957.45,1419.0,1.285,243.2,5780.0,4.438,1.0,17.388
K01932.02,CONFIRMED,14.8444836,6.091,177.9,2.49,336.06,1092.0,0.149,10.5,6642.0,4.057,1.846,12.345
K03658.01,FALSE POSITIVE,2.252417903,1.9767,32296.0,27.09,88.43,782.0,1.198,129.5,3979.0,4.699,0.544,15.625
K03659.01,FALSE POSITIVE,2.900613144,3.7357,165475.0,38.63,650.9,1289.0,0.334,617.7,5977.0,4.472,0.931,16.943
K03660.01,FALSE POSITIVE,174.7697122,2.3569,68139.0,38.79,1.77,294.0,1.036,100.4,5704.0,4.575,0.804,15.549
K03733.01,FALSE POSITIVE,31.43284649,5.3541,178874.0,57.21,26.19,577.0,0.815,154.0,5780.0,4.438,1.0,17.481
K02004.03,CANDIDATE,1.72110057,1.922,29.7,0.7,1575.2,1607.0,0.767,9.3,5700.0,4.327,1.176,13.351
K03734.01,FALSE POSITIVE,9.72675447,19.6214,6641.6,995.22,815.99,1363.0,4.676,366.4,6327.0,3.84,2.433,13.211
K03735.01,FALSE POSITIVE,8.096939227,2.8833,142891.0,68.48,481.48,1194.0,0.786,177.9,6572.0,4.208,1.418,17.637
K03736.01,FALSE POSITIVE,0.64234865,2.1184,39597.0,25.76,2653.37,1829.0,0.966,231.7,5441.0,4.553,0.791,16.639
K03737.01,FALSE POSITIVE,130.4194187,4.165,2290.9,57.51,11.79,473.0,1.258,90.4,5770.0,3.946,1.685,11.241
K03812.01,FALSE POSITIVE,1.78526527,6.2233,1733.1,41.19,2563.99,1815.0,1.262,123.1,6505.0,4.342,1.228,14.026
K03813.01,FALSE POSITIVE,4.8591441,3.8588,2183.6,6.9,681.41,1303.0,0.932,81.6,6586.0,4.361,1.207,14.113
K03814.01,FALSE POSITIVE,5.95077813,5.6,761.8,32.26,7394.55,2366.0,0.881,71.9,5122.0,2.886,9.828,12.861
K02048.02,FALSE POSITIVE,99.673478,0.968,2496.0,576.14,1.11,262.0,11.6846,12.6,4932.0,4.777,0.492,15.801
K03815.01,CANDIDATE,4.7425521,1.11,3583.0,7.27,426.49,1159.0,0.851,10.9,6161.0,4.454,1.053,15.432
K03888.01,FALSE POSITIVE,0.955297055,1.7405,846.1,18.16,1367.42,1550.0,1.193,67.3,5319.0,4.548,0.734,15.45
K03889.01,FALSE POSITIVE,280.476576,32.24,651.2,3.16,1.22,268.0,0.974,38.7,5869.0,4.528,0.892,13.608
K03890.01,FALSE POSITIVE,152.8255989,22.688,2173.5,34.85,68.47,734.0,0.409,98.9,4991.0,2.933,7.506,13.226
K03891.01,CANDIDATE,47.1096306,5.741,752.2,78.98,75.4,751.0,1.23,35.1,5258.0,3.597,2.78,13.731
K03892.01,CONFIRMED,2.41660149,1.9699,83.6,0.92,770.05,1343.0,0.035,33.7,5705.0,4.444,1.026,12.737
K03661.01,FALSE POSITIVE,4.252082243,2.7543,8290.5,33.14,303.48,1064.0,1.268,254.8,5802.0,4.492,0.794,15.286
K03662.01,FALSE POSITIVE,14.180228311,4.5344,172737.0,62.41,137.11,873.0,0.795,472.3,6289.0,4.33,1.142,17.427
K03663.01,CONFIRMED,282.5253558,10.7965,9746.4,8.98,1.15,264.0,0.248,696.0,5725.0,4.506,0.913,12.62
K03664.01,FALSE POSITIVE,1.87887673,6.60887,824392.0,148.25,2750.37,1846.0,0.441,3176.9,6569.0,4.281,1.235,13.244
K03665.01,FALSE POSITIVE,17.79391159,4.3194,93395.0,33.3,55.88,697.0,0.692,247.0,5780.0,4.438,1.0,16.328
K03666.01,FALSE POSITIVE,7.942583252,7.0612,88327.0,219.02,644.35,1285.0,1.522,855.4,5516.0,3.765,2.178,15.994
K03738.01,FALSE POSITIVE,15.85231085,4.8707,437862.0,679.44,65.17,725.0,6.286,252.4,5780.0,4.438,1.0,17.518
K03739.01,FALSE POSITIVE,2.415925551,9.7769,560970.0,300.82,29070.1,3329.0,0.511,1598.3,8796.0,3.711,3.278,14.467
K03740.01,FALSE POSITIVE,0.656201038,4.17901,174860.0,112.77,5094.25,2157.0,1.439,2065.8,6025.0,4.472,0.999,15.168
K03741.01,FALSE POSITIVE,2.617280959,9.661,3089.9,395.94,1918.98,1689.0,3.651,262.4,6432.0,4.207,1.345,13.306
K03741.02,CANDIDATE,18.577903,20.11,99.8,1.36,140.97,879.0,0.105,6.6,6432.0,4.207,1.345,13.306
K03742.01,FALSE POSITIVE,1.412524016,5.74859,175776.0,68.92,3627.17,1978.0,0.846,1475.4,6690.0,4.375,1.174,14.964
K01776.01,FALSE POSITIVE,5.77676732,6.822,5794.8,26.2,47.55,670.0,1.273,74.1,4401.0,4.621,0.645,15.466
K01792.01,CONFIRMED,88.40678718,12.3079,1724.4,4.55,6.65,410.0,0.535,328.0,5611.0,4.388,1.073,12.16
K02027.01,FALSE POSITIVE,3.635723653,2.1862,80.0,1.23,1126.72,1478.0,0.677,43.1,6422.0,4.249,1.295,11.826
K07848.01,FALSE POSITIVE,369.181947,3.239,913.0,2.6,0.85,245.0,0.021,9.9,5959.0,4.546,0.859,14.433
K01859.01,FALSE POSITIVE,45.3968385,4.477,1355.2,21.23,8.62,437.0,1.235,38.9,5649.0,4.633,0.705,15.024
K01953.01,FALSE POSITIVE,15.160166,5.856,307.9,2.09,107.59,821.0,0.228,26.1,5940.0,4.3,1.191,13.59
K02088.01,FALSE POSITIVE,2.63009438,11.226,388.9,25.55,1135.97,1480.0,1.195,69.4,6338.0,4.418,1.091,14.651
K02089.01,FALSE POSITIVE,9.40527028,2.076,470.9,25.39,182.72,938.0,1.212,20.7,6347.0,4.464,0.996,14.685
K02112.01,FALSE POSITIVE,4.15713766,1.808,77.0,1.17,908.82,1401.0,0.121,9.2,6470.0,4.301,1.324,12.28
K02118.01,FALSE POSITIVE,3.2136904,2.205,55.8,1.22,1515.7,1591.0,0.57,19.2,6184.0,4.151,1.579,12.618
K02127.01,FALSE POSITIVE,2.87066026,1.541,450.8,1.72,484.17,1196.0,0.286,13.2,5910.0,4.578,0.796,15.413
K01312.02,FALSE POSITIVE,31.24611088,4.76,,,,,,,,,,14.706
K01408.02,FALSE POSITIVE,82.37208458,6.35,,,,,,,,,,14.688
K03964.01,FALSE POSITIVE,0.991105114,2.2137,286389.0,36.87,589.31,1257.0,0.623,273.8,4769.0,4.673,0.578,16.948
K03965.01,FALSE POSITIVE,12.425580393,57.2012,1131.0,21.34,23.83,563.0,1.222,58.8,4594.0,4.58,0.743,14.652
K03966.01,CONFIRMED,138.944022,10.611,530.2,2.57,5.13,384.0,0.195,28.0,6014.0,4.362,1.115,14.208
K03967.01,FALSE POSITIVE,12.4260454,27.7691,582.1,2.64,58.88,706.0,0.967,55.7,5645.0,4.569,0.817,15.604
K03967.02,FALSE POSITIVE,12.4260002,30.1966,468.6,2.39,58.88,706.0,0.971,47.8,5645.0,4.569,0.817,15.604
K03968.01,FALSE POSITIVE,1.50650136,3.1126,66.9,0.8,1403.44,1562.0,0.556,41.9,5607.0,4.381,0.948,12.903
K01666.01,CANDIDATE,0.968026356,0.7143,212.7,1.78,5205.91,2167.0,0.055,32.6,6469.0,4.385,1.193,14.479
K01667.01,FALSE POSITIVE,1.179969562,1.9745,1109.3,120.02,18136.88,2960.0,1.244,277.9,5500.0,3.491,3.899,12.989
K01668.01,FALSE POSITIVE,10.10176739,2.1267,601.7,26.09,111.86,829.0,1.251,28.8,6058.0,4.54,0.867,14.694
K01670.01,CANDIDATE,10.57910009,1.4553,329.3,2.03,175.79,929.0,0.404,17.9,6323.0,4.418,1.093,14.572
K01671.01,CONFIRMED,1.480283464,2.486,60.5,0.97,2597.27,1822.0,0.058,21.3,5897.0,4.25,1.259,13.522
K01782.01,FALSE POSITIVE,15.420409367,2.3707,14759.2,16.62,45.03,661.0,0.955,268.5,5468.0,4.505,0.88,15.596
K01821.01,CONFIRMED,9.97682072,3.4873,966.8,2.85,97.85,802.0,0.022,31.3,5500.0,4.416,0.928,14.943
K01844.01,FALSE POSITIVE,61.4913415,9.627,3692.4,4.57,2.58,323.0,0.92,70.5,4796.0,4.656,0.598,15.943
K07849.01,CANDIDATE,5.0263815,4.384,77.2,0.84,305.12,1065.0,0.185,8.5,5783.0,4.418,0.962,14.877
K01993.01,FALSE POSITIVE,16.00351679,4.001,668.3,18.01,27.83,586.0,1.209,29.9,5283.0,4.594,0.695,14.733
K01865.01,FALSE POSITIVE,1.86390886,4.414,176.1,77.99,16718.87,2902.0,1.2,18.3,6689.0,3.594,3.381,13.027
K02320.01,FALSE POSITIVE,2.03743942,3.103,112.5,0.82,673.94,1299.0,0.102,16.0,5751.0,4.577,0.774,15.047
K02322.01,FALSE POSITIVE,332.74984,14.77,518.1,2.55,1.97,302.0,0.1296,8.7,6372.0,4.375,1.112,15.487
K02326.01,FALSE POSITIVE,45.60304785,8.35,,,,,,,,,,15.206
K02330.01,FALSE POSITIVE,2.4681015,2.83,172.8,1.22,564.74,1244.0,0.689,22.1,5516.0,4.466,0.872,14.874
K02334.01,FALSE POSITIVE,12.53449909,6.02,,,,,,,,,,15.725
K02349.01,FALSE POSITIVE,215.15218,19.97,264.2,1.36,1.61,287.0,0.2999,6.7,5914.0,4.563,0.828,15.075
K02359.01,FALSE POSITIVE,3.17275711,5.404,313.2,1.27,206.07,966.0,0.03,30.1,5058.0,4.61,0.739,15.936
K02158.02,CANDIDATE,6.68231249,3.251,48.7,2.09,784.74,1350.0,0.892,12.3,5343.0,3.764,2.506,13.052
K03969.01,FALSE POSITIVE,0.73619448,1.1148,247.3,1.84,6218.56,2268.0,0.689,27.2,6355.0,4.418,1.09,15.145
K03970.01,FALSE POSITIVE,10.18670759,7.498,261.2,0.95,12.29,477.0,0.677,35.5,3995.0,4.694,0.555,14.651
K03971.01,FALSE POSITIVE,365.994154,13.071,698.5,2.87,1.14,263.0,0.8353,23.8,6074.0,4.466,0.965,14.05
K03972.01,FALSE POSITIVE,0.54028956,3.619,293.5,21.45,6356.72,2279.0,1.181,58.4,5997.0,4.483,0.993,14.568
K01673.01,FALSE POSITIVE,2.49047468,2.2003,222.2,1.53,940.43,1413.0,0.522,20.7,6067.0,4.433,0.997,15.429
K01674.01,FALSE POSITIVE,2.17257963,1.5794,335.5,13.55,1254.52,1518.0,1.107,27.1,6038.0,4.34,0.971,14.845
K01676.01,FALSE POSITIVE,3.307669761,1.672,243.1,3.87,2710.89,1840.0,0.602,66.7,5959.0,3.829,2.382,12.936
K01678.01,FALSE POSITIVE,3.183961388,3.7875,39268.0,37.22,1608.01,1615.0,0.677,339.2,5716.0,3.963,1.76,12.678
K07837.01,FALSE POSITIVE,48.507991,8.984,288.9,2.06,16.08,511.0,0.944,11.4,6031.0,4.476,0.966,15.365
K01679.01,FALSE POSITIVE,0.759766456,5.323,480.5,29.02,4850.1,2128.0,1.238,73.0,6174.0,4.455,1.026,15.932
K01785.01,FALSE POSITIVE,1.219034472,2.151,6923.8,9.82,2734.97,1845.0,0.075,99.2,5833.0,4.333,1.192,14.914
K01954.01,FALSE POSITIVE,7.37339245,2.883,125.0,13.73,344.18,1098.0,1.104,36.6,6484.0,4.36,1.093,12.197
K01742.01,FALSE POSITIVE,4.70847097,6.0503,32622.1,19.58,493.0,1202.0,0.418,607.2,6214.0,4.391,1.061,14.417
K01806.01,FALSE POSITIVE,2.404556949,7.4918,408.7,4.69,3474.41,1958.0,0.97,147.1,6426.0,4.013,1.775,13.474
K07850.01,CANDIDATE,66.119119,3.086,862.0,3.0,9.89,452.0,0.256,9.8,5828.0,4.462,1.028,15.978
K01745.01,CANDIDATE,0.982090079,1.44892,5396.7,29.95,1426.18,1568.0,1.278,304.1,5472.0,4.573,0.742,15.933
K01795.01,FALSE POSITIVE,2.972047661,1.198,5945.0,24.74,142.01,881.0,1.207,20.0,4491.0,4.58,0.711,15.772
K02362.01,FALSE POSITIVE,2.237180102,1.4734,493.8,1.75,390.02,1134.0,0.374,23.3,5080.0,4.538,0.793,15.938
K02391.01,FALSE POSITIVE,0.93374232,6.552,351.4,18.29,1706.25,1638.0,1.188,49.1,5553.0,4.577,0.806,15.239
K02394.01,FALSE POSITIVE,134.76308997,8.77,,,,,,,,,,14.922
K02396.01,FALSE POSITIVE,0.495434094,1.2496,287.9,1.57,5088.43,2151.0,0.009,57.2,5529.0,4.471,0.936,14.672
K02446.01,FALSE POSITIVE,8.48031302,5.988,107.0,2.74,1229.56,1510.0,0.765,20.2,6541.0,3.778,2.43,13.124
K00439.02,FALSE POSITIVE,5.40534383,2.32,,,,,,,,,,14.313
K02480.01,CANDIDATE,0.66682654,0.7847,511.6,1.49,461.55,1183.0,0.856,33.4,3993.0,4.696,0.554,15.745
K03973.01,FALSE POSITIVE,0.882131829,6.8106,3620.9,8.13,3510.31,1963.0,0.968,70.6,6168.0,4.482,0.911,15.039
K03974.01,FALSE POSITIVE,0.489682339,1.7495,431674.0,37.47,580.4,1251.0,0.441,628.2,3898.0,4.735,0.53,16.946
K03975.01,CONFIRMED,364.751562,13.057,1481.5,2.89,0.18,166.0,0.875,25.5,4386.0,4.629,0.63,15.188
K03976.01,FALSE POSITIVE,2.189098506,5.1498,2533.7,29.7,651.22,1288.0,1.258,194.9,5681.0,4.551,0.859,15.753
K03977.01,FALSE POSITIVE,0.7088055,3.6789,17575.0,41.08,4055.22,2035.0,1.238,195.6,5989.0,4.5,0.908,15.036
K01682.01,FALSE POSITIVE,88.821421,9.35,393.7,234.99,38.13,634.0,1.6227,7.8,5081.0,3.484,3.365,13.747
K01689.01,FALSE POSITIVE,1.507761203,3.096,2773.7,31.77,675.11,1301.0,1.292,153.1,5069.0,4.53,0.818,15.583
K01690.01,FALSE POSITIVE,1.506019633,2.408,136.9,1.08,1660.03,1628.0,0.528,18.8,6065.0,4.454,0.896,15.005
K07838.01,FALSE POSITIVE,0.572513875,2.353,49.3,0.52,2365.45,1779.0,0.04,10.2,5171.0,4.576,0.76,15.078
K01691.01,FALSE POSITIVE,35.14578122,2.253,6789.4,32.5,12.6,480.0,1.276,86.8,5437.0,4.554,0.783,15.838
K01694.01,FALSE POSITIVE,3.690317047,1.3784,465.5,20.23,634.09,1280.0,1.151,43.0,6120.0,4.395,1.054,14.336
K01846.01,CONFIRMED,105.9566815,6.9988,2286.4,3.79,2.59,324.0,0.322,51.8,5327.0,4.581,0.8,15.795
K01966.01,FALSE POSITIVE,2.95600563,2.6717,76.1,0.81,509.55,1211.0,0.408,35.5,5668.0,4.472,0.916,12.58
K01796.01,FALSE POSITIVE,11.805707539,2.0494,2052.1,18.48,417.85,1153.0,1.015,124.9,6065.0,3.888,1.891,12.829
K07851.01,FALSE POSITIVE,25.3710555,3.739,78.6,1.43,87.17,779.0,0.742,8.3,6029.0,4.127,1.494,13.78
K01957.01,CANDIDATE,1.38680229,1.7065,242.3,29.33,9703.01,2530.0,1.115,84.4,6823.0,4.04,2.037,12.655
K01827.01,FALSE POSITIVE,8.58966893,6.962,429.6,155.18,136317.25,4900.0,0.012,47.5,3837.0,0.829,80.307,13.866
K01823.01,FALSE POSITIVE,4.468456599,1.4195,906.7,24.81,321.94,1081.0,1.207,39.1,5869.0,4.513,0.942,13.954
K02500.01,FALSE POSITIVE,0.933754669,4.048,89.3,1.48,8881.31,2475.0,0.728,43.2,6443.0,4.146,1.457,13.343
K02502.01,FALSE POSITIVE,86.79876649,2.99,,,,,,,,,,15.092
K02515.01,FALSE POSITIVE,164.57506747,9.57,,,,,,,,,,13.215
K02568.01,FALSE POSITIVE,1.71030803,2.718,216.0,1.32,1039.18,1449.0,0.282,21.0,5790.0,4.528,0.9,15.862
K02570.01,FALSE POSITIVE,79.9201319,4.482,1326.8,1.81,0.53,217.0,0.623,21.9,3812.0,4.767,0.476,15.577
K02575.01,FALSE POSITIVE,199.3113,6.43,383.6,1.64,1.42,278.0,0.689,6.5,5662.0,4.577,0.789,15.37
K02584.01,FALSE POSITIVE,157.82131,12.42,192.3,1.59,4.75,377.0,0.1495,6.9,6082.0,4.342,1.147,14.856
K03978.01,FALSE POSITIVE,2.28612573,12.408,301.6,22.63,993.96,1433.0,1.188,45.3,6063.0,4.476,1.012,15.116
K02162.02,CONFIRMED,199.66876,8.996,251.9,1.45,2.06,305.0,0.046,13.9,5678.0,4.409,0.921,14.033
K03979.01,FALSE POSITIVE,1.33254971,4.69,158.3,1.36,2377.19,1782.0,0.741,35.3,6150.0,4.41,1.004,15.271
K03980.01,FALSE POSITIVE,0.469334634,0.8864,340.4,2.4,8264.27,2432.0,0.95,49.1,5888.0,4.394,1.008,14.67
K03981.01,FALSE POSITIVE,0.849277809,3.137,690.8,20.11,2366.84,1781.0,1.187,17.1,5743.0,4.553,0.853,15.845
K01695.01,CONFIRMED,71.4523167,6.276,216.9,2.19,23.44,561.0,0.017,16.6,6148.0,4.132,1.488,13.781
K01696.01,FALSE POSITIVE,1.752564549,3.503,116.6,1.38,2174.09,1741.0,0.741,38.0,6221.0,4.333,1.18,13.608
K07839.01,FALSE POSITIVE,0.566816802,1.981,94.0,0.68,1483.43,1585.0,0.414,12.9,4665.0,4.584,0.704,15.678
K01697.01,FALSE POSITIVE,1.752553762,3.877,414.7,1.06,178.74,933.0,0.346,32.5,4408.0,4.713,0.529,15.828
K01698.01,FALSE POSITIVE,2.065351521,2.661,173.2,1.03,485.51,1196.0,0.63,25.3,5266.0,4.536,0.749,14.788
K01699.01,FALSE POSITIVE,2.253551793,3.66,119.6,1.7,2547.01,1812.0,0.761,42.1,6526.0,4.217,1.426,13.121
K01981.01,CONFIRMED,1.06378861,1.072,251.5,1.61,1761.19,1650.0,0.466,21.5,5265.0,4.4,1.002,14.229
K01926.01,FALSE POSITIVE,123.11494773,17.24,,,,,,,,,,9.473
K01896.01,FALSE POSITIVE,1.854493861,4.2367,1287.3,29.39,657.94,1291.0,1.279,108.2,5431.0,4.563,0.843,14.898
K07852.01,FALSE POSITIVE,1.020713389,0.873,102.3,0.9,2079.36,1724.0,0.425,11.3,5815.0,4.52,0.87,15.186
K01763.01,FALSE POSITIVE,2.1990638,3.197,344.8,1.33,330.97,1087.0,0.489,19.3,5003.0,4.572,0.707,15.957
K01807.01,FALSE POSITIVE,132.1331011,26.715,7956.2,75.08,101.41,809.0,0.606,284.3,5067.0,2.877,8.121,9.715
K01999.01,FALSE POSITIVE,1.120646438,1.7664,322.5,89.35,14127.22,2783.0,1.182,45.7,4972.0,3.449,4.034,13.695
K02653.01,FALSE POSITIVE,1.710279417,2.252,228.8,1.57,1272.5,1524.0,0.473,19.9,5834.0,4.472,1.023,15.795
K02661.01,FALSE POSITIVE,65.238281,5.756,197.2,5.18,68.49,734.0,0.1471,10.3,5254.0,3.506,3.761,11.479
K07817.01,FALSE POSITIVE,0.56679641,2.324,26.7,0.46,3349.38,1940.0,0.322,14.1,5403.0,4.54,0.888,13.686
K02663.01,CONFIRMED,9.88736642,4.23,68.0,0.68,82.32,768.0,0.383,14.6,5693.0,4.57,0.816,13.461
K02728.01,CONFIRMED,42.3520039,7.773,512.6,6.3,182.91,938.0,0.659,30.5,6864.0,3.783,2.632,12.852
K02742.01,CONFIRMED,0.789160884,0.9268,215.1,0.91,564.46,1244.0,0.376,23.6,4258.0,4.635,0.622,15.031
K03982.01,FALSE POSITIVE,2.399081606,4.384,6071.6,40.6,810.78,1360.0,1.276,89.9,5780.0,4.438,1.0,16.494
K03983.01,FALSE POSITIVE,5.14072621,27.24,145.6,19.28,317.19,1076.0,1.159,44.5,5751.0,4.389,1.035,13.753
K07829.01,FALSE POSITIVE,0.566798545,5.224,36.9,0.53,3787.58,2004.0,0.331,23.3,5629.0,4.553,0.87,13.519
K03984.01,CONFIRMED,1.44445234,0.9753,200.7,2.03,2479.44,1800.0,0.162,20.9,5305.0,4.088,1.449,14.536
K03985.01,FALSE POSITIVE,3.55653637,8.7,202.5,1.7,619.57,1272.0,0.712,23.1,5950.0,4.395,1.114,14.377
K03986.01,FALSE POSITIVE,9.60853601,3.672,584.4,31.99,221.77,984.0,1.229,19.3,6377.0,4.398,1.158,15.974
K03987.01,FALSE POSITIVE,0.933747751,3.9236,76.6,2.07,22250.69,3112.0,0.741,49.5,6985.0,3.936,2.187,13.369
K01703.01,FALSE POSITIVE,3.17463577,10.988,405.9,9.32,667.65,1296.0,1.059,83.1,5999.0,4.417,0.996,14.934
K07840.01,FALSE POSITIVE,0.902222843,2.0516,29.7,48.23,2710661.9,10340.0,0.508,5.1,3705.0,0.798,89.806,13.547
K01709.01,FALSE POSITIVE,22.4685309,3.034,242.3,20.05,276.85,1040.0,1.032,21.3,5461.0,3.566,3.301,13.301
K01712.01,FALSE POSITIVE,10.16104834,3.0448,908.9,2.72,96.98,800.0,0.031,36.8,5636.0,4.462,0.913,15.047
K01714.01,FALSE POSITIVE,2.743978797,6.442,39994.0,38.11,392.49,1136.0,1.138,56.5,5334.0,4.492,0.81,13.805
K01719.01,FALSE POSITIVE,1.332561398,4.103,150.6,2.16,6330.12,2276.0,0.783,77.1,6468.0,4.107,1.602,13.616
K01963.01,CANDIDATE,12.89623554,2.625,426.6,2.55,89.02,783.0,0.973,32.9,6072.0,4.51,0.923,14.107
K07853.01,FALSE POSITIVE,364.14397,15.37,513.5,2.2,1.06,259.0,0.475,9.3,6039.0,4.493,0.951,15.508
K01887.01,FALSE POSITIVE,21.78769087,4.498,507.7,71.95,278.24,1042.0,1.192,38.1,5627.0,3.633,3.05,12.967
K01804.01,CONFIRMED,5.90741476,1.016,5569.0,5.1,82.73,769.0,0.177,7.2,4963.0,4.585,0.69,15.625
K01774.01,FALSE POSITIVE,2.368173896,2.346,10143.0,10.92,983.51,1428.0,0.763,52.9,5944.0,4.393,0.991,15.533
K02015.01,FALSE POSITIVE,5.73865933,4.051,688.6,1.84,19.33,535.0,0.966,40.1,3841.0,4.756,0.509,15.51
K01771.01,FALSE POSITIVE,91.05641908,6.7282,57607.6,53.1,8.13,431.0,1.112,701.1,6142.0,4.456,1.046,15.959
K07818.01,CANDIDATE,2.52443998,2.369,45.8,1.53,4998.98,2145.0,0.232,10.6,6461.0,3.846,2.225,13.063
K02793.01,CONFIRMED,4.49686066,1.7306,1932.5,1.93,19.34,535.0,0.018,37.0,3698.0,4.81,0.444,16.283
K02796.01,CANDIDATE,0.5374094,1.2039,94.2,0.96,5646.82,2208.0,0.17,21.9,5749.0,4.457,0.988,14.832
K02806.01,CONFIRMED,24.7543849,3.39,593.3,2.1,13.7,491.0,0.709,18.0,4852.0,4.519,0.804,15.514
K02814.01,FALSE POSITIVE,0.475068516,0.8552,110.1,1.03,7444.39,2372.0,0.412,21.4,6045.0,4.494,0.955,14.255
K02818.01,FALSE POSITIVE,1.79683793,7.911,223.3,3.37,7783.32,2397.0,0.979,27.9,7592.0,4.159,1.714,13.613
K02843.01,FALSE POSITIVE,187.51251276,8.05,,,,,,,,,,15.711
K03988.01,FALSE POSITIVE,12.425484,28.0218,117.2,1.55,84.37,773.0,0.98,43.0,5478.0,4.351,1.017,13.585
K02163.02,CONFIRMED,17.7838298,3.997,247.1,1.6,66.87,729.0,0.115,18.7,6014.0,4.436,1.021,14.651
K03989.01,FALSE POSITIVE,1.204529346,1.62,86.9,1.4,3561.16,1968.0,0.383,11.1,5340.0,4.046,1.504,14.259
K03990.01,FALSE POSITIVE,2.15839583,8.09,352.2,14.28,350.53,1103.0,1.178,38.9,5272.0,4.659,0.662,15.239
K03991.01,CANDIDATE,1.570592397,0.623,214.4,1.37,1135.98,1480.0,0.031,29.7,5519.0,4.431,0.921,13.14
K07841.01,FALSE POSITIVE,371.1495,15.855,597.3,2.07,0.85,245.0,0.228,11.5,5988.0,4.541,0.836,15.342
K01635.01,FALSE POSITIVE,3.374684854,4.48335,80917.0,49.25,432.73,1163.0,1.04,658.3,5754.0,4.514,0.943,15.746
K01636.01,FALSE POSITIVE,2.61841046,3.304,180.2,1.12,567.24,1245.0,0.369,24.8,5912.0,4.566,0.82,14.598
K01638.01,FALSE POSITIVE,4.593594819,2.6391,1455.2,8.85,378.37,1125.0,1.022,83.5,6075.0,4.486,0.969,14.455
K01639.01,FALSE POSITIVE,125.0426,8.99,104.3,1.2,7.06,416.0,0.5215,6.4,6273.0,4.364,1.139,13.538
K01640.01,FALSE POSITIVE,6.17039154,2.116,502.9,2.17,264.63,1029.0,0.1755,19.0,6137.0,4.487,0.963,15.406
K01642.01,FALSE POSITIVE,0.364860478,1.4736,112.6,0.68,3703.08,1993.0,0.267,23.5,5220.0,4.622,0.642,14.823
K01947.01,CANDIDATE,6.422943288,1.0815,261.4,1.66,269.8,1034.0,0.198,30.6,6102.0,4.447,1.016,12.335
K01983.01,FALSE POSITIVE,6.90522317,3.533,420.3,4.54,768.55,1343.0,0.962,34.4,6596.0,4.135,1.721,13.502
K02041.01,FALSE POSITIVE,1.5259105,3.114,83.9,2.63,9917.8,2545.0,0.986,14.3,6640.0,3.884,2.099,12.203
K02139.01,FALSE POSITIVE,4.27121961,2.9283,966.7,2.17,97.84,802.0,0.636,38.0,4702.0,4.602,0.67,15.938
K02141.01,CANDIDATE,1.306984786,1.194,302.1,18.33,2230.29,1754.0,1.144,38.4,6102.0,4.457,1.026,14.024
K07819.01,FALSE POSITIVE,0.769358923,1.5364,44.8,1.93,17335.4,2928.0,0.111,19.8,5267.0,3.655,2.935,12.055
K02591.01,FALSE POSITIVE,0.755109106,2.967,106.0,0.85,2130.82,1733.0,0.47,34.0,5452.0,4.572,0.815,13.974
K02599.01,FALSE POSITIVE,25.3239215,70.405,1379.7,19.02,12.94,484.0,1.218,214.5,5128.0,4.6,0.668,14.856
K02612.01,CONFIRMED,4.61225043,2.695,29.1,0.51,268.27,1032.0,0.012,13.7,5495.0,4.442,0.961,11.83
K02614.01,CONFIRMED,7.99022379,3.273,165.9,1.97,361.73,1113.0,0.107,17.6,5689.0,4.065,1.542,14.59
K02630.01,FALSE POSITIVE,4.1749166,4.828,40.7,0.61,366.59,1116.0,0.4759,11.8,5910.0,4.505,0.94,13.391
K07830.01,FALSE POSITIVE,0.56678694,1.959,61.2,0.63,3194.49,1920.0,0.213,8.3,5341.0,4.496,0.808,15.817
K03992.01,FALSE POSITIVE,0.73094701,4.223,227.7,15.83,2886.66,1870.0,1.158,31.2,5767.0,4.559,0.837,15.312
K03993.01,FALSE POSITIVE,0.686994057,3.5252,2797.1,35.3,4267.13,2063.0,1.261,136.6,5780.0,4.438,1.0,9.16
K03994.01,FALSE POSITIVE,1.324247867,1.4759,83.3,1.3,4951.46,2140.0,0.295,26.5,6557.0,4.251,1.406,13.869
K03995.01,FALSE POSITIVE,0.780632043,1.4109,736.5,79.67,12837.08,2714.0,1.306,141.0,5354.0,3.754,2.18,13.331
K03996.01,FALSE POSITIVE,0.730947169,4.396,248.0,14.43,2349.48,1777.0,1.143,49.1,5514.0,4.569,0.826,15.01
K01645.01,FALSE POSITIVE,41.16676097,2.2133,5386.3,17.82,9.35,446.0,1.093,185.2,5193.0,4.503,0.805,13.418
K01652.01,FALSE POSITIVE,1.083736642,1.57912,8930.8,237.84,41465.78,3641.0,1.265,954.2,5591.0,3.227,5.618,12.923
K01653.01,FALSE POSITIVE,2.45570369,3.1,273.8,55.95,3017.14,1891.0,1.205,23.5,5148.0,3.624,2.314,13.39
K01735.01,FALSE POSITIVE,0.64234875,1.3699,103.7,2.78,49846.45,3813.0,0.627,61.3,7089.0,3.842,2.584,12.305
K01729.01,FALSE POSITIVE,5.204286663,6.2598,35221.0,16.0,180.12,934.0,0.272,153.0,5332.0,4.471,0.86,15.424
K01730.01,FALSE POSITIVE,6.352090869,3.88771,75141.7,18.9,83.66,772.0,0.223,1343.2,5089.0,4.58,0.693,14.933
K02142.01,FALSE POSITIVE,1.877350712,1.7478,185.6,1.46,1755.2,1650.0,0.297,23.1,6382.0,4.432,1.059,14.688
K02157.01,FALSE POSITIVE,2.11552348,6.712,359.2,21.43,900.64,1398.0,1.187,28.9,5900.0,4.509,0.951,15.897
K02161.01,FALSE POSITIVE,2.84573962,7.28,211.7,3.63,2645.94,1829.0,0.656,83.9,5557.0,3.792,2.372,13.591
K02165.01,FALSE POSITIVE,7.01476115,3.945,122.1,1.02,175.85,928.0,0.687,27.5,5912.0,4.501,0.87,13.601
K02170.01,FALSE POSITIVE,0.941603153,1.1886,462.1,2.29,1575.78,1608.0,0.93,46.2,5237.0,4.481,0.837,14.834
K02176.01,FALSE POSITIVE,24.40213373,12.57,,,,,,,,,,13.424
K07821.01,FALSE POSITIVE,1.13357304,2.849,33.1,0.59,2688.01,1836.0,0.739,12.0,6147.0,4.449,0.954,14.207
K02772.01,FALSE POSITIVE,0.643468999,1.1108,108.0,0.88,3772.66,2001.0,0.266,19.6,5670.0,4.452,0.843,14.658
K02782.01,FALSE POSITIVE,112.645961,7.037,1957.9,35.36,4.76,377.0,1.277,23.3,5895.0,4.489,0.991,15.701
K02783.01,FALSE POSITIVE,0.526887517,0.8971,119.9,0.58,550.37,1238.0,0.292,20.6,3945.0,4.721,0.519,14.694
K02784.01,FALSE POSITIVE,4.14244748,2.203,69.9,1.82,3128.33,1907.0,0.386,12.3,6785.0,3.83,2.124,11.056
K02788.01,FALSE POSITIVE,0.777663575,1.1741,134.3,0.95,2553.18,1816.0,0.204,28.1,5769.0,4.57,0.812,14.397
K03997.01,FALSE POSITIVE,0.552834211,1.2887,145.7,18.09,21895.36,3107.0,1.045,30.0,5132.0,3.675,2.648,13.931
K03998.01,FALSE POSITIVE,0.758354475,4.56811,581782.0,149.44,22401.95,3123.0,0.279,1560.5,7131.0,4.084,1.83,16.975
K02167.03,CONFIRMED,76.5369531,5.574,652.2,3.73,15.15,503.0,0.327,17.7,5596.0,4.105,1.466,15.28
K03999.01,FALSE POSITIVE,3.43525124,4.509,152.2,25.43,1468.73,1579.0,1.121,6.3,5854.0,4.014,1.742,14.603
K04000.01,FALSE POSITIVE,0.962828092,4.411,63.0,40.82,37544.87,3553.0,1.101,22.7,6552.0,3.594,3.44,13.306
K07842.01,CANDIDATE,3.11141514,3.074,28.4,0.7,1296.58,1530.0,0.46,8.3,6450.0,4.297,1.273,13.396
K01734.01,FALSE POSITIVE,1.878156188,2.058,787.5,2.51,400.37,1141.0,0.959,38.4,5075.0,4.598,0.67,15.75
K01987.01,FALSE POSITIVE,7.81153999,5.984,912.8,23.56,62.96,718.0,1.271,41.3,5150.0,4.628,0.71,15.611
K01949.01,FALSE POSITIVE,0.993488979,1.9694,24327.0,17.9,3172.24,1914.0,0.83,145.8,5811.0,4.328,0.998,14.701
K01759.01,FALSE POSITIVE,1.334104585,3.14624,61690.8,44.9,2954.64,1880.0,0.986,1334.6,6319.0,4.373,1.083,15.387
K01994.01,FALSE POSITIVE,2.115498574,6.738,444.2,25.84,995.26,1432.0,1.215,45.4,5917.0,4.475,1.0,15.147
K07812.01,FALSE POSITIVE,3.40076682,4.7,21.1,0.69,1328.5,1540.0,0.256,7.4,6134.0,4.142,1.496,12.06
K02178.01,FALSE POSITIVE,6.49676881,2.527,135.0,3.74,2273.36,1761.0,0.643,10.6,6418.0,3.658,3.049,12.396
K02184.01,FALSE POSITIVE,2.057499811,2.569,325.6,1.27,273.84,1037.0,0.004,23.6,4620.0,4.564,0.736,15.504
K02187.01,FALSE POSITIVE,10.5856758,4.911,178.7,1.49,163.41,912.0,0.474,8.1,6246.0,4.433,1.092,13.748
K02188.01,FALSE POSITIVE,2.69633621,5.238,238.6,15.78,749.66,1334.0,1.141,26.5,6106.0,4.496,0.923,15.319
K02190.01,FALSE POSITIVE,11.2580745,23.516,713.3,2.14,14.44,497.0,0.955,55.4,4257.0,4.691,0.586,15.83
K07822.01,FALSE POSITIVE,0.566795586,4.124,39.4,0.66,6597.1,2296.0,0.686,19.6,6108.0,4.471,0.997,14.549
K02847.01,FALSE POSITIVE,1.099291188,1.765,282.6,1.37,947.02,1414.0,0.077,19.8,4878.0,4.5,0.843,15.496
K02858.01,FALSE POSITIVE,0.47462889,1.0194,331.3,1.43,2691.55,1840.0,0.377,31.2,4904.0,4.527,0.786,15.692
K02860.01,CONFIRMED,103.4269873,5.03,950.1,3.16,7.08,416.0,0.013,17.8,6208.0,4.454,1.024,15.549
K02874.01,CANDIDATE,0.352515897,1.0525,168.2,1.0,5534.14,2194.0,0.26,38.0,5465.0,4.598,0.766,14.867
K02875.01,FALSE POSITIVE,0.299697755,0.8473,346.9,2.03,6005.79,2246.0,0.964,53.6,5180.0,4.547,0.782,14.828
K02879.01,CANDIDATE,0.339069751,1.1516,53.2,2.09,41863.05,3653.0,0.958,38.2,5653.0,3.846,2.183,12.771
K07831.01,FALSE POSITIVE,0.56681727,1.779,35.9,0.42,2676.11,1832.0,0.042,9.1,5481.0,4.629,0.708,14.916
K04001.01,FALSE POSITIVE,1.081935491,5.136,202.9,0.99,819.14,1364.0,0.0,33.9,4938.0,4.569,0.718,15.254
K04002.01,CONFIRMED,0.524175803,0.7648,236.8,1.27,3049.23,1891.0,0.318,22.4,5278.0,4.576,0.815,15.04
K04003.01,FALSE POSITIVE,1.89129881,5.294,82.0,0.86,944.68,1414.0,0.699,29.8,5806.0,4.507,0.893,13.911
K04004.01,CONFIRMED,4.94330596,2.9334,126.2,1.41,296.74,1058.0,0.928,27.7,5661.0,4.415,1.008,12.697
K04005.01,CONFIRMED,178.139072,9.654,678.8,2.25,1.7,291.0,0.042,20.3,5431.0,4.496,0.879,14.56
K07843.01,CANDIDATE,0.619023176,1.496,77.9,0.79,2985.06,1885.0,0.387,8.9,5395.0,4.536,0.891,15.775
K01772.01,CANDIDATE,120.00336404,3.3803,39596.0,15.08,0.78,240.0,0.78,131.1,4315.0,4.627,0.668,15.635
K01766.01,FALSE POSITIVE,4.067371428,5.8962,63446.7,68.81,215.71,978.0,1.51,1094.6,5385.0,4.532,0.75,15.858
K01903.01,FALSE POSITIVE,1.540395781,1.6305,173.4,0.94,510.22,1211.0,0.062,46.6,4955.0,4.592,0.735,12.057
K01912.01,FALSE POSITIVE,32.9045733,4.402,662.3,28.34,24.63,568.0,1.232,19.7,5780.0,4.438,1.0,13.96
K01811.01,FALSE POSITIVE,2.46353343,2.954,830.0,21.49,445.83,1171.0,1.222,6.8,5541.0,4.587,0.777,14.914
K01791.01,FALSE POSITIVE,22.91339043,3.94,5407.0,24.11,15.94,510.0,1.281,86.9,5451.0,4.663,0.6,15.469
K02192.01,FALSE POSITIVE,1.541350116,3.29,378.0,1.5,619.14,1273.0,0.272,51.7,5150.0,4.59,0.784,15.316
K02196.01,FALSE POSITIVE,1.205412526,1.537,109.2,12.6,3681.8,1988.0,1.092,17.2,6292.0,4.32,1.122,13.064
K02197.01,FALSE POSITIVE,1.710316235,3.614,409.4,23.38,1740.08,1647.0,1.174,31.2,6147.0,4.435,1.096,15.961
K02198.01,CONFIRMED,23.9210408,5.174,158.3,3.01,255.65,1020.0,0.936,21.9,7121.0,4.031,1.972,12.768
K02199.01,CONFIRMED,9.03326435,2.857,610.7,1.96,66.89,729.0,0.455,18.3,5311.0,4.588,0.788,15.901
K03932.01,FALSE POSITIVE,356.535835,5.467,3113.0,28.27,0.55,220.0,1.281,25.7,5385.0,4.532,0.75,15.481
K03933.01,CONFIRMED,3.490785878,1.4513,336.8,1.32,245.65,1010.0,0.116,32.7,5496.0,4.618,0.725,14.678
K03934.01,FALSE POSITIVE,1.92149487,1.891,1006.0,79.14,7634.18,2382.0,1.29,11.6,6831.0,3.959,2.247,12.659
K03935.01,CONFIRMED,1.093665854,1.4399,218.4,1.29,1880.33,1681.0,0.174,33.5,5845.0,4.541,0.874,14.815
K03936.01,CANDIDATE,141.608555,7.685,1263.1,2.98,1.68,290.0,0.399,43.3,5083.0,4.512,0.844,13.336
K07832.01,CANDIDATE,3.6092231,2.8,52.4,0.68,477.0,1192.0,0.364,4.4,6032.0,4.508,0.929,13.534
K04006.01,FALSE POSITIVE,12.4247333,16.828,40.5,1.47,642.95,1284.0,0.656,19.3,6632.0,3.86,2.193,12.876
K04007.01,CANDIDATE,11.4927112,7.764,291.5,25.01,127.97,858.0,1.212,18.7,6198.0,4.464,1.005,15.472
K04008.01,FALSE POSITIVE,70.7511986,6.198,858.1,27.74,8.97,441.0,1.24,24.1,5771.0,4.4,0.936,15.187
K02172.02,CONFIRMED,116.583183,5.8,819.0,2.91,4.47,371.0,0.586,8.7,5738.0,4.426,0.981,15.104
K04009.01,CONFIRMED,175.13892,10.767,634.5,3.06,3.39,346.0,0.07,17.9,5497.0,4.243,1.241,15.245
K07844.01,FALSE POSITIVE,1.302061421,1.8238,1046.1,92.86,29636.26,3345.0,1.273,29.5,7757.0,3.837,2.783,13.095
K01768.01,FALSE POSITIVE,55.25178622,6.094,39873.6,27.32,9.15,444.0,0.978,585.0,5793.0,4.561,0.832,15.807
K01757.01,FALSE POSITIVE,5.548250634,6.06772,42873.4,21.49,331.99,1088.0,0.296,1170.5,6124.0,4.455,1.028,15.752
K01775.01,FALSE POSITIVE,4.442520831,2.4779,531.5,3.98,889.36,1392.0,0.966,100.3,6496.0,4.272,1.33,11.668
K01936.01,FALSE POSITIVE,1.339670241,1.895,28.6,1.27,33385.02,3448.0,0.602,21.7,8867.0,3.988,2.245,10.455
K01777.01,FALSE POSITIVE,2.685223546,4.0632,5494.6,28.98,360.92,1111.0,1.28,238.7,5552.0,4.62,0.719,15.828
K02203.01,FALSE POSITIVE,1.99042642,3.083,133.8,1.17,1327.48,1539.0,0.067,25.3,6198.0,4.464,1.005,14.349
K02207.01,FALSE POSITIVE,67.230028,25.01,379.1,2.44,12.79,482.0,0.938,39.5,6157.0,4.418,1.016,14.548
K02211.01,FALSE POSITIVE,0.805259637,0.9779,341.8,1.93,4732.34,2115.0,0.332,50.2,6257.0,4.454,1.022,14.633
K02050.01,FALSE POSITIVE,75.3787816,5.268,387.7,1.6,3.97,360.0,0.046,30.1,5061.0,4.488,0.841,12.218
K02231.01,FALSE POSITIVE,2.464160779,2.427,116.7,36.93,2018.62,1709.0,1.169,27.3,5238.0,3.84,1.883,13.145
K07823.01,FALSE POSITIVE,0.566781152,3.995,133.4,0.54,337.1,1090.0,0.427,24.9,3725.0,4.787,0.46,15.742
K03936.02,CONFIRMED,13.0267964,0.785,356.6,2.08,40.51,643.0,0.93,11.4,5083.0,4.512,0.844,13.336
K03937.01,FALSE POSITIVE,4.93129874,1.8626,676.1,21.42,187.36,944.0,1.224,31.7,5457.0,4.508,0.779,15.535
K03938.01,FALSE POSITIVE,5.59187448,1.6782,236.4,104.18,124810.93,4793.0,0.82,31.9,3915.0,1.173,58.325,13.627
K03939.01,FALSE POSITIVE,1.88665445,1.343,2098.0,43.81,2453.86,1794.0,1.269,15.8,6296.0,4.247,1.249,15.21
K03940.01,FALSE POSITIVE,14.53682228,3.195,1032.3,73.15,1534.06,1596.0,1.068,40.8,4946.0,2.819,5.855,12.93
K07833.01,CANDIDATE,172.820248,7.343,549.3,2.22,3.08,338.0,0.249,10.6,6174.0,4.499,0.939,14.321
K04010.01,FALSE POSITIVE,1.72853003,3.819,99.1,2.43,9100.75,2492.0,0.776,24.0,6701.0,3.882,2.237,13.597
K04011.01,FALSE POSITIVE,2.19068738,4.41,66.3,1.68,3913.33,2017.0,0.594,44.1,6208.0,3.973,1.975,12.521
K04012.01,FALSE POSITIVE,372.16478,11.288,2074.0,5.68,1.44,279.0,0.7967,23.5,6194.0,4.415,1.129,15.823
K04013.01,FALSE POSITIVE,0.947730124,1.1171,152.5,2.82,55681.21,3914.0,0.473,18.0,9464.0,4.116,2.184,9.072
K04014.01,CONFIRMED,234.240739,12.925,464.1,3.41,2.77,329.0,0.944,27.7,5814.0,4.269,1.248,13.685
K07845.01,FALSE POSITIVE,341.01495,5.12,386.0,1.72,0.71,234.0,0.087,6.9,5327.0,4.456,0.896,14.122
K01755.01,FALSE POSITIVE,6.14631207,3.803,891.1,4.79,594.72,1260.0,0.937,20.3,6726.0,4.335,1.31,15.05
K01991.01,FALSE POSITIVE,27.36432337,3.545,2282.5,39.49,44.5,659.0,1.273,42.3,6167.0,4.428,1.107,15.244
K01836.01,FALSE POSITIVE,10.26231992,3.568,813.9,1.98,15.89,509.0,0.945,17.3,4316.0,4.709,0.54,13.259
K01778.01,FALSE POSITIVE,1.519529227,5.1675,8372.5,11.12,1766.31,1653.0,0.866,155.1,6033.0,4.46,1.046,15.551
K01780.01,FALSE POSITIVE,6.487525901,2.4536,20209.0,21.23,29.11,593.0,1.199,74.3,4481.0,4.763,0.485,15.693
K07813.01,FALSE POSITIVE,0.56676437,2.326,76.5,0.92,6222.58,2267.0,0.594,11.7,6039.0,4.478,1.005,15.77
K02234.01,FALSE POSITIVE,2.35197616,5.304,268.0,21.19,1025.78,1444.0,1.177,31.7,6147.0,4.463,1.003,15.347
K02235.01,FALSE POSITIVE,0.861643331,2.4318,232.5,1.88,1599.85,1613.0,0.994,41.7,5506.0,4.596,0.688,14.614
K02239.01,FALSE POSITIVE,12.1097626,10.174,113.9,1.09,50.68,681.0,0.981,28.2,5437.0,4.547,0.739,13.007
K02240.01,FALSE POSITIVE,63.909601,11.85,143.0,0.76,3.57,351.0,0.0578,6.1,5227.0,4.668,0.643,14.746
K02244.01,FALSE POSITIVE,19.7352868,5.097,319.4,49.24,72.08,743.0,1.417,17.1,6329.0,4.44,1.045,14.689
K07824.01,FALSE POSITIVE,0.566799125,3.072,30.7,0.56,6590.95,2299.0,0.232,22.5,6063.0,4.451,1.004,13.568
K02135.02,CANDIDATE,20.1890396,6.251,112.1,1.39,93.89,794.0,0.541,15.0,6178.0,4.269,1.267,13.573
K03941.01,FALSE POSITIVE,1.061935973,3.3177,337.9,24.17,3479.87,1961.0,1.19,101.2,6274.0,4.434,1.062,14.126
K03942.01,FALSE POSITIVE,1.485898163,2.446,224.6,14.96,620.65,1272.0,1.173,32.8,5088.0,4.559,0.727,14.151
K03943.01,CONFIRMED,38.5763483,19.861,282.1,2.05,34.77,619.0,0.015,76.3,6167.0,4.333,1.221,12.626
K03944.01,FALSE POSITIVE,1.845610523,2.337,374.1,77.83,9283.04,2502.0,1.22,33.3,5974.0,3.639,2.978,13.809
K07834.01,CANDIDATE,7.3812344,2.802,104.5,1.0,187.24,944.0,0.687,8.6,6072.0,4.51,0.923,15.051
K04015.01,CONFIRMED,133.303247,7.342,1017.5,2.67,1.94,301.0,0.063,20.6,5064.0,4.474,0.864,15.307
K04016.01,CONFIRMED,125.4132302,2.3241,1345.0,3.14,1.18,266.0,0.822,22.6,4641.0,4.557,0.747,14.073
K04017.01,FALSE POSITIVE,21.5702917,40.4,148.7,29.53,146.81,888.0,1.155,41.0,6070.0,3.983,1.628,13.86
K04018.01,FALSE POSITIVE,0.868723418,1.4617,197.1,1.87,3776.5,1998.0,0.947,23.8,5761.0,4.331,1.046,14.774
K00266.01,CONFIRMED,25.30893566,5.7704,153.7,1.77,60.2,710.0,0.799,54.2,5949.0,4.272,1.292,11.472
K00065.01,FALSE POSITIVE,27.25471993,0.73,,,,,,,,,,11.679
K00383.01,FALSE POSITIVE,34.10787519,4.1,,,,,,,,,,13.109
K00860.01,FALSE POSITIVE,16.61474421,2.77,,,,,,,,,,15.245
K01789.01,FALSE POSITIVE,1.412526202,5.49,150.3,36.77,19160.84,3001.0,1.166,70.6,8468.0,4.114,1.91,11.521
K01956.01,FALSE POSITIVE,2.759573341,6.999,382.0,6.42,487.37,1198.0,1.04,64.4,5640.0,4.52,0.863,14.618
K01834.01,FALSE POSITIVE,3.79188234,2.15,417.0,1.95,492.81,1201.0,0.615,6.6,6171.0,4.495,0.91,14.394
K01995.01,FALSE POSITIVE,14.38724729,1.9078,1914.1,29.24,65.41,725.0,1.262,43.5,5830.0,4.479,0.859,15.264
K01855.01,FALSE POSITIVE,58.4302648,7.18,1849.5,3.45,1.91,300.0,0.948,34.1,4338.0,4.643,0.609,14.782
K07814.01,FALSE POSITIVE,0.566717263,2.6079,18.5,0.43,4581.82,2096.0,0.606,11.1,5544.0,4.438,0.957,13.724
K02249.01,FALSE POSITIVE,13.37935853,8.809,353.5,6.65,896.56,1395.0,0.974,36.2,6739.0,3.712,2.702,12.301
K02251.01,FALSE POSITIVE,13.26255423,4.65,916.4,3.55,81.56,766.0,0.943,31.4,5973.0,4.506,0.935,15.38
K02254.01,FALSE POSITIVE,20.5696575,4.263,401.5,28.96,42.09,650.0,1.298,22.2,6098.0,4.562,0.838,14.659
K02258.01,FALSE POSITIVE,4.52342256,2.531,219.0,1.7,482.25,1195.0,0.757,15.9,6211.0,4.437,1.058,15.146
K02054.01,FALSE POSITIVE,22.32423657,3.669,1299.3,4.56,32.87,611.0,0.965,29.9,5648.0,4.489,0.912,15.612
K03945.01,FALSE POSITIVE,0.723947772,2.125,242.7,52.16,24641.6,3192.0,1.148,17.7,5160.0,3.424,2.897,13.578
K03946.01,CONFIRMED,308.544422,18.503,586.8,3.28,2.81,330.0,0.022,56.8,6325.0,4.274,1.349,13.215
K03947.01,FALSE POSITIVE,0.905679492,2.1164,2299.0,35.74,2950.42,1882.0,1.272,59.3,5780.0,4.438,1.0,13.38
K03947.02,FALSE POSITIVE,22.735911,42.435,2311.0,5.07,40.32,643.0,0.665,69.4,5780.0,4.438,1.0,13.38
K03948.01,FALSE POSITIVE,0.909310626,3.4411,12126.6,48.79,4889.6,2130.0,1.264,454.0,6370.0,4.41,1.106,14.971
K03949.01,FALSE POSITIVE,0.648774274,2.643,231.0,1.08,1795.83,1659.0,0.078,26.1,5026.0,4.557,0.729,15.399
K00562.01,FALSE POSITIVE,32.63286247,3.08,,,,,,,,,,14.949
K00364.01,CANDIDATE,173.92851338,2.64,,,,,,,,,,10.087
K00879.01,FALSE POSITIVE,25.64384513,5.05,,,,,,,,,,15.832
K00885.01,FALSE POSITIVE,25.58546721,2.28,,,,,,,,,,15.161
K00589.01,FALSE POSITIVE,17.47702,54.52,138.3,0.93,49.24,676.0,0.0012,2.9,6116.0,4.579,0.782,14.547
K00594.01,FALSE POSITIVE,16.88954693,3.41,,,,,,,,,,14.736
K00962.01,FALSE POSITIVE,26.77891391,3.12,,,,,,,,,,14.005
K00973.01,FALSE POSITIVE,13.33386985,6.51,,,,,,,,,,9.563
K01026.01,FALSE POSITIVE,94.10628163,17.21,,,,,,,,,,14.748
K01027.01,FALSE POSITIVE,14.71266408,4.21,,,,,,,,,,15.557
K01131.01,FALSE POSITIVE,0.696125302,2.0054,14966.0,28.44,1739.43,1645.0,1.219,177.2,5245.0,4.594,0.674,15.464
K01137.01,FALSE POSITIVE,302.38867822,3.1229,41320.0,40.73,0.76,238.0,1.134,294.8,5328.0,4.499,0.857,14.041
K01411.01,CANDIDATE,305.0762469,6.255,4042.8,7.82,1.53,284.0,0.695,113.4,5716.0,4.348,1.155,13.377
K01744.01,FALSE POSITIVE,5.24372504,17.136,234.4,20.41,253.25,1017.0,1.201,51.6,5772.0,4.452,0.867,14.579
K01740.01,FALSE POSITIVE,18.795269797,9.9816,28241.1,30.77,154.05,899.0,0.201,3596.6,5623.0,3.925,1.841,13.941
K01918.01,FALSE POSITIVE,42.2625935,4.465,692.2,12.62,126.27,855.0,0.962,40.7,5432.0,3.55,3.581,13.754
K01748.01,FALSE POSITIVE,3.549386251,2.4342,50664.0,24.15,402.76,1142.0,0.818,108.2,5759.0,4.495,0.892,15.895
K01943.01,CONFIRMED,29.92208104,2.7716,345.3,3.09,88.52,782.0,0.38,37.6,6127.0,4.055,1.637,13.377
K07815.01,FALSE POSITIVE,0.566812588,3.596,17.1,0.71,21653.56,3089.0,0.079,17.5,6194.0,3.971,1.718,12.756
K02262.01,FALSE POSITIVE,9.94221873,2.453,486.5,19.64,76.56,754.0,1.171,12.6,5213.0,4.434,0.917,14.129
K02267.01,FALSE POSITIVE,9.06557317,1.6208,243.4,1.46,141.9,880.0,0.432,24.9,6075.0,4.51,0.916,14.005
K02268.01,FALSE POSITIVE,4.9432827,40.01,27.1,1.21,2161.95,1739.0,0.5719,12.9,6701.0,3.907,2.236,11.833
K02270.01,FALSE POSITIVE,7.35390869,2.061,92.9,2.29,1141.53,1483.0,0.375,11.1,6385.0,3.868,2.327,12.865
K02275.01,FALSE POSITIVE,15.7455586,13.877,161.1,1.41,71.98,743.0,0.889,37.6,6089.0,4.495,0.95,13.276
K07825.01,FALSE POSITIVE,0.566796615,1.999,47.8,0.59,4426.68,2077.0,0.243,8.5,5858.0,4.553,0.849,15.111
K02135.03,CONFIRMED,8.48651582,5.267,110.8,1.34,298.03,1060.0,0.009,21.1,6178.0,4.269,1.267,13.573
K03950.01,FALSE POSITIVE,2.189092892,5.1128,1871.5,33.45,1034.43,1446.0,1.27,150.7,6106.0,4.487,0.966,15.741
K03951.01,FALSE POSITIVE,2.40435335,4.07,70.6,3.05,8577.88,2454.0,0.746,27.1,6103.0,3.568,3.358,13.25
K03952.01,FALSE POSITIVE,220.9290121,7.335,2456.5,5.24,1.89,299.0,0.826,70.4,5893.0,4.483,0.941,14.707
K03953.01,FALSE POSITIVE,3.1877519,14.836,452.3,19.66,400.3,1141.0,1.178,83.2,5532.0,4.489,0.896,14.64
K07835.01,CANDIDATE,3.76565247,1.557,92.4,0.87,356.3,1108.0,0.535,9.1,5815.0,4.54,0.877,14.688
K01351.01,FALSE POSITIVE,10.72396374,3.8439,13518.0,39.84,88.64,783.0,1.25,127.7,5582.0,4.445,0.905,15.613
K01195.01,FALSE POSITIVE,119.67747,32.274,3254.1,36.8,4.9,379.0,1.283,52.0,6075.0,4.486,0.969,15.933
K01483.01,FALSE POSITIVE,185.9526325,3.5964,11106.9,50.98,3.28,343.0,1.264,147.3,5813.0,4.33,1.164,14.305
K00111.04,FALSE POSITIVE,103.62650922,6.89,,,,,,,,,,12.596
K01611.01,FALSE POSITIVE,41.077590334,6.20583,134484.0,23.2,3.37,346.0,0.502,5518.2,4451.0,4.654,0.62,11.762
K01624.01,FALSE POSITIVE,2.99540439,6.172,223.2,65.37,5493.46,2195.0,1.179,45.6,6106.0,3.633,3.09,13.173
K07846.01,CANDIDATE,10.5994606,9.484,128.8,1.28,152.67,896.0,0.671,11.2,6194.0,4.445,1.069,15.284
K01817.01,FALSE POSITIVE,63.934965,12.71,1119.5,44.59,18.0,525.0,1.217,45.6,5209.0,3.999,1.595,14.339
K01869.01,FALSE POSITIVE,38.4769457,5.825,259.4,4.79,103.72,814.0,0.981,18.4,6079.0,3.834,2.163,13.404
K01951.01,CONFIRMED,37.3228722,7.2146,307.5,35.34,1769.88,1654.0,0.608,42.6,4907.0,2.41,19.53,13.573
K02030.01,FALSE POSITIVE,1.664980224,1.7455,230.8,3.68,3223.3,1921.0,0.987,47.6,5792.0,4.058,1.567,13.831
K01752.01,FALSE POSITIVE,16.6094904,3.189,272.9,1.82,81.28,766.0,0.631,12.7,6047.0,4.395,1.05,14.926
K07816.01,FALSE POSITIVE,0.566789505,5.835,54.6,3.37,4051.92,2038.0,1.03,12.6,5894.0,4.585,0.784,15.456
K02277.01,FALSE POSITIVE,2.62982665,6.213,126.4,17.88,3542.64,1968.0,1.077,24.6,6712.0,4.053,1.846,13.395
K02284.01,FALSE POSITIVE,2.69787749,1.915,116.8,1.5,1235.14,1512.0,0.53,8.3,5609.0,4.114,1.348,13.265
K02292.01,FALSE POSITIVE,5.23340265,3.242,242.1,1.15,124.02,851.0,0.366,12.7,5266.0,4.611,0.741,15.516
K02301.01,FALSE POSITIVE,3.51289168,3.313,131.0,1.12,429.42,1161.0,0.373,27.3,5523.0,4.395,0.981,13.76
K02061.01,CONFIRMED,14.092583189,4.1536,530.4,1.82,30.1,597.0,0.586,17.8,5081.0,4.596,0.77,15.753
K07826.01,FALSE POSITIVE,9.087508013,2.7597,140.6,1.37,224.7,987.0,0.511,2.5,6078.0,4.297,1.119,14.172
K03954.01,FALSE POSITIVE,0.65244373,1.471,610.7,2.17,3546.43,1969.0,0.133,41.8,5638.0,4.488,0.883,15.665
K03955.01,FALSE POSITIVE,1.332564704,5.9775,1049.5,30.04,1945.27,1692.0,1.249,124.0,6046.0,4.486,0.972,14.923
K03956.01,FALSE POSITIVE,2.636899795,0.9105,426.2,49.84,456.22,1179.0,1.519,27.6,5524.0,4.54,0.847,14.72
K03957.01,FALSE POSITIVE,0.660629055,5.894,231.6,17.38,4040.43,2032.0,1.173,103.3,6024.0,4.55,0.849,13.872
K03958.01,FALSE POSITIVE,0.885123683,3.3865,113.3,1.14,3477.17,1961.0,0.708,42.0,5979.0,4.44,0.998,14.152
K07836.01,FALSE POSITIVE,471.65421,3.456,479.7,4.11,2.26,313.0,0.85,12.5,6061.0,4.025,1.653,13.681
K01625.01,FALSE POSITIVE,1.221204888,1.8511,111.6,1.1,2334.4,1772.0,0.6,27.3,5874.0,4.378,0.997,14.135
K01617.01,FALSE POSITIVE,135.90795753,1.83,,,,,,,,,,11.579
K01620.01,FALSE POSITIVE,0.959853772,1.9163,55.8,1.3,8768.54,2468.0,0.646,27.1,6061.0,4.025,1.653,11.787
K01631.01,CANDIDATE,0.592243731,1.386,3992.4,6.77,1361.22,1551.0,0.986,303.8,4920.0,4.664,0.591,15.653
K01634.01,FALSE POSITIVE,46.882525,1.93,343.5,1.91,16.4,513.0,0.7285,4.9,6045.0,4.494,0.955,15.256
K01614.01,FALSE POSITIVE,20.7191626,3.912,184.4,1.85,92.2,790.0,0.016,8.9,5837.0,4.143,1.366,11.413
K07847.01,CANDIDATE,399.37587,21.25,552.2,3.93,2.66,326.0,0.556,11.9,6098.0,4.069,1.618,13.281
K01919.01,FALSE POSITIVE,16.60973843,4.515,667.8,6.64,26.59,579.0,1.0412,29.7,5238.0,4.603,0.752,14.659
K01743.01,FALSE POSITIVE,54.323118,25.863,538.0,5.06,58.78,706.0,0.9727,19.2,6988.0,4.155,1.67,14.478
K01741.01,FALSE POSITIVE,5.803127153,4.9041,58570.0,19.04,145.32,886.0,0.006,639.3,5533.0,4.577,0.795,15.896
K01767.01,FALSE POSITIVE,35.51619219,2.5,10984.0,719.49,15.2,504.0,8.467,85.4,5514.0,4.505,0.871,12.481
K01769.01,FALSE POSITIVE,0.589049151,2.25397,61953.4,39.51,3495.15,1959.0,1.094,1227.6,5592.0,4.51,0.771,13.643
K02065.01,CONFIRMED,80.2321467,4.656,888.7,3.24,4.91,380.0,0.911,24.9,5436.0,4.505,0.888,14.32
K02068.01,CANDIDATE,41.88970036,1.35,1304.4,32.16,16.66,515.0,1.285,20.9,5952.0,4.519,0.907,14.74
K02070.01,FALSE POSITIVE,1.791406261,2.8159,345.5,4.51,1466.9,1579.0,1.008,60.7,6092.0,4.453,1.028,14.574
K02077.01,FALSE POSITIVE,1.25483232,2.67,117.6,2.89,13493.55,2748.0,0.547,11.4,6168.0,3.75,2.572,13.298
K02085.01,FALSE POSITIVE,5.71483873,2.748,286.2,1.26,118.73,842.0,0.134,18.0,5193.0,4.535,0.755,14.167
K07828.01,FALSE POSITIVE,17.5859472,3.815,509.5,2.24,56.81,700.0,0.042,8.4,5780.0,4.438,1.0,13.7
K03959.01,FALSE POSITIVE,1.332567005,6.3373,401.3,27.36,3837.83,2007.0,1.185,110.6,6388.0,4.284,1.223,13.406
K02147.02,CONFIRMED,10.32736351,1.889,126.9,1.25,116.56,838.0,0.754,9.7,5757.0,4.431,1.017,14.5
K03960.01,FALSE POSITIVE,2.54557259,5.636,529.0,1.97,549.8,1234.0,0.038,36.0,5718.0,4.549,0.863,15.298
K03961.01,FALSE POSITIVE,0.704541784,1.0726,275.2,1.72,4778.23,2121.0,0.415,38.4,6063.0,4.476,1.012,15.192
K03962.01,FALSE POSITIVE,0.697996932,4.3323,9094.6,28.06,1560.69,1604.0,1.244,244.1,5176.0,4.636,0.695,15.859
K03963.01,FALSE POSITIVE,6.63449721,22.982,919.1,85.25,2067.13,1719.0,1.246,160.1,6487.0,3.696,2.817,12.842
K01623.01,FALSE POSITIVE,110.9215892,5.282,498.0,3.71,9.12,443.0,0.905,48.2,5725.0,4.148,1.384,12.037
K01657.01,FALSE POSITIVE,3.88673217,20.491,761.7,21.04,287.4,1050.0,1.223,119.0,5798.0,4.589,0.767,14.197
K01658.01,CONFIRMED,1.544928892,1.43586,5817.3,13.43,3765.46,1997.0,0.918,1109.7,6309.0,4.199,1.412,13.308
K01663.01,FALSE POSITIVE,11.76921923,3.219,519.3,3.12,134.04,868.0,0.964,27.4,6215.0,4.44,1.052,14.986
K01664.01,FALSE POSITIVE,44.638983058,3.04001,36830.1,50.33,21.86,551.0,1.173,488.5,6197.0,4.449,1.035,15.51
K03104.01,CANDIDATE,1.236866732,1.242,187.2,1.75,1439.3,1569.0,0.982,14.2,5621.0,4.514,0.879,15.388
K03118.01,FALSE POSITIVE,174.95980475,5.23,,,,,,,,,,15.246
K03121.01,FALSE POSITIVE,1.926888595,1.235,130.0,1.31,1622.18,1619.0,0.589,11.7,6268.0,4.429,1.1,14.809
K01422.05,CONFIRMED,34.1420506,2.945,788.0,1.06,0.89,248.0,0.105,13.3,3526.0,4.866,0.383,15.921
K03133.01,FALSE POSITIVE,0.241842544,0.7257,203.3,1.16,12357.89,2689.0,0.3064,29.3,5834.0,4.577,0.797,15.525
K03134.01,FALSE POSITIVE,0.865759153,0.8408,191.6,1.53,4616.69,2100.0,0.38,18.7,6249.0,4.428,1.076,15.232
K03137.01,CANDIDATE,1.332035996,1.391,136.8,0.85,823.09,1365.0,0.137,12.6,5376.0,4.616,0.73,15.682
K03138.01,CONFIRMED,8.68910764,1.1627,1679.0,0.49,0.47,211.0,0.049,9.6,2703.0,5.274,0.118,17.131
K03139.01,FALSE POSITIVE,0.63624396,4.0,,,,,,,,,,11.29
K03143.01,FALSE POSITIVE,4.4040248,2.41,,,,,,,,,,14.814
K03149.01,FALSE POSITIVE,9.81101738,2.09,,,,,,,,,,14.656
K00351.05,CONFIRMED,8.71980135,3.7454,160.4,1.53,224.47,987.0,0.343,22.7,5970.0,4.317,1.2,13.804
K00351.06,CONFIRMED,7.00821787,3.812,116.4,1.29,300.58,1062.0,0.156,19.2,5970.0,4.317,1.2,13.804
K02881.01,FALSE POSITIVE,0.903583394,1.5942,1027.1,33.18,5162.98,2162.0,1.242,151.7,6455.0,4.41,1.101,14.811
K02893.01,FALSE POSITIVE,0.99014722,0.9394,321.1,1.34,997.75,1433.0,0.329,23.0,5072.0,4.606,0.747,15.896
K02902.01,FALSE POSITIVE,138.61227705,13.79,,,,,,,,,,15.072
K02909.01,FALSE POSITIVE,0.77359329,1.7603,80.6,0.82,3022.82,1890.0,0.388,21.7,5747.0,4.508,0.907,14.615
K02916.01,FALSE POSITIVE,0.306937807,0.5925,119.2,0.82,5019.53,2142.0,0.005,29.3,5088.0,4.58,0.741,14.409
K02925.01,CANDIDATE,0.716531851,0.655,78.9,1.11,4063.57,2034.0,0.887,17.9,5552.0,4.349,1.03,13.458
K02934.01,FALSE POSITIVE,0.637487312,1.9626,211.3,1.75,7053.67,2334.0,0.81,25.0,6173.0,4.39,1.083,15.315
K00918.02,FALSE POSITIVE,5.71489488,2.0705,292.5,1.41,160.68,908.0,0.0125,21.2,5552.0,4.555,0.833,15.011
K00966.02,FALSE POSITIVE,7.76967007,4.74,,,,,,,,,,13.787
K01961.02,FALSE POSITIVE,76.642481,5.476,64.5,1.36,20.44,542.0,0.1653,7.6,5537.0,3.949,1.714,12.852
K02037.02,CANDIDATE,5.47715718,1.3849,568.4,2.17,149.23,892.0,0.244,16.7,5029.0,4.429,0.93,15.213
K02473.02,FALSE POSITIVE,73.45736853,5.28,,,,,,,,,,15.77
K02533.02,FALSE POSITIVE,9.49361221,6.52,,,,,,,,,,13.274
K02570.02,FALSE POSITIVE,4.4296786,1.96,,,,,,,,,,15.577
K02586.02,FALSE POSITIVE,5.9703813,0.669,210.3,1.69,218.94,981.0,0.8826,5.5,5825.0,4.504,0.965,15.545
K02612.02,CANDIDATE,7.57299816,2.645,30.2,0.53,138.36,875.0,0.411,10.9,5495.0,4.442,0.961,11.83
K02631.02,FALSE POSITIVE,3.95383243,2.37,,,,,,,,,,13.468
K01871.02,CONFIRMED,32.376183,4.4639,745.4,2.26,5.61,392.0,0.896,34.2,4580.0,4.641,0.675,14.897
K01783.02,CONFIRMED,284.063137,8.297,1628.1,6.36,2.51,321.0,0.888,53.5,5791.0,4.185,1.336,13.929
K02940.01,FALSE POSITIVE,129.68366098,7.86,,,,,,,,,,15.705
K02941.01,FALSE POSITIVE,4.30908594,1.52,160.8,1.62,445.13,1172.0,0.871,17.0,5754.0,4.348,1.097,14.562
K02947.01,FALSE POSITIVE,57.104588,11.5,144.3,0.98,7.74,425.0,0.087,9.3,5637.0,4.564,0.821,14.54
K02950.01,FALSE POSITIVE,0.422015793,1.23416,1291.9,6.69,4962.18,2136.0,1.017,304.4,5614.0,4.587,0.777,14.403
K02953.01,FALSE POSITIVE,0.945825494,1.8496,104.7,1.14,3715.61,1989.0,0.522,22.1,6116.0,4.44,1.084,14.762
K02954.01,FALSE POSITIVE,0.676715927,0.63,264.5,1.29,2135.8,1735.0,0.652,14.5,5334.0,4.56,0.733,15.713
K02957.01,CANDIDATE,4.64490141,2.456,106.4,0.76,113.62,832.0,0.058,11.7,4786.0,4.54,0.77,14.48
K02974.01,FALSE POSITIVE,0.576441813,2.027,60.8,0.82,8812.63,2471.0,0.061,21.2,6459.0,4.425,1.038,13.883
K02983.01,FALSE POSITIVE,0.423854275,1.0198,235.3,0.58,301.79,1062.0,0.449,33.3,3553.0,4.887,0.368,15.586
K02988.01,FALSE POSITIVE,2.43731228,1.89,,,,,,,,,,14.513
K02993.01,FALSE POSITIVE,0.692693892,1.2804,1433.7,32.44,4160.84,2050.0,1.265,146.7,5907.0,4.49,0.964,15.417
K03001.01,FALSE POSITIVE,0.768934934,1.216,846.8,4.09,2026.85,1713.0,0.989,58.9,5390.0,4.535,0.777,15.503
K03006.01,FALSE POSITIVE,0.998212785,2.489,118.8,1.1,2998.77,1888.0,0.436,18.8,6072.0,4.47,0.988,15.544
K03009.01,CONFIRMED,0.764863517,1.16,150.2,1.04,2145.14,1733.0,0.235,13.6,5231.0,4.476,0.86,15.168
K03016.01,FALSE POSITIVE,0.710894157,1.0183,122.6,1.16,4599.89,2098.0,0.134,18.9,5862.0,4.424,1.049,14.55
K03024.01,FALSE POSITIVE,0.537839241,2.169,23.5,1.49,64294.62,4061.0,0.2589,12.4,6456.0,3.659,3.03,10.923
K03044.01,FALSE POSITIVE,0.373684977,0.9621,456.8,2.25,9009.0,2490.0,0.86,53.8,5970.0,4.521,0.908,15.688
K03046.01,FALSE POSITIVE,1.10118564,5.2,,,,,,,,,,13.308
K03054.01,FALSE POSITIVE,0.544962596,1.085,247.9,1.03,2074.18,1719.0,0.459,18.3,5257.0,4.675,0.639,15.966
K03062.01,FALSE POSITIVE,0.769127296,0.998,114.6,0.9,3179.14,1917.0,0.067,17.0,6024.0,4.561,0.831,14.98
K03076.01,FALSE POSITIVE,225.56791218,6.31,,,,,,,,,,15.333
K03077.01,CONFIRMED,4.09578199,1.704,405.5,1.64,124.3,851.0,0.752,11.9,4791.0,4.577,0.742,15.958
K00351.04,CONFIRMED,91.9401253,9.195,482.9,2.62,9.71,450.0,0.025,34.4,5970.0,4.317,1.2,13.804
K03079.01,FALSE POSITIVE,92.57337995,8.45,,,,,,,,,,15.181
K03080.01,FALSE POSITIVE,185.0097245,17.96,,,,,,,,,,15.647
K03094.01,CONFIRMED,4.5770016,0.949,710.0,1.33,24.38,567.0,0.327,18.0,3805.0,4.767,0.497,15.737
K03096.01,CONFIRMED,14.4540329,7.183,79.7,0.72,49.51,676.0,0.522,17.2,5559.0,4.496,0.79,13.572
K03100.01,FALSE POSITIVE,0.812587678,1.1144,62.9,1.54,12840.3,2717.0,0.515,21.7,6143.0,4.009,1.877,13.429
K03102.01,CANDIDATE,9.3210841,1.81,294.2,0.61,5.67,394.0,0.0815,6.1,3773.0,4.925,0.35,15.983
K03103.01,FALSE POSITIVE,19.3073774,3.437,31.7,1.21,292.25,1054.0,0.0275,6.6,6131.0,3.776,2.142,12.506
K00068.01,FALSE POSITIVE,1.000840564,1.3292,2714.4,80.25,30248.83,3367.0,1.165,73.2,6287.0,3.558,3.177,12.733
K01599.02,CONFIRMED,13.6164547,5.175,376.1,22.29,76.81,755.0,1.19,22.6,5823.0,4.472,0.972,14.802
K02793.02,CONFIRMED,1.766789509,1.3345,1009.8,1.4,66.95,730.0,0.066,26.7,3698.0,4.81,0.444,16.283
K03077.02,CANDIDATE,7.55842923,2.91,361.1,1.46,54.85,694.0,0.619,10.3,4791.0,4.577,0.742,15.958
K00339.03,CONFIRMED,35.8656484,8.035,250.9,2.44,37.92,633.0,0.963,26.2,6078.0,4.29,1.189,13.763
K00577.02,CONFIRMED,0.638162933,1.2313,109.7,0.91,2928.31,1874.0,0.092,17.6,5244.0,4.449,0.888,14.405
K07854.01,FALSE POSITIVE,1.72929014,3.609,84.5,0.86,1187.75,1497.0,0.089,9.6,5910.0,4.505,0.94,15.659
K05148.01,FALSE POSITIVE,40.301684,1.398,374.8,2.38,35.6,623.0,0.5721,6.6,6429.0,4.372,1.177,15.269
K05149.01,CANDIDATE,43.681309,12.37,258.0,1.33,11.86,473.0,0.257,9.8,5726.0,4.564,0.829,15.649
K05150.01,FALSE POSITIVE,26.524553,2.359,174.5,2.19,55.06,695.0,0.218,10.2,4995.0,3.954,1.703,13.681
K05151.01,FALSE POSITIVE,26.1537851,1.802,228.6,1.47,37.53,631.0,0.2437,6.2,6091.0,4.487,0.967,14.833
K05152.01,FALSE POSITIVE,0.944598153,4.018,200.9,37.61,72795.2,4190.0,1.012,35.3,4877.0,2.839,9.214,13.199
K05153.01,FALSE POSITIVE,354.63284,2.227,280.9,0.9,0.13,152.0,0.3134,6.5,4206.0,4.703,0.535,13.357
K05154.01,FALSE POSITIVE,35.40103336,1.75,,,,,,,,,,13.994
K05155.01,CANDIDATE,230.180357,13.436,3689.3,7.57,3.41,347.0,0.102,64.0,6313.0,4.364,1.246,15.469
K05272.01,FALSE POSITIVE,5.2433865,12.472,65.4,0.75,274.95,1038.0,0.489,19.2,6011.0,4.522,0.902,14.579
K05273.01,FALSE POSITIVE,5.2435703,15.864,228.5,12.68,148.79,890.0,1.145,25.1,5558.0,4.621,0.722,15.829
K05274.01,CANDIDATE,55.7583803,2.497,132.7,1.59,19.6,537.0,0.01,9.0,5413.0,4.107,1.403,12.746
K05275.01,CANDIDATE,3.781123,8.15,90.4,1.16,962.72,1421.0,0.004,9.0,6318.0,4.247,1.216,14.531
K05276.01,CANDIDATE,220.720142,8.186,862.5,2.0,0.72,235.0,0.113,12.0,5150.0,4.634,0.696,15.827
K05277.01,FALSE POSITIVE,634.84739,16.186,542.6,20.5,10.97,464.0,0.565,15.7,5048.0,2.978,8.611,12.532
K05278.01,CANDIDATE,281.5921577,5.673,9312.0,7.22,0.61,225.0,0.641,76.0,5330.0,4.627,0.713,15.87
K05279.01,CANDIDATE,103.722152,6.061,296.9,1.95,6.92,414.0,0.017,9.4,5784.0,4.33,1.143,14.775
K03376.01,FALSE POSITIVE,29.9756697,2.987,258.0,1.84,28.85,591.0,0.8708,12.0,5893.0,4.462,0.986,14.372
K03381.02,FALSE POSITIVE,387.56519,13.28,1083.0,4.02,1.28,271.0,0.916,11.8,6289.0,4.454,1.02,15.598
K03447.01,FALSE POSITIVE,31.5073649,7.362,330.5,0.74,0.97,253.0,0.774,15.4,3554.0,4.888,0.37,15.327
K03453.01,FALSE POSITIVE,18.1118457,6.309,328.7,31.25,98.09,803.0,1.235,10.8,6434.0,4.394,1.138,15.558
K03463.01,CANDIDATE,32.5474295,6.945,157.1,1.42,34.42,618.0,0.709,11.3,6068.0,4.384,1.061,14.564
K03478.01,CONFIRMED,33.4969115,4.833,163.5,2.97,37.3,630.0,0.961,13.2,4928.0,3.966,1.688,13.354
K05030.01,CANDIDATE,411.8969,6.203,502.8,2.61,1.43,279.0,0.4026,8.5,6362.0,4.408,1.144,14.452
K05031.01,FALSE POSITIVE,34.33339948,2.45,,,,,,,,,,12.152
K05032.01,FALSE POSITIVE,1.389947459,1.193,1213.8,3.39,1816.13,1665.0,0.437,136.4,5999.0,4.461,0.95,14.293
K05033.01,CANDIDATE,127.671711,2.637,450.1,5.52,17.13,519.0,0.2999,8.0,4985.0,3.534,2.633,13.832
K05034.01,FALSE POSITIVE,282.5363563,10.3088,29233.2,70.53,3.98,360.0,1.227,854.1,6401.0,4.175,1.41,13.252
K05035.01,CANDIDATE,115.23145073,2.01,,,,,,,,,,15.879
K05036.01,FALSE POSITIVE,289.490952,3.91,773.0,2.87,1.66,290.0,0.1458,6.6,5978.0,4.408,1.032,15.14
K05037.01,CANDIDATE,349.58811,5.052,373.3,134.79,787.87,1351.0,0.1899,11.6,3860.0,0.949,74.32,12.989
K05156.01,CANDIDATE,1.680254289,12.585,51633.0,30.88,3753.6,1996.0,0.7314,178.7,6423.0,4.121,1.246,12.075
K05157.01,FALSE POSITIVE,0.782068488,1.239,115.7,21.02,343029.57,6169.0,0.279,4.1,4475.0,2.113,20.237,11.378
K05158.01,CANDIDATE,151.13008,3.49,358.0,4.41,26.4,578.0,0.0529,4.6,6768.0,3.844,2.302,11.867
K05159.01,FALSE POSITIVE,440.65087204,4.07,,,,,,,,,,14.95
K05160.01,CANDIDATE,258.63797782,7.11,,,,,,,,,,15.594
K05161.01,FALSE POSITIVE,289.76961138,3.19,,,,,,,,,,12.714
K05162.01,CANDIDATE,628.15844,12.144,502.3,0.95,0.03,101.0,0.2733,14.7,3697.0,4.829,0.423,13.347
K05163.01,FALSE POSITIVE,273.223848,3.787,469.9,8.0,9.87,452.0,0.0763,10.6,5079.0,3.439,3.792,12.741
K05280.01,FALSE POSITIVE,0.650701055,0.89164,371061.0,281.62,370319.14,6285.0,0.4,234.3,10921.0,3.811,3.701,17.037
K05281.01,CANDIDATE,263.90141,4.303,807.1,23.91,23.6,562.0,0.9585,11.0,5094.0,3.126,6.247,13.485
K05282.01,FALSE POSITIVE,59.742966,6.78,284.9,16.91,273.48,1037.0,0.9694,8.6,5059.0,2.871,7.322,13.084
K05283.01,CANDIDATE,18.7821603,5.573,77.2,0.83,50.97,681.0,0.1986,9.8,5919.0,4.488,0.94,14.043
K05284.01,CANDIDATE,389.316341,5.49,2599.8,27.61,0.86,245.0,1.202,34.7,5731.0,4.44,0.958,14.57
K05285.01,FALSE POSITIVE,405.32064,7.77,561.7,1.34,0.18,166.0,0.2964,6.2,4694.0,4.68,0.574,14.955
K05286.01,FALSE POSITIVE,342.830882,3.826,450.7,10.76,18.68,530.0,0.0886,12.0,4994.0,2.92,5.205,12.739
K05287.01,CANDIDATE,3.98916186,1.913,318.0,28.1,27838.74,3293.0,0.08,16.3,4998.0,2.524,16.187,13.56
K03494.01,CONFIRMED,42.8774169,1.991,1068.8,2.67,9.8,451.0,0.02,14.8,5256.0,4.483,0.832,15.654
K03508.01,CANDIDATE,190.800788,8.082,287.6,1.67,2.51,321.0,0.066,13.0,5993.0,4.489,0.986,14.322
K03509.01,FALSE POSITIVE,2.97601892,5.5,306.1,164.46,14524.05,2799.0,1.176,35.3,5140.0,2.955,7.746,13.799
K03781.01,FALSE POSITIVE,2.882424694,25.91,67298.0,399.44,17023.71,2912.0,1.051,416.2,4705.0,2.667,8.058,12.812
K03791.02,CONFIRMED,220.142913,19.528,1796.4,5.94,5.4,389.0,0.023,121.2,6340.0,4.163,1.393,13.771
K04920.01,FALSE POSITIVE,473.95103,11.778,330.6,3.32,3.21,341.0,0.1671,9.6,6513.0,4.02,1.81,13.978
K05038.01,FALSE POSITIVE,0.534109403,0.9513,78.3,2.28,217941.01,5513.0,0.476,37.0,10747.0,4.1,2.432,12.314
K05039.01,FALSE POSITIVE,168.77118,2.263,2045.0,2825.04,0.93,251.0,36.9452,5.5,4936.0,4.597,0.719,15.941
K05040.01,CANDIDATE,29.6094263,2.71,224.9,2.87,91.56,789.0,0.719,10.8,6079.0,4.059,1.783,14.385
K05041.01,FALSE POSITIVE,22.9138322,4.855,340.3,30.24,89.68,785.0,1.189,8.0,6154.0,4.201,1.334,13.757
K05042.01,FALSE POSITIVE,538.36855,19.26,545.5,2.37,0.74,237.0,0.0671,7.0,6148.0,4.461,1.015,15.674
K05043.01,FALSE POSITIVE,65.5327181,2.256,373.4,1.79,8.61,437.0,0.3023,5.9,5755.0,4.48,0.923,15.319
K05044.01,CANDIDATE,161.537665,2.65,101.8,1.37,6.04,400.0,0.2175,5.9,6033.0,4.218,1.358,12.426
K05045.01,FALSE POSITIVE,1.018360336,7.622,393969.0,107.0,6627.64,2302.0,0.553,967.4,6160.0,4.144,1.463,14.299
K05164.01,CANDIDATE,209.967521,2.585,120.0,1.16,3.29,344.0,0.2723,7.1,6437.0,4.439,1.042,12.489
K05165.01,CANDIDATE,369.73011,14.27,274.8,1.66,1.34,274.0,0.1236,9.6,6283.0,4.453,0.999,13.976
K05166.01,FALSE POSITIVE,78.04064906,2.15,,,,,,,,,,12.878
K05167.01,FALSE POSITIVE,396.349253,2.685,413.1,2.39,1.73,293.0,0.0384,5.7,6495.0,4.379,1.168,14.795
K05168.01,FALSE POSITIVE,0.502807253,1.01493,4658.7,26.81,2623.68,1825.0,1.2503,240.0,5109.0,4.564,0.715,15.341
K05169.01,CANDIDATE,21.3684341,1.18,492.8,1.72,21.86,551.0,0.063,9.7,5204.0,4.515,0.786,15.47
K05170.01,FALSE POSITIVE,149.526152,3.033,753.0,1.69,0.39,202.0,0.4364,7.6,3978.0,4.642,0.628,15.345
K05171.01,FALSE POSITIVE,2.845736321,11.5703,3127.0,402.16,20649.68,3058.0,1.294,297.8,4878.0,2.745,10.154,12.367
K05288.01,CANDIDATE,29.5632952,1.562,532.8,1.9,18.23,527.0,0.154,10.4,5595.0,4.562,0.828,15.684
K05289.01,CANDIDATE,181.81214,16.164,474.6,2.04,2.6,324.0,0.3694,21.3,6060.0,4.509,0.925,14.94
K05290.01,CANDIDATE,435.50635,34.16,553.8,2.06,0.61,225.0,0.1452,8.2,5750.0,4.538,0.882,15.667
K05291.01,CANDIDATE,525.560452,2.327,1196.0,12.74,3.92,359.0,0.0878,10.9,4954.0,3.408,3.796,13.795
K05292.01,FALSE POSITIVE,43.60012467,1.48,,,,,,,,,,15.385
K05293.01,FALSE POSITIVE,1.710299164,3.92227,157266.0,57.97,1700.05,1638.0,0.878,2291.1,6082.0,4.385,1.006,10.154
K05294.01,FALSE POSITIVE,252.04444,5.13,1502.0,2.49,0.35,196.0,0.1903,6.1,4514.0,4.621,0.664,15.884
K05295.01,FALSE POSITIVE,1.39508873,2.09,,,105390.13,,,,,,,11.809
K04921.01,CANDIDATE,95.688682,6.465,453.8,28.41,283.07,1046.0,0.5497,9.8,5040.0,2.681,13.056,13.933
K04922.01,FALSE POSITIVE,153.521361,3.893,255.2,3.09,13.99,493.0,0.1485,5.7,6233.0,3.951,1.921,13.636
K04923.01,CANDIDATE,38.168652,5.086,90.6,1.4,55.36,696.0,0.0283,8.3,6164.0,4.117,1.465,13.195
K04924.01,FALSE POSITIVE,3.0031801,2.814,374.7,4.7,2630.88,1827.0,0.98,13.9,6606.0,4.071,1.768,14.526
K04925.01,FALSE POSITIVE,2.96384168,5.4768,35652.8,43.7,925.63,1406.0,1.059,607.5,6095.0,4.371,1.158,14.502
K04926.01,CANDIDATE,69.089357,6.207,475.1,1.47,2.87,332.0,0.051,8.6,4848.0,4.581,0.698,15.572
K04927.01,FALSE POSITIVE,43.142257,61.73,283.2,37.88,58.68,706.0,1.179,30.5,6198.0,4.069,1.769,14.756
K04928.01,CONFIRMED,3.290304098,1.7215,13552.6,4.91,20.06,540.0,0.09,220.5,3386.0,4.81,0.427,15.669
K05046.01,CANDIDATE,40.9882124,3.599,145.8,1.44,43.98,657.0,0.2697,11.3,6705.0,4.328,1.174,13.006
K05047.01,FALSE POSITIVE,326.70552,3.36,794.0,2.83,1.61,287.0,0.0826,9.1,6036.0,4.337,0.998,14.703
K05048.01,CANDIDATE,138.333748,2.391,603.6,6.28,13.45,488.0,0.4579,8.4,4948.0,3.588,2.547,13.419
K05049.01,FALSE POSITIVE,343.49816,7.46,431.0,1.27,0.17,164.0,0.3516,7.1,4256.0,4.635,0.624,14.26
K05050.01,FALSE POSITIVE,11.2582311,16.89,300.4,1.24,46.86,667.0,0.115,22.2,5242.0,4.556,0.722,15.902
K05051.01,FALSE POSITIVE,139.54219147,3.42,,,,,,,,,,13.836
K05052.01,FALSE POSITIVE,155.046089,10.205,2238.0,444.08,347.12,1101.0,1.271,36.7,6513.0,2.782,12.613,12.649
K05053.01,FALSE POSITIVE,14.3641542,2.629,89.2,0.98,94.33,795.0,0.2764,6.5,5925.0,4.364,1.033,14.016
K05172.01,FALSE POSITIVE,12.4276185,18.56,147.0,1.14,82.45,768.0,0.303,12.6,5869.0,4.513,0.942,15.79
K05173.01,FALSE POSITIVE,12.427076,17.447,47.5,0.82,135.77,870.0,0.026,25.3,5841.0,4.278,1.193,11.6
K05174.01,CANDIDATE,22.4932751,3.172,152.0,6.04,463.56,1183.0,0.1313,11.2,5186.0,3.273,4.98,11.4
K05175.01,FALSE POSITIVE,315.502534,3.112,689.2,19.71,24.01,565.0,0.02,9.5,4970.0,2.989,7.752,12.974
K05176.01,CANDIDATE,215.732414,1.915,208.2,1.26,1.72,292.0,0.4046,7.3,5790.0,4.479,0.856,13.372
K05177.01,FALSE POSITIVE,276.54167976,7.76,,,,,,,,,,15.999
K05178.01,CONFIRMED,4.13960513,3.31,106.7,1.24,789.48,1352.0,0.344,11.6,6535.0,4.373,1.181,14.275
K05296.01,FALSE POSITIVE,200.79976002,7.6419,92642.0,48.77,2.0,303.0,1.016,930.8,5896.0,4.518,0.916,15.814
K05297.01,CANDIDATE,8.0906952,2.648,82.4,0.8,102.43,811.0,0.151,8.1,5374.0,4.495,0.902,14.441
K05298.01,FALSE POSITIVE,1.195515364,6.08509,396401.0,156.91,11494.67,2640.0,0.475,4630.1,6047.0,3.789,2.264,13.535
K05299.01,FALSE POSITIVE,210.971635,3.578,519.0,2.04,1.75,293.0,0.2091,6.5,5838.0,4.529,0.897,15.106
K05300.01,CANDIDATE,188.954072,14.17,166.5,2.46,11.36,468.0,0.014,10.9,6392.0,3.967,1.899,13.039
K05301.01,FALSE POSITIVE,42.02646,2.553,190.0,1.5,23.47,561.0,0.7156,6.0,6158.0,4.431,1.016,14.519
K05302.01,FALSE POSITIVE,372.04697,14.29,673.4,2.7,1.28,271.0,0.0457,25.2,6173.0,4.447,1.041,14.726
K05303.01,FALSE POSITIVE,438.81524,6.75,332.8,1.36,0.39,202.0,0.108,9.2,5324.0,4.551,0.755,13.589
K04929.01,FALSE POSITIVE,18.622214,4.42,5832.0,20.83,347.32,1101.0,0.792,20.1,6235.0,3.801,2.471,11.347
K04930.01,FALSE POSITIVE,27.8923345,2.204,139.6,2.1,100.41,807.0,0.0465,9.0,5873.0,3.96,1.78,13.373
K04931.01,CANDIDATE,579.81521,5.43,607.0,2.71,0.53,218.0,0.8425,7.9,5822.0,4.449,0.969,14.473
K04932.01,CANDIDATE,19.12788374,2.0,,,,,,,,,,15.892
K04933.01,FALSE POSITIVE,452.10093,12.69,464.0,2.08,0.99,254.0,0.1063,6.2,6276.0,4.456,0.956,15.107
K04934.01,FALSE POSITIVE,0.7906069,3.3996,689.2,17.97,1201.17,1503.0,1.198,133.3,4994.0,4.62,0.72,14.469
K04935.01,FALSE POSITIVE,24.5714867,29.96,506.4,3.04,39.0,637.0,0.978,31.1,5977.0,4.462,0.956,14.924
K04936.01,FALSE POSITIVE,0.681137796,2.7287,105189.0,45.75,3995.23,2025.0,0.968,432.5,5872.0,4.474,0.864,12.545
K05054.01,FALSE POSITIVE,3.722404453,2.5214,55368.0,144.2,323.4,1082.0,2.375,148.9,5747.0,4.542,0.799,15.691
K05055.01,FALSE POSITIVE,230.385488,3.134,568.1,10.13,17.57,522.0,0.2423,9.3,5024.0,3.241,4.331,13.264
K05056.01,FALSE POSITIVE,222.84909312,2.43,,,,,,,,,,14.786
K05057.01,CANDIDATE,493.74242,5.685,506.1,7.15,3.9,358.0,0.2377,12.4,5015.0,3.429,3.243,12.518
K05058.01,FALSE POSITIVE,1.714414962,5.17207,110132.0,116.92,4099.19,2042.0,1.181,6485.8,6351.0,4.126,1.613,13.309
K05059.01,FALSE POSITIVE,646.28789332,5.39144,58605.3,43.47,2.03,304.0,0.004,1107.1,6582.0,4.069,1.777,13.03
K05060.01,FALSE POSITIVE,290.438547,12.85,212.9,1.11,0.72,235.0,0.0916,11.9,5392.0,4.557,0.775,13.064
K05061.01,FALSE POSITIVE,0.766298172,1.78462,19400.9,15.64,5154.54,2163.0,0.813,368.9,6267.0,4.431,0.996,15.581
K05179.01,FALSE POSITIVE,1.049468616,4.848,22.0,0.84,14709.49,2808.0,0.731,22.8,7479.0,4.162,1.667,12.519
K05180.01,FALSE POSITIVE,2.362348096,3.5979,724.7,89.55,4625.06,2104.0,1.219,103.6,5088.0,3.502,3.293,13.99
K05181.01,FALSE POSITIVE,136.830243,2.956,464.3,17.22,80.57,764.0,0.3813,8.4,5096.0,3.007,8.038,13.762
K05182.01,FALSE POSITIVE,103.284757,1.674,78.4,1.96,27.31,583.0,0.6314,5.5,6185.0,3.878,2.101,12.97
K05183.01,FALSE POSITIVE,36.1904638,1.919,263.3,1.69,29.08,592.0,0.2147,6.8,6210.0,4.45,1.033,14.969
K05184.01,FALSE POSITIVE,419.75224,4.154,754.0,2.82,1.03,257.0,0.3316,6.3,6137.0,4.457,1.016,15.691
K05185.01,FALSE POSITIVE,419.95929,13.86,196.2,1.53,1.18,266.0,0.4834,5.9,5953.0,4.314,1.068,14.44
K05304.01,FALSE POSITIVE,206.309658,1.498,277.1,2.36,4.01,361.0,0.8152,8.3,6028.0,4.241,1.267,12.351
K05305.01,FALSE POSITIVE,8.46184728,35.525,411.2,4.92,1233.13,1511.0,0.965,142.4,7663.0,4.087,1.913,12.509
K05306.01,FALSE POSITIVE,681.01756,8.74,133.9,1.69,1.33,274.0,0.362,9.2,6295.0,4.091,1.435,12.119
K05307.01,FALSE POSITIVE,2.19509634,1.796,227.7,1.32,725.21,1324.0,0.173,14.3,5799.0,4.539,0.878,15.933
K05308.01,CANDIDATE,9.942228056,2.45451,31067.9,22.15,70.93,740.0,0.93,1073.3,5268.0,4.475,0.843,14.099
K05309.01,FALSE POSITIVE,141.00582791,3.0,,,,,,,,,,14.941
K05310.01,CANDIDATE,22.2903562,1.623,130.4,1.13,37.67,632.0,0.028,8.1,5597.0,4.418,1.0,13.993
K05311.01,FALSE POSITIVE,73.9239955,1.699,634.0,1.64,2.64,325.0,0.2907,6.1,5040.0,4.652,0.658,15.959
K04937.01,FALSE POSITIVE,1.8437362,21.04,341.1,25.26,1655.74,1628.0,1.189,83.4,6032.0,4.358,1.114,14.615
K04938.01,CANDIDATE,55.180772,9.791,474.6,2.37,18.79,531.0,0.306,11.5,6306.0,4.426,1.076,15.551
K04939.01,FALSE POSITIVE,281.36926,66.892,12435.0,56.94,15.57,507.0,0.038,135.6,4818.0,3.125,5.303,16.353
K04940.01,CANDIDATE,84.6405853,2.657,784.0,1.72,1.27,271.0,0.2541,8.2,4386.0,4.629,0.63,15.16
K04941.01,FALSE POSITIVE,262.71162,7.72,1449.0,3.69,1.29,272.0,0.019,7.0,5398.0,4.375,0.99,16.546
K04942.01,FALSE POSITIVE,6.0353643,9.211,47.2,1.88,2779.94,1852.0,0.707,23.4,7377.0,3.876,2.552,12.291
K04943.01,CANDIDATE,15.2024426,8.11,834.0,113.97,18026.22,2955.0,0.324,4.0,3984.0,1.461,41.367,13.297
K04944.01,FALSE POSITIVE,1.52327807,3.813,924.2,22.88,33813.44,3461.0,0.026,78.5,4477.0,2.633,7.912,14.161
K05062.01,FALSE POSITIVE,260.31119904,3.23,,,,,,,,,,14.34
K05063.01,FALSE POSITIVE,574.37064,11.89,227.6,3.11,3.53,350.0,0.7455,12.0,6749.0,3.905,1.905,12.928
K05064.01,FALSE POSITIVE,253.87706,11.18,265.6,1.81,2.95,334.0,0.3892,5.7,6553.0,4.41,1.086,12.724
K05065.01,FALSE POSITIVE,523.36921,1.007,9918.0,17.45,0.78,240.0,1.0046,8.4,6397.0,4.508,0.913,15.577
K05066.01,CANDIDATE,110.089267,1.575,1018.0,2.4,2.54,322.0,0.2852,5.6,5465.0,4.6,0.75,15.792
K05067.01,CANDIDATE,219.931324,4.818,641.0,2.3,1.43,279.0,0.307,7.1,5557.0,4.5,0.912,14.254
K05068.01,CANDIDATE,385.29212,19.417,218.5,1.57,1.68,290.0,0.0118,15.1,6440.0,4.355,1.053,13.086
K05186.01,FALSE POSITIVE,80.292171,1.936,158.6,1.33,10.49,459.0,0.0606,6.0,6188.0,4.42,1.049,13.462
K05187.01,FALSE POSITIVE,1.049406508,3.0072,447.5,27.45,137177.82,4913.0,0.112,61.3,4745.0,2.425,13.417,12.387
K05188.01,CANDIDATE,455.195496,3.565,293.6,2.09,1.67,290.0,0.054,8.0,6478.0,4.29,1.209,12.376
K05189.01,FALSE POSITIVE,3.58957045,3.418,1221.2,2.49,131.02,862.0,0.002,53.6,4608.0,4.559,0.746,15.705
K05190.01,FALSE POSITIVE,2.40435325,6.825,349.6,24.16,806.18,1359.0,1.202,23.3,5780.0,4.438,1.0,10.63
K05191.01,FALSE POSITIVE,37.078668,4.403,147.4,0.8,7.27,419.0,0.5101,6.9,5120.0,4.628,0.65,14.617
K05192.01,CANDIDATE,50.55398,6.159,199.7,0.94,4.29,367.0,0.1379,7.9,4895.0,4.609,0.687,14.867
K05193.01,FALSE POSITIVE,228.196872,3.525,145.3,1.42,3.66,353.0,0.5034,6.9,6425.0,4.331,1.138,13.061
K05328.01,FALSE POSITIVE,44.714450094,5.7615,90229.6,50.54,19.09,533.0,1.032,2629.0,6185.0,4.49,0.941,14.965
K05329.01,CANDIDATE,200.2350497,23.612,10812.1,10.99,2.63,325.0,0.674,220.6,6108.0,4.471,0.997,15.392
K05330.01,FALSE POSITIVE,40.8801539,5.472,395.8,0.92,1.17,265.0,0.016,10.0,3746.0,4.775,0.469,15.943
K05331.01,CANDIDATE,31.5034587,3.315,210.6,1.17,13.02,484.0,0.053,8.6,5269.0,4.567,0.823,15.164
K05332.01,CANDIDATE,22.2381062,2.68,104.2,1.09,57.27,702.0,0.288,7.1,6192.0,4.433,1.055,14.296
K05333.01,CANDIDATE,20.5477769,4.634,253.8,1.67,53.65,690.0,0.028,12.1,5922.0,4.429,1.057,15.529
K07855.01,FALSE POSITIVE,25.166806,2.111,1350.0,2.72,12.84,483.0,0.65,7.2,5013.0,4.574,0.704,15.743
K05334.01,FALSE POSITIVE,323.972022,1.25,462.0,2.96,2.11,307.0,0.6528,8.7,6002.0,4.267,1.302,13.683
K05335.01,FALSE POSITIVE,1.752562808,6.1245,368004.0,124.23,3915.22,2018.0,0.545,5494.6,5853.0,3.971,1.795,11.388
K04945.01,FALSE POSITIVE,45.5827119,3.193,76.5,2.42,198.31,957.0,0.253,9.6,7266.0,3.828,2.715,12.661
K04946.01,FALSE POSITIVE,1.89140138,9.52,557.6,25.67,849.6,1377.0,1.222,12.4,5504.0,4.466,0.952,17.159
K04947.01,FALSE POSITIVE,6.70258007,4.632,859.0,403.01,11398.6,2635.0,1.237,23.0,4799.0,2.475,13.652,13.25
K04948.01,FALSE POSITIVE,6.2095391,2.752,47.9,30.47,104479.02,4585.0,0.308,8.3,3861.0,1.06,46.169,11.989
K07856.01,FALSE POSITIVE,363.17077,28.26,384.6,9.82,101.64,810.0,0.008,20.9,10134.0,3.579,4.842,13.603
K04949.01,FALSE POSITIVE,615.16033,3.958,267.1,4.48,8.08,430.0,0.1544,5.4,7937.0,3.882,2.711,13.503
K04950.01,FALSE POSITIVE,1.89124738,4.697,410.0,1.2,225.34,989.0,0.452,17.4,4615.0,4.66,0.589,16.341
K04951.01,FALSE POSITIVE,1.89125883,4.656,274.5,23.6,95092.9,4480.0,0.013,15.3,4449.0,2.031,14.894,13.982
K05069.01,FALSE POSITIVE,362.1273,6.719,1098.0,1.68,0.07,132.0,0.0924,6.5,3734.0,4.74,0.513,15.84
K05070.01,FALSE POSITIVE,353.36705,3.279,34.1,2.6,57.03,701.0,0.2481,7.0,8892.0,3.592,4.35,9.725
K05071.01,CANDIDATE,180.4118581,3.29,4268.0,8.86,2.77,329.0,0.953,33.2,6032.0,4.485,0.973,15.656
K05072.01,FALSE POSITIVE,4.750256809,1.9278,395.1,12.35,4504.96,2090.0,0.727,42.7,5161.0,3.192,5.753,11.54
K05073.01,FALSE POSITIVE,623.005238,23.5615,140332.0,66.64,0.64,229.0,0.895,2386.6,5689.0,4.299,1.207,14.023
K05074.01,FALSE POSITIVE,45.41810604,5.3,,,,,,,,,,14.022
K05075.01,FALSE POSITIVE,1.878877205,5.8768,104026.0,109.55,9554.79,2523.0,1.005,525.4,7542.0,4.036,1.999,12.725
K05076.01,FALSE POSITIVE,0.938857507,3.98767,12960.3,1148.7,526061.85,6867.0,1.217,962.6,4217.0,1.656,27.676,10.147
K05194.01,FALSE POSITIVE,287.46579664,9.06,,,,,,,,,,13.695
K05195.01,FALSE POSITIVE,32.245486,13.86,93.6,1.18,51.39,683.0,0.2216,10.0,6197.0,4.242,1.208,9.931
K05196.01,CANDIDATE,392.47291,7.867,345.6,5.46,9.04,442.0,0.761,12.2,6626.0,3.728,2.704,12.361
K05197.01,FALSE POSITIVE,142.20400109,3.0,,,,,,,,,,13.854
K05198.01,FALSE POSITIVE,149.237142,2.503,772.0,2.22,1.89,299.0,0.0847,6.9,5492.0,4.576,0.812,15.683
K05199.01,FALSE POSITIVE,501.51698,3.809,487.0,1.99,0.59,224.0,0.0768,6.9,5796.0,4.466,0.906,14.768
K05200.01,FALSE POSITIVE,357.77096,12.999,216.3,1.42,0.9,249.0,0.1056,9.7,5523.0,4.395,0.981,14.161
K05201.01,FALSE POSITIVE,531.33282,3.702,669.0,2.67,0.77,239.0,0.3099,7.1,6163.0,4.457,1.022,15.191
K05312.01,FALSE POSITIVE,396.048721,16.376,931.8,13.52,4.43,370.0,0.978,39.4,5327.0,3.643,2.882,12.992
K05313.01,FALSE POSITIVE,326.370361,4.526,568.8,22.6,33.84,615.0,0.4924,13.7,5188.0,2.929,9.343,10.963
K05314.01,FALSE POSITIVE,148.666527,4.353,319.4,6.81,23.08,559.0,0.2782,8.6,5155.0,3.462,3.87,13.697
K05315.01,FALSE POSITIVE,163.104677,2.129,576.0,2.58,3.06,337.0,0.575,6.0,5766.0,4.418,1.04,15.201
K05316.01,FALSE POSITIVE,1.10656965,1.669,86.4,1.09,3696.18,1988.0,0.263,8.4,6237.0,4.387,1.165,14.582
K05317.01,FALSE POSITIVE,46.270524872,8.93033,66244.1,35.98,25.29,572.0,0.859,4607.4,6357.0,4.405,1.072,13.529
K05318.01,FALSE POSITIVE,13.4256161,11.781,142.3,1.66,224.45,987.0,0.5971,12.5,6686.0,4.283,1.332,13.05
K05319.01,FALSE POSITIVE,590.44065,7.55,125.7,1.62,1.7,291.0,0.2858,6.9,6782.0,4.243,1.417,12.773
K04952.01,FALSE POSITIVE,28.88008607,1.35,,,,,,,,,,15.363
K04953.01,FALSE POSITIVE,2.858879267,2.3753,644.5,515.07,41379.77,3638.0,1.262,37.1,4893.0,2.501,16.274,12.529
K04954.01,FALSE POSITIVE,241.647602,1.742,361.7,1.88,1.92,300.0,0.0404,5.6,5962.0,4.445,0.989,13.586
K04955.01,FALSE POSITIVE,528.07962334,3.49,,,,,,,,,,15.09
K04956.01,FALSE POSITIVE,25.2218929,14.84,,,101.29,,,,,,,11.941
K04957.01,FALSE POSITIVE,105.52127462,2.52,,,,,,,,,,15.555
K04958.01,CANDIDATE,581.729006,6.647,186.7,2.74,2.12,308.0,0.2236,8.6,5765.0,3.837,2.005,12.362
K04959.01,FALSE POSITIVE,420.92920358,17.3985,86013.1,62.76,1.74,293.0,1.033,1740.2,6461.0,4.319,1.197,13.858
K05077.01,FALSE POSITIVE,393.946106,6.012,747.5,18.07,8.83,440.0,0.9691,10.9,4888.0,3.18,4.622,12.768
K05078.01,FALSE POSITIVE,194.896925,2.504,557.4,8.98,25.77,575.0,0.5298,8.8,5269.0,3.193,3.706,13.562
K05079.01,CANDIDATE,56.001782,1.706,125.2,1.54,27.51,584.0,0.5045,7.2,6116.0,4.178,1.332,13.228
K05080.01,FALSE POSITIVE,471.95076253,5.03,,,,,,,,,,14.817
K05081.01,FALSE POSITIVE,101.928291,2.171,243.5,1.7,5.55,391.0,0.1628,6.3,5489.0,4.339,1.11,14.353
K05082.01,FALSE POSITIVE,379.63135,16.78,1036.2,1.67,0.19,168.0,0.1257,13.8,4847.0,4.755,0.527,15.37
K05083.01,CANDIDATE,69.932459,2.03,264.4,8.25,102.62,812.0,0.0356,8.4,5207.0,3.298,5.183,13.809
K05084.01,CONFIRMED,287.377314,18.821,4376.9,11.67,3.56,350.0,0.015,60.4,5548.0,3.964,1.793,15.756
K05202.01,CANDIDATE,535.93723,11.85,337.2,1.83,0.63,227.0,0.5968,8.8,6014.0,4.494,0.958,14.679
K05203.01,FALSE POSITIVE,367.72767,3.104,926.0,1.96,0.27,184.0,0.2729,5.8,4869.0,4.648,0.657,15.171
K05204.01,FALSE POSITIVE,4.20601251,6.82,106.7,0.82,239.82,1004.0,0.304,10.7,5514.0,4.518,0.79,15.454
K05205.01,CANDIDATE,313.051405,10.969,594.9,2.91,2.2,310.0,0.2093,39.5,6218.0,4.322,1.185,12.842
K05206.01,FALSE POSITIVE,4.18236124,6.70175,193983.0,69.37,680.56,1303.0,0.809,2666.0,6188.0,4.314,1.166,14.74
K05207.01,CANDIDATE,18.9828305,6.303,49.1,0.72,59.15,707.0,0.021,9.6,5962.0,4.443,1.035,13.048
K05208.01,FALSE POSITIVE,186.59466,16.57,685.0,2.66,3.07,338.0,0.1328,8.8,6163.0,4.461,1.013,15.899
K05209.01,FALSE POSITIVE,7.87173698,2.619,34.7,0.54,130.96,862.0,0.001,10.8,5428.0,4.404,0.94,11.237
K05320.01,CANDIDATE,357.437578,15.903,272.3,3.13,7.53,422.0,0.1427,13.6,7610.0,4.127,1.862,13.723
K05321.01,CANDIDATE,215.634356,15.097,148.0,1.92,6.28,404.0,0.002,12.3,6163.0,4.06,1.568,13.793
K05322.01,CANDIDATE,30.928898,3.436,203.3,8.1,288.95,1051.0,0.7846,8.5,5029.0,3.237,5.127,13.907
K05323.01,FALSE POSITIVE,7.155547398,4.5711,2568.8,48.93,4166.27,2049.0,0.883,124.6,4992.0,2.947,8.052,13.672
K05324.01,CANDIDATE,293.392635,3.661,518.8,6.84,7.93,428.0,0.1322,9.9,5203.0,3.489,3.055,13.705
K05325.01,FALSE POSITIVE,63.024229,5.77,294.6,1.5,7.66,424.0,0.0223,6.1,5691.0,4.544,0.887,15.705
K05326.01,FALSE POSITIVE,506.771836,10.535,195.2,1.8,1.35,275.0,0.1643,15.0,6035.0,4.177,1.283,12.588
K05327.01,CANDIDATE,5.43361347,1.0338,1421.0,2.09,21.27,548.0,0.234,17.9,3694.0,4.686,0.566,15.808
K04960.01,CANDIDATE,47.82278681,1.19,,,,,,,,,,14.395
K04961.01,CANDIDATE,348.96347,13.84,585.2,2.04,0.36,198.0,0.6924,11.8,4823.0,4.564,0.792,15.325
K04962.01,FALSE POSITIVE,57.1143966,2.182,268.8,1.82,17.64,523.0,0.1765,5.9,6136.0,4.378,1.106,14.245
K04963.01,CANDIDATE,59.4037839,10.041,123.5,1.65,24.93,570.0,0.94,17.0,6373.0,4.256,1.209,11.679
K04964.01,FALSE POSITIVE,485.91276,2.42,1368.0,3.61,0.66,230.0,0.598,7.0,5957.0,4.506,0.937,15.645
K04965.01,FALSE POSITIVE,20.5311708,5.67,284.6,1.39,24.52,568.0,0.547,9.8,5398.0,4.58,0.805,15.673
K04966.01,FALSE POSITIVE,2.31164074,2.317,488.7,39.73,65140.27,4074.0,0.252,24.6,4883.0,2.439,18.427,13.041
K04967.01,CANDIDATE,43.581043,6.883,348.7,1.94,22.89,558.0,0.277,8.7,6225.0,4.45,1.031,15.63
K05085.01,CANDIDATE,327.063,8.06,1006.0,2.82,0.89,248.0,0.3983,8.8,5750.0,4.538,0.882,15.941
K05086.01,FALSE POSITIVE,21.92866538,9.7526,22178.4,65.97,220.41,983.0,0.931,664.6,5001.0,3.469,3.028,10.946
K05087.01,CANDIDATE,651.07431,5.603,153.7,1.55,0.71,234.0,0.0343,7.1,5696.0,4.218,1.261,12.524
K05088.01,CANDIDATE,49.1782244,5.8,449.0,1.79,11.32,468.0,0.315,9.4,5674.0,4.473,0.839,15.527
K05089.01,FALSE POSITIVE,545.54618,6.944,177.7,2.01,1.82,296.0,0.4307,9.0,6432.0,4.145,1.476,11.577
K05090.01,FALSE POSITIVE,1.928420823,3.8253,191238.0,79.4,2960.96,1882.0,0.818,438.3,6615.0,4.257,1.326,15.175
K05091.01,FALSE POSITIVE,328.84846,5.45,901.0,2.23,0.54,219.0,0.5355,6.0,5382.0,4.603,0.724,15.876
K05092.01,CANDIDATE,271.790292,2.944,318.4,2.38,3.72,354.0,0.0142,8.1,6484.0,4.258,1.32,13.887
K05210.01,FALSE POSITIVE,125.95781975,8.63,,,,,,,,,,15.184
K05211.01,CANDIDATE,3.5645249,2.062,53.9,0.6,265.37,1029.0,0.188,8.0,5435.0,4.578,0.824,12.936
K05212.01,FALSE POSITIVE,426.34444,14.139,90.2,1.33,2.29,314.0,0.032,9.7,6395.0,4.17,1.394,12.254
K05213.01,CANDIDATE,48.2455501,1.375,60.5,0.64,9.61,449.0,0.3106,5.0,5441.0,4.481,0.827,12.429
K05214.01,FALSE POSITIVE,256.846143,6.289,1706.0,46743.4,15.52,506.0,99.85,14.9,5208.0,3.321,4.329,13.93
K05215.01,FALSE POSITIVE,146.931518,23.78,257.0,2.89,5.78,395.0,0.99,19.3,6237.0,4.338,1.135,13.986
K05216.01,CANDIDATE,377.311149,3.33,804.0,2.56,0.83,243.0,0.3818,8.3,5897.0,4.531,0.891,15.495
K05336.01,CANDIDATE,265.741374,18.078,273.4,3.24,6.9,413.0,0.652,21.6,6537.0,4.044,1.859,13.491
K05337.01,CANDIDATE,470.65357,3.458,985.0,2.99,0.75,238.0,0.1585,8.3,6039.0,4.493,0.951,15.07
K05338.01,FALSE POSITIVE,309.19347,23.51,1445.0,3.07,0.73,236.0,0.1186,6.5,5504.0,4.572,0.819,15.68
K05339.01,FALSE POSITIVE,1.541530919,4.8691,213262.0,115.49,12320.99,2689.0,0.759,601.5,7631.0,4.059,1.937,15.348
K05340.01,FALSE POSITIVE,122.713036,3.999,290.7,1.79,5.66,393.0,0.5737,6.5,6244.0,4.46,1.009,15.158
K05341.01,CANDIDATE,15.18575582,0.633,256.7,2.26,170.46,922.0,0.474,11.8,6311.0,4.207,1.339,12.493
K05342.01,FALSE POSITIVE,25.50236699,1.8,,,,,,,,,,15.292
K05343.01,FALSE POSITIVE,290.625016,4.411,147.6,2.86,4.67,375.0,0.0854,10.3,5195.0,3.735,2.409,11.098
K04968.01,FALSE POSITIVE,2.945414866,2.702,968.7,38.32,36765.85,3531.0,0.002,47.5,4403.0,2.178,12.927,11.557
K04969.01,CANDIDATE,59.14382117,1.74,,,,,,,,,,13.815
K04970.01,FALSE POSITIVE,232.822285,0.99,22617.0,48.88,2.05,305.0,1.2469,8.8,6106.0,4.487,0.966,13.122
K04971.01,FALSE POSITIVE,146.355097,5.034,820.0,0.82,0.08,135.0,0.0515,6.0,3401.0,4.964,0.29,15.913
K04972.01,CANDIDATE,26.092284,6.623,122.4,1.35,62.57,717.0,0.068,12.2,6346.0,4.362,1.214,13.98
K04973.01,FALSE POSITIVE,0.523493764,0.9015,54.0,1.82,38110.61,3565.0,0.083,23.5,6122.0,3.791,2.455,13.085
K04974.01,FALSE POSITIVE,514.14221,4.153,1491.0,2.98,0.36,198.0,0.1024,5.8,5524.0,4.579,0.78,15.773
K04975.01,CANDIDATE,47.0628978,1.545,1647.0,4.1,12.9,483.0,0.819,14.5,5838.0,4.529,0.897,15.706
K05093.01,FALSE POSITIVE,26.737139497,4.68919,53516.1,29.28,43.59,655.0,0.734,4731.1,5794.0,4.317,1.155,12.688
K05094.01,FALSE POSITIVE,310.61299,2.562,920.0,3.04,1.43,279.0,0.1879,6.5,6063.0,4.47,1.001,15.503
K05095.01,FALSE POSITIVE,461.1417,3.875,382.0,7.1,6.7,410.0,0.0046,9.4,5071.0,3.222,3.698,11.372
K05096.01,FALSE POSITIVE,0.987069622,1.0092,384.8,2.43,5878.09,2232.0,0.2,2.5,6602.0,4.354,1.223,13.114
K05097.01,FALSE POSITIVE,329.71491,12.11,337.0,1.39,0.68,232.0,0.0651,6.0,5576.0,4.56,0.758,14.576
K05098.01,CANDIDATE,100.345648,7.939,372.3,1.57,2.62,325.0,0.54,15.2,5180.0,4.548,0.8,14.855
K05099.01,CANDIDATE,111.187116,3.569,110.8,1.51,8.86,440.0,0.8164,7.3,5806.0,4.168,1.281,12.709
K05100.01,FALSE POSITIVE,1.23708565,5.743,803.8,36.31,5293.07,2174.0,1.222,55.3,6556.0,4.243,1.324,14.462
K05217.01,FALSE POSITIVE,498.24938,8.73,522.6,14.02,8.95,441.0,0.1282,11.8,4949.0,3.136,6.334,12.519
K05218.01,FALSE POSITIVE,1.573020098,15.574,292.2,31.6,4693.57,2113.0,1.184,195.5,6770.0,4.232,1.449,9.616
K05219.01,CANDIDATE,27.765596,19.49,147.6,1.2,31.66,605.0,0.069,14.2,5897.0,4.476,0.999,15.197
K05220.01,FALSE POSITIVE,1.534679933,1.7237,456.6,18.39,38505.56,3570.0,0.108,64.6,4965.0,2.863,8.834,12.224
K05221.01,FALSE POSITIVE,71.59889,10.53,654.0,4.49,40.96,645.0,0.6496,5.7,6637.0,4.014,1.662,10.877
K05222.01,CANDIDATE,367.6758,23.5,699.5,2.77,1.27,271.0,0.0213,14.0,6140.0,4.455,1.048,15.343
K05223.01,CANDIDATE,354.21154,18.594,821.3,8.41,4.12,363.0,0.2007,22.0,4842.0,3.562,3.035,13.682
K05224.01,CANDIDATE,171.028691,11.784,394.2,2.49,4.72,376.0,0.26,13.1,6123.0,4.332,1.252,14.892
K04976.01,CANDIDATE,624.90338,12.169,249.0,2.77,2.48,320.0,0.0703,10.6,7089.0,4.148,1.729,13.62
K04977.01,CANDIDATE,25.5338535,2.076,368.0,1.18,6.66,410.0,0.1577,8.3,4445.0,4.63,0.635,15.573
K04978.01,CANDIDATE,339.18998,5.117,822.0,2.75,0.96,253.0,0.2222,7.6,5544.0,4.402,0.966,15.278
K04979.01,FALSE POSITIVE,77.66967809,3.01,,,,,,,,,,13.528
K04980.01,FALSE POSITIVE,2.976012511,6.52033,449091.0,79.99,1119.89,1476.0,0.444,3630.4,6572.0,4.408,1.08,11.287
K04981.01,CANDIDATE,349.73652,3.428,886.0,2.32,0.52,216.0,0.0074,6.0,5310.0,4.582,0.796,15.466
K04982.01,FALSE POSITIVE,1.606003121,4.88602,402550.0,360.08,30041.73,3359.0,0.496,4679.3,5297.0,2.909,5.059,14.194
K04983.01,FALSE POSITIVE,61.438007,3.861,253.0,14.79,255.93,1020.0,0.754,9.0,5080.0,2.967,8.527,13.213
K05101.01,CANDIDATE,436.18813,11.35,118.0,1.64,2.84,331.0,0.0998,8.7,6499.0,4.084,1.497,13.026
K05102.01,FALSE POSITIVE,147.863607,1.948,560.0,2.03,2.05,305.0,0.2482,6.6,5485.0,4.556,0.867,15.109
K05103.01,FALSE POSITIVE,586.91711807,5.32,,,,,,,,,,15.58
K05104.01,CANDIDATE,21.1579573,4.706,215.9,1.63,51.22,682.0,0.775,10.2,6063.0,4.476,1.012,15.531
K05105.01,FALSE POSITIVE,19.545185,1.597,40.2,0.76,92.09,790.0,0.5474,5.4,6273.0,4.311,1.16,12.091
K05106.01,FALSE POSITIVE,215.044269,3.517,351.1,1.89,2.07,306.0,0.121,8.7,5651.0,4.374,1.02,14.088
K05107.01,CANDIDATE,169.330666,2.6,532.7,16.68,56.11,698.0,0.5518,9.7,5106.0,3.006,7.052,13.743
K05108.01,FALSE POSITIVE,1.174683069,2.5167,356.4,3.06,3076.92,1901.0,0.98,87.5,5974.0,4.332,1.143,14.009
K05225.01,FALSE POSITIVE,33.2948005,2.997,215.7,1.46,30.67,600.0,0.03,6.6,6217.0,4.472,0.989,15.252
K05226.01,CANDIDATE,249.35154,13.76,1637.0,4.42,1.65,289.0,0.2745,8.2,5780.0,4.438,1.0,13.931
K05227.01,CANDIDATE,371.56492,14.736,375.5,1.89,1.06,259.0,0.2626,16.2,5735.0,4.351,0.972,14.058
K05228.01,CANDIDATE,546.53309,16.04,758.0,1.03,0.02,94.0,0.6074,12.3,3434.0,4.892,0.36,15.347
K05229.01,CANDIDATE,364.63189,22.93,302.8,2.06,1.86,298.0,0.4524,13.3,6446.0,4.381,1.155,14.425
K05230.01,CANDIDATE,330.738115,4.998,333.3,4.42,4.7,375.0,0.154,8.7,5458.0,3.755,2.453,13.381
K05231.01,CANDIDATE,78.876125,4.912,472.3,2.03,7.86,427.0,0.2209,8.1,6046.0,4.509,0.927,15.819
K05232.01,FALSE POSITIVE,476.39752,12.13,287.8,1.82,1.09,261.0,0.2293,11.1,6300.0,4.401,1.064,13.71
K04984.01,FALSE POSITIVE,231.364508,4.747,1488.0,2.45,0.4,202.0,0.6598,9.2,4691.0,4.673,0.604,15.267
K04985.01,FALSE POSITIVE,106.779168,1.905,163.0,1.94,22.43,555.0,0.0246,6.3,7158.0,4.21,1.494,12.598
K04986.01,CANDIDATE,444.04257,10.9,417.4,1.48,0.47,211.0,0.062,7.4,5776.0,4.622,0.726,14.795
K04987.01,FALSE POSITIVE,12.5748872,3.549,731.0,1.03,3.49,349.0,0.035,7.8,3552.0,4.867,0.387,14.94
K04988.01,FALSE POSITIVE,484.172005,4.566,518.2,2.38,0.72,235.0,0.3737,11.3,5858.0,4.456,1.04,13.881
K04989.01,FALSE POSITIVE,277.77499,7.07,1078.0,2.48,0.52,216.0,0.6035,9.2,4949.0,4.561,0.73,15.058
K04990.01,FALSE POSITIVE,561.08191,14.94,229.1,1.93,1.0,255.0,0.4298,9.8,6014.0,4.264,1.258,12.602
K04991.01,CANDIDATE,211.330867,4.66,531.0,2.09,1.92,300.0,0.055,7.5,5941.0,4.519,0.911,15.27
K05109.01,FALSE POSITIVE,28.615014,24.74,70.5,1.69,88.66,783.0,0.505,13.5,5562.0,3.925,1.987,14.091
K05110.01,CANDIDATE,105.5904748,2.188,292.4,8.16,47.59,670.0,0.743,9.5,4869.0,3.193,4.383,11.653
K05111.01,FALSE POSITIVE,3.017155419,13.3898,1381.8,38.71,1155.07,1486.0,1.231,223.5,5893.0,4.175,1.302,13.871
K05112.01,FALSE POSITIVE,94.818136,83.31,,,112.85,,,,,,,10.866
K05113.01,FALSE POSITIVE,52.6727624,3.039,248.0,1.64,17.45,521.0,0.1764,6.7,6184.0,4.448,1.038,15.101
K05114.01,FALSE POSITIVE,34.4886903,1.22,59.9,0.71,17.87,524.0,0.5544,6.3,5629.0,4.487,0.886,12.157
K05115.01,FALSE POSITIVE,2.6228301,7.29719,409714.0,70.62,917.98,1403.0,0.488,5312.7,6233.0,4.472,0.988,15.768
K05116.01,FALSE POSITIVE,222.068928,1.938,643.0,29.97,88.22,782.0,0.1522,6.7,5221.0,2.766,12.042,12.552
K05233.01,FALSE POSITIVE,0.56493398,2.4385,2067.0,30.51,5609.14,2206.0,1.26,166.0,5808.0,4.402,0.898,14.784
K05234.01,FALSE POSITIVE,246.12174,18.0,6847.0,7233.87,1.68,291.0,67.193,9.2,5780.0,4.438,1.0,13.671
K05235.01,FALSE POSITIVE,159.05846,10.08,194.3,1.54,4.73,376.0,0.7004,6.3,6365.0,4.411,1.033,12.885
K05236.01,CANDIDATE,550.86514,14.548,346.5,2.06,0.76,238.0,0.027,20.8,5912.0,4.367,1.115,13.093
K05237.01,CANDIDATE,380.39474,10.775,603.0,1.84,0.6,224.0,0.1094,8.6,5772.0,4.608,0.745,15.326
K05238.01,FALSE POSITIVE,419.21314,6.385,2084.0,5.06,0.83,243.0,0.9597,9.6,5780.0,4.438,1.0,11.0
K05239.01,FALSE POSITIVE,350.98474,14.49,600.0,1.97,0.63,228.0,0.0886,10.8,5473.0,4.537,0.816,15.458
K05240.01,FALSE POSITIVE,298.4688,3.748,315.4,11.33,22.32,554.0,0.1765,10.6,5189.0,3.12,6.491,11.454
K04992.01,CANDIDATE,12.5747207,2.896,323.3,1.45,54.46,693.0,0.588,10.5,5654.0,4.59,0.774,15.133
K04993.01,FALSE POSITIVE,43.22793081,1.39,,,,,,,,,,12.654
K04994.01,FALSE POSITIVE,528.10984,18.01,89.8,0.77,0.39,201.0,0.2535,8.4,5618.0,4.566,0.811,12.143
K04995.01,FALSE POSITIVE,63.12379762,1.87,,,,,,,,,,15.008
K04996.01,FALSE POSITIVE,358.54455552,11.46,,,,,,,,,,13.044
K04997.01,FALSE POSITIVE,119.669671,20.67,421.9,2.21,6.88,413.0,0.332,14.2,6382.0,4.432,1.059,15.493
K04998.01,FALSE POSITIVE,598.31791,16.07,283.2,1.27,0.21,173.0,0.5712,8.3,5216.0,4.613,0.735,14.415
K05117.01,CANDIDATE,33.3726538,3.663,618.4,1.95,13.7,491.0,0.038,10.1,5504.0,4.583,0.796,15.986
K05118.01,FALSE POSITIVE,18.40783671,1.55,,,,,,,,,,14.628
K05119.01,CANDIDATE,143.163697,4.854,390.3,20.03,71.41,741.0,0.9527,12.9,5145.0,3.05,7.653,12.644
K05120.01,FALSE POSITIVE,250.4858,12.72,674.6,2.1,0.86,246.0,0.3157,13.2,5377.0,4.581,0.814,15.433
K05121.01,FALSE POSITIVE,401.38712,32.21,166.2,2.04,1.98,303.0,0.666,18.6,5858.0,4.12,1.498,12.616
K05122.01,FALSE POSITIVE,49.312677,4.057,1713.0,2.84,3.22,342.0,0.5998,6.6,4541.0,4.608,0.666,16.609
K05123.01,FALSE POSITIVE,288.94276,11.43,160.6,1.05,1.16,265.0,0.2515,6.7,5786.0,4.463,0.827,14.242
K05241.01,FALSE POSITIVE,273.6857427,8.3881,15350.5,37.15,4.27,367.0,1.006,202.3,6033.0,4.071,1.65,15.233
K05242.01,FALSE POSITIVE,28.1117095,1.689,119.4,1.19,30.39,599.0,0.1158,6.5,5780.0,4.438,1.0,13.855
K05243.01,FALSE POSITIVE,17.745456135,4.0678,80258.0,116.14,353.47,1106.0,1.049,272.2,6337.0,3.826,2.216,12.366
K05244.01,FALSE POSITIVE,603.3102,8.025,517.9,2.6,0.92,250.0,0.3142,11.9,6446.0,4.391,1.125,13.911
K05245.01,CONFIRMED,7.20281185,2.8305,1832.6,3.06,93.79,794.0,0.028,49.4,5388.0,4.56,0.717,13.028
K05246.01,FALSE POSITIVE,36.4772788,2.092,463.0,1.65,7.89,427.0,0.5298,5.8,4910.0,4.545,0.755,15.846
K05247.01,CANDIDATE,282.0309,14.69,782.0,3.22,2.32,315.0,0.3315,11.8,6343.0,4.411,1.137,14.81
K05248.01,CANDIDATE,179.25465,22.35,272.4,1.35,1.94,301.0,0.1755,9.9,5692.0,4.496,0.82,15.142
K04999.01,CANDIDATE,65.752109,6.854,382.5,2.0,10.36,458.0,0.109,9.9,5816.0,4.432,1.03,15.478
K05000.01,FALSE POSITIVE,249.61377295,3.2,,,,,,,,,,15.368
K05001.01,CANDIDATE,59.9655175,1.89,310.1,1.92,12.67,481.0,0.0853,5.5,5729.0,4.372,1.105,14.647
K05002.01,FALSE POSITIVE,399.49671,5.351,139.3,1.39,1.59,286.0,0.0814,6.9,6224.0,4.321,1.177,12.796
K05003.01,CANDIDATE,112.951287,4.284,555.6,15.19,88.86,783.0,0.3936,7.3,5215.0,3.073,6.428,13.446
K05004.01,CANDIDATE,103.363691,6.012,359.1,2.0,5.19,385.0,0.5904,9.4,5762.0,4.461,1.022,14.505
K05005.01,FALSE POSITIVE,251.958533,4.742,204.1,1.4,1.69,291.0,0.005,15.3,5870.0,4.449,0.985,12.289
K05124.01,CANDIDATE,276.879492,3.779,1762.0,11.67,1.08,260.0,1.045,10.4,5324.0,4.396,0.966,15.772
K05125.01,FALSE POSITIVE,389.169027,3.759,513.3,15.36,17.15,519.0,0.2117,7.7,5075.0,3.031,6.918,13.443
K05126.01,CANDIDATE,418.04355,10.777,481.6,13.73,10.83,463.0,0.8391,10.8,5110.0,3.184,5.469,13.637
K05127.01,FALSE POSITIVE,18.78970984,4.13997,40789.1,44.01,75.6,752.0,1.172,488.7,6477.0,4.439,0.884,15.115
K05128.01,FALSE POSITIVE,0.915782856,2.24,301.0,32.86,6663.73,2307.0,1.209,7.7,6318.0,4.256,1.333,13.806
K05129.01,FALSE POSITIVE,0.66882716,1.069,68.2,124.42,7165673.12,13184.0,0.514,6.2,3711.0,0.652,150.091,11.598
K05130.01,CANDIDATE,370.05918,11.86,669.8,1.9,0.43,206.0,0.0166,8.6,5228.0,4.592,0.751,15.612
K05131.01,FALSE POSITIVE,43.5428781,3.6768,5447.0,17.47,53.04,688.0,0.984,52.1,6669.0,4.224,1.427,15.223
K05249.01,CANDIDATE,19.4534296,4.873,149.0,1.25,72.59,744.0,0.046,9.8,6372.0,4.453,1.015,14.518
K05250.01,FALSE POSITIVE,3.72273683,8.552,37.8,0.52,350.89,1104.0,0.52,14.7,5898.0,4.567,0.819,13.945
K05251.01,FALSE POSITIVE,3.7229369,10.57,65.2,0.46,28.81,591.0,0.896,18.6,3724.0,4.767,0.48,14.541
K05252.01,FALSE POSITIVE,1.80455062,2.166,39.7,0.65,1457.85,1577.0,0.348,12.5,6006.0,4.41,1.019,13.73
K05253.01,FALSE POSITIVE,10.1955065,2.447,221.4,1.02,45.18,661.0,0.5396,7.0,5182.0,4.601,0.666,15.05
K05254.01,CANDIDATE,232.916142,7.037,64.8,1.2,4.02,361.0,0.2313,8.5,5807.0,4.108,1.496,10.926
K05255.01,FALSE POSITIVE,3.66115536,14.807,34.3,0.81,1093.71,1466.0,0.676,27.8,6356.0,4.241,1.308,13.164
K00701.04,CONFIRMED,267.282521,7.788,471.9,1.43,0.44,207.0,0.378,19.3,4926.0,4.653,0.662,13.725
K02045.03,CONFIRMED,16.9348104,3.408,346.3,1.31,15.77,508.0,0.471,11.5,4650.0,4.589,0.706,15.549
K02150.02,CANDIDATE,44.7055876,6.262,471.8,72.59,15.83,509.0,1.692,12.0,5942.0,4.506,0.938,15.253
K02422.02,CANDIDATE,57.3888262,3.543,344.4,1.88,6.41,406.0,0.876,11.9,5242.0,4.512,0.856,14.803
K05006.01,CANDIDATE,126.51457638,2.15,,,,,,,,,,12.5
K05007.01,CANDIDATE,14.5168151,5.796,86.0,1.82,265.78,1030.0,0.607,11.7,5934.0,3.945,1.885,13.698
K05008.01,FALSE POSITIVE,225.43420422,13.02,,,,,,,,,,15.166
K05009.01,CANDIDATE,359.98653,3.866,671.0,1.76,0.38,200.0,0.3719,5.6,5171.0,4.626,0.677,15.155
K05010.01,FALSE POSITIVE,1.540399732,1.63,57.6,0.58,700.19,1312.0,0.106,14.8,5160.0,4.518,0.784,13.328
K05011.01,FALSE POSITIVE,1.540389045,1.8325,485.7,32.54,86889.72,4379.0,0.136,48.6,4964.0,2.562,15.155,13.561
K05012.01,FALSE POSITIVE,1.540393027,1.75,526.2,2.17,1200.85,1502.0,0.343,72.1,5466.0,4.396,0.946,14.844
K05013.01,FALSE POSITIVE,0.888045184,2.1961,90.6,2.04,15984.12,2870.0,0.491,26.6,6316.0,3.908,2.087,12.807
K05132.01,FALSE POSITIVE,43.9311596,12.9395,9304.4,58.37,156.74,902.0,0.855,1070.3,4888.0,3.257,5.132,12.776
K05133.01,FALSE POSITIVE,494.62409,8.36,307.0,1.04,0.11,145.0,0.4064,6.0,4302.0,4.647,0.604,14.205
K05134.01,CANDIDATE,573.23826,2.641,470.1,6.93,3.09,338.0,0.0078,6.8,5172.0,3.534,3.264,13.815
K05135.01,CANDIDATE,314.765374,3.325,732.0,2.0,0.53,217.0,0.158,7.5,5228.0,4.6,0.755,15.578
K05136.01,FALSE POSITIVE,110.75214125,2.09,,,,,,,,,,12.372
K05137.01,FALSE POSITIVE,121.1825045,2.97,,,,,,,,,,13.476
K05138.01,FALSE POSITIVE,78.60436061,4.65559,78104.0,34.8,8.68,438.0,0.828,2384.6,5938.0,4.427,0.985,14.08
K05139.01,FALSE POSITIVE,294.202469,2.36,248.2,2.61,6.09,401.0,0.0219,5.2,6897.0,4.121,1.635,11.733
K05256.01,FALSE POSITIVE,588.10504,15.474,326.6,1.77,0.67,231.0,0.3168,11.0,6214.0,4.457,0.965,14.514
K05257.01,FALSE POSITIVE,116.170346,2.656,435.2,1.68,2.49,320.0,0.6637,6.0,5510.0,4.594,0.762,15.232
K05258.01,FALSE POSITIVE,452.30053,5.918,809.0,2.29,0.37,199.0,0.6613,7.7,5396.0,4.599,0.766,15.494
K05259.01,FALSE POSITIVE,39.5931053,2.306,156.6,1.22,21.06,546.0,0.0044,5.7,6046.0,4.486,0.972,13.804
K05260.01,FALSE POSITIVE,1.55935718,2.892,49.7,1.39,7676.02,2389.0,0.568,17.9,6475.0,3.921,1.9,13.357
K05261.01,FALSE POSITIVE,100.629443,1.708,355.7,1.75,6.84,412.0,0.0726,4.7,6351.0,4.513,0.921,15.08
K05262.01,CANDIDATE,438.98396,9.62,745.2,32.58,30.43,599.0,0.546,14.0,5053.0,2.77,11.706,12.356
K05263.01,FALSE POSITIVE,273.169948,2.701,283.3,2.8,4.08,362.0,0.3259,6.2,5880.0,4.035,1.65,13.831
K02473.03,CONFIRMED,14.5123622,4.163,355.8,2.08,38.6,636.0,0.927,11.8,5094.0,4.469,0.87,15.77
K03156.02,FALSE POSITIVE,1.434200327,5.968,3097.3,44.76,7985.65,2410.0,1.208,39.1,6911.0,4.038,1.501,7.899
K03156.03,FALSE POSITIVE,8.653098686,3.9071,60715.0,77.15,725.95,1324.0,1.11,262.6,6911.0,4.038,1.501,7.899
K03175.01,FALSE POSITIVE,2.302365255,23.88,62160.0,63.06,1429.81,1568.0,1.1,468.4,5948.0,4.269,1.229,10.691
K07857.01,FALSE POSITIVE,0.575445783,0.8463,29.3,1.3,34528.16,3478.0,0.144,3.2,6215.0,3.802,2.396,13.022
K03244.01,FALSE POSITIVE,214.715417,34.146,5211.2,71.79,31.0,602.0,0.981,161.3,5022.0,3.06,5.826,12.391
K03272.01,FALSE POSITIVE,23.0295222,7.96,548.2,20.81,40.87,645.0,1.173,27.7,5877.0,4.445,0.959,14.802
K05014.01,FALSE POSITIVE,359.04147,14.04,3658.0,27.1,0.25,181.0,1.28,11.2,4596.0,4.59,0.696,14.96
K05015.01,FALSE POSITIVE,0.52363021,3.45121,367102.0,52.26,3324.98,1940.0,0.549,1948.2,5407.0,4.535,0.745,13.901
K05016.01,FALSE POSITIVE,0.523632451,1.99,8.1,1.08,188657.97,5313.0,0.738,13.9,8277.0,3.693,3.518,10.061
K05017.01,FALSE POSITIVE,492.25299,5.077,372.7,1.8,0.59,224.0,0.226,11.6,5755.0,4.478,0.936,13.465
K05018.01,FALSE POSITIVE,293.5056071,3.4075,6824.0,48.59,1.16,265.0,1.341,51.0,5455.0,4.381,1.006,15.184
K05019.01,FALSE POSITIVE,25.95247,12.945,80.8,1.56,189.06,946.0,0.4398,16.4,7351.0,4.17,1.679,13.357
K05020.01,FALSE POSITIVE,4.34573349,2.246,73.5,0.86,415.52,1151.0,0.512,9.7,5967.0,4.43,0.976,13.864
K05021.01,CANDIDATE,288.07937,3.161,991.0,3.01,1.25,269.0,0.0483,7.6,5825.0,4.504,0.965,15.212
K05140.01,FALSE POSITIVE,484.58335927,3.2,,,,,,,,,,13.999
K05141.01,FALSE POSITIVE,288.285213,5.343,378.1,2.2,2.25,312.0,0.0503,11.5,6171.0,4.337,1.127,12.369
K05142.01,CANDIDATE,198.895864,4.193,1779.0,3.33,1.14,264.0,0.0543,13.0,5184.0,4.502,0.808,15.805
K05143.01,FALSE POSITIVE,19.93826636,1.77,,,,,,,,,,15.986
K05144.01,FALSE POSITIVE,491.08027,7.42,335.6,1.86,0.79,241.0,0.4169,7.9,5931.0,4.396,0.997,14.427
K05145.01,FALSE POSITIVE,3.350209754,4.43333,28325.4,1447.13,1777.46,1656.0,9.666,671.1,6657.0,4.181,1.501,11.494
K05146.01,FALSE POSITIVE,628.592314,3.603,393.7,6.99,2.57,323.0,0.8176,7.6,5058.0,3.497,3.117,12.275
K05147.01,FALSE POSITIVE,471.37787,16.91,102.9,1.31,1.2,267.0,0.0666,12.2,5831.0,4.236,1.305,11.985
K05264.01,CANDIDATE,52.69092296,2.31,,,,,,,,,,12.358
K05265.01,FALSE POSITIVE,425.22927,6.76,829.0,1.4,0.06,125.0,0.1812,6.4,3803.0,4.755,0.492,15.973
K05266.01,CANDIDATE,37.71508287,1.8,,,,,,,,,,15.294
K05267.01,CANDIDATE,5.1779065,5.366,129.5,2.93,1692.64,1636.0,0.073,9.5,5921.0,3.766,2.589,14.326
K05268.01,CANDIDATE,474.22897,13.05,475.2,2.0,0.6,225.0,0.1936,7.2,5818.0,4.523,0.925,15.322
K05269.01,CANDIDATE,371.50631,8.854,992.0,2.88,0.8,242.0,0.0156,14.1,5696.0,4.491,0.924,15.392
K05270.01,FALSE POSITIVE,606.91488768,5.96,,,,,,,,,,13.532
K05271.01,FALSE POSITIVE,5.24331899,11.137,106.8,0.83,138.45,875.0,0.778,20.1,5430.0,4.613,0.735,15.196
K03281.01,CONFIRMED,47.0320478,5.892,367.8,1.98,13.83,492.0,0.161,13.7,5370.0,4.337,1.055,14.904
K03290.01,FALSE POSITIVE,10.31453308,3.6641,2004.1,29.6,144.83,885.0,1.276,71.6,6335.0,4.455,0.837,15.295
K03317.01,FALSE POSITIVE,15.52861675,2.131,500.0,1.96,51.98,685.0,0.113,17.3,5750.0,4.538,0.882,15.598
K03333.01,FALSE POSITIVE,53.501860974,5.25334,456778.0,55.23,6.63,409.0,0.431,1363.9,5436.0,4.587,0.748,15.929
K03359.01,FALSE POSITIVE,10.692230094,5.46939,376651.0,65.42,115.48,836.0,0.528,2402.0,6022.0,4.49,0.941,15.507
K07858.01,FALSE POSITIVE,1.60375114,1.498,51.0,0.82,1918.63,1688.0,0.54,9.4,5818.0,4.292,1.116,13.261
K03364.01,FALSE POSITIVE,15.7397651,3.297,287.7,1.18,19.54,536.0,0.077,11.2,4733.0,4.569,0.723,15.281
K05022.01,CANDIDATE,117.26808432,2.2,,,,,,,,,,12.501
K05023.01,FALSE POSITIVE,73.3377984,9.029,114900.0,73.06,30.85,601.0,0.978,155.5,7276.0,4.318,1.321,13.559
K05024.01,FALSE POSITIVE,282.159571,5.069,196.3,3.09,9.13,443.0,0.5987,14.2,6677.0,3.92,2.108,10.826
K05025.01,FALSE POSITIVE,6.58729511,8.3582,127965.0,58.09,416.15,1152.0,0.723,304.2,5619.0,4.07,1.406,14.035
K05026.01,FALSE POSITIVE,459.23193,17.722,418.7,2.64,1.17,265.0,0.8765,19.5,6067.0,4.307,1.116,13.469
K05027.01,CANDIDATE,62.312419,5.561,123.0,6.15,116.69,838.0,0.3683,9.1,4999.0,3.243,5.615,13.172
K05028.01,FALSE POSITIVE,25.9493253,12.17,354.5,1.04,6.62,409.0,0.655,13.1,4835.0,4.758,0.526,15.742
K05029.01,FALSE POSITIVE,212.76701,12.8,74.3,1.08,3.71,354.0,0.3531,6.8,6098.0,4.286,1.245,12.045
K05646.01,FALSE POSITIVE,386.62189,17.72,193.2,1.44,1.21,267.0,0.1616,12.3,6085.0,4.412,1.033,13.262
K05647.01,FALSE POSITIVE,84.644104,48.182,512.0,34.61,584.49,1254.0,0.178,33.5,5229.0,2.486,15.517,15.359
K05648.01,FALSE POSITIVE,575.95408,8.618,1210.0,2.92,0.33,194.0,0.0868,11.4,5398.0,4.508,0.854,15.843
K05649.01,CANDIDATE,426.942225,3.965,1209.0,2.32,0.29,187.0,0.2981,11.8,5126.0,4.623,0.669,15.218
K05650.01,FALSE POSITIVE,117.844963,1.951,1043.0,2.52,2.13,308.0,0.4594,6.6,5317.0,4.595,0.769,15.844
K05651.01,CANDIDATE,83.499618,16.03,501.0,1.72,3.29,343.0,0.341,16.1,5141.0,4.526,0.773,15.726
K05652.01,CANDIDATE,91.507044,5.019,539.0,1.43,1.97,302.0,0.1665,12.4,5040.0,4.635,0.626,14.969
K05653.01,CANDIDATE,188.664098,5.179,960.0,2.02,0.68,232.0,0.2033,9.4,4788.0,4.599,0.672,15.545
K05772.01,CANDIDATE,75.636309,2.588,174.6,1.32,9.45,447.0,0.2749,6.0,6072.0,4.467,0.994,13.825
K05773.01,FALSE POSITIVE,24.614775,2.395,229.4,1.28,25.69,574.0,0.089,10.5,5654.0,4.536,0.849,14.346
K05774.01,FALSE POSITIVE,1.21374744,5.79293,185129.0,96.19,8380.25,2441.0,0.831,8755.2,6791.0,4.137,1.619,10.811
K05775.01,CANDIDATE,492.23808,12.53,676.8,2.19,0.45,209.0,0.0198,13.2,5609.0,4.546,0.854,15.502
K05776.01,CANDIDATE,198.6004,3.53,300.8,4.6,10.45,458.0,0.648,9.8,5357.0,3.641,2.522,13.183
K05777.01,FALSE POSITIVE,372.30881,3.874,535.2,2.09,0.91,249.0,0.1243,14.9,5966.0,4.519,0.904,14.866
K05778.01,FALSE POSITIVE,454.244158,3.399,241.0,2.93,3.8,356.0,0.0033,9.9,6446.0,3.935,1.874,12.055
K05779.01,FALSE POSITIVE,112.48226,1.923,195.7,1.37,5.23,386.0,0.5181,5.2,6089.0,4.495,0.95,13.725
K05400.01,FALSE POSITIVE,218.56734012,2.38,,,,,,,,,,15.52
K05401.01,FALSE POSITIVE,229.948531,1.813,154.2,1.09,1.93,301.0,0.35,6.1,6225.0,4.537,0.861,13.119
K05402.01,FALSE POSITIVE,403.5637828,3.64,,,,,,,,,,15.016
K05403.01,FALSE POSITIVE,2.41172358,2.6311,3364.7,50.53,1997.33,1706.0,1.281,108.6,6363.0,4.22,1.332,14.777
K05404.01,FALSE POSITIVE,92.9314146,2.35,,,,,,,,,,14.844
K05405.01,FALSE POSITIVE,103.22293786,2.63,,,,,,,,,,14.125
K05406.01,CANDIDATE,5.71966537,3.938,19.1,0.82,1131.75,1479.0,0.1103,11.3,6356.0,3.985,1.865,11.331
K05527.01,FALSE POSITIVE,209.06299275,10.0389,250913.0,72.26,2.77,329.0,0.823,3295.6,6130.0,4.42,1.024,14.174
K05528.01,CANDIDATE,201.621794,3.172,480.0,2.02,2.14,309.0,0.1779,6.8,5919.0,4.483,0.923,15.169
K05529.01,FALSE POSITIVE,70.335879746,4.65625,24418.4,29.56,10.1,455.0,1.04,2148.6,6081.0,4.478,0.966,11.701
K05530.01,FALSE POSITIVE,591.37382,4.35,245.0,2.2,1.65,289.0,0.1609,10.7,6609.0,4.183,1.391,12.913
K05531.01,FALSE POSITIVE,559.28332,4.245,1360.0,2.54,0.12,150.0,0.3058,6.7,4386.0,4.586,0.709,15.669
K05532.01,CANDIDATE,24.6777128,5.088,131.3,6.04,451.88,1176.0,0.6305,9.0,4995.0,3.118,5.058,13.434
K05533.01,CANDIDATE,113.05980069,19.03,,,,,,,,,,13.43
K05534.01,FALSE POSITIVE,136.355967,3.17,165.1,1.42,4.93,380.0,0.6066,6.3,6077.0,4.408,1.058,14.254
K05654.01,CANDIDATE,54.6957124,6.89,1096.0,3.28,6.34,405.0,0.954,12.4,5299.0,4.535,0.757,13.823
K05655.01,FALSE POSITIVE,532.9307,3.89,181.4,4.68,14.53,498.0,0.4579,5.3,7872.0,3.698,3.373,13.103
K05656.01,CANDIDATE,169.84787744,2.82,,,,,,,,,,12.687
K05657.01,CANDIDATE,284.699924,3.709,371.1,2.0,1.74,293.0,0.3145,7.6,6054.0,4.425,1.028,14.403
K05658.01,FALSE POSITIVE,171.69799,2.904,878.0,39.78,140.73,878.0,0.2266,7.7,5033.0,2.645,13.679,13.318
K05659.01,FALSE POSITIVE,444.89411,7.937,363.0,4.7,5.25,386.0,0.2991,13.2,6195.0,3.753,2.439,13.037
K05660.01,CANDIDATE,402.20969,5.298,472.5,10.03,9.86,452.0,0.3779,9.5,4961.0,3.131,4.649,13.66
K05661.01,FALSE POSITIVE,229.86928,12.91,1659.0,9.57,11.15,466.0,0.049,10.6,6065.0,3.763,2.344,13.868
K05780.01,FALSE POSITIVE,5.14108479,25.93,611.2,25.74,274.55,1038.0,1.225,57.0,5893.0,4.505,0.941,15.525
K05781.01,FALSE POSITIVE,179.27230765,2.21,,,,,,,,,,12.752
K05782.01,CANDIDATE,584.55603,3.671,346.7,6.69,3.73,354.0,0.3282,10.0,5208.0,3.458,3.62,11.367
K05783.01,FALSE POSITIVE,200.83849979,2.37,,,,,,,,,,12.488
K05784.01,FALSE POSITIVE,40.1043796,3.471,187.3,1.5,28.85,591.0,0.2029,9.2,6174.0,4.374,1.089,14.255
K05785.01,CANDIDATE,70.31252504,13.66,,,,,,,,,,14.942
K05786.01,FALSE POSITIVE,30.114681501,5.68713,87057.3,56.45,39.44,639.0,1.046,2858.1,6273.0,4.442,1.044,14.482
K05787.01,CANDIDATE,69.775633,9.205,140.9,1.19,12.52,480.0,0.3519,9.7,6224.0,4.413,0.983,14.333
K05407.01,CANDIDATE,58.5029431,1.633,117.0,1.54,33.01,611.0,0.0062,7.0,6525.0,4.215,1.412,13.048
K05408.01,CANDIDATE,415.748785,3.313,463.7,3.24,1.51,283.0,0.1124,9.2,5324.0,4.027,1.534,14.03
K05409.01,FALSE POSITIVE,36.1826854,4.2546,9471.7,56.41,38.4,635.0,1.267,124.1,5696.0,4.151,1.321,14.824
K05410.01,CANDIDATE,24.1527864,4.451,78.1,0.97,57.15,701.0,0.175,9.3,6223.0,4.392,1.095,13.664
K05411.01,CANDIDATE,11.1734401,4.545,61.3,1.4,632.06,1279.0,0.268,9.0,7372.0,4.142,1.752,13.335
K05412.01,FALSE POSITIVE,472.2265706,4.8732,156143.0,48.18,0.52,217.0,0.876,584.6,5763.0,4.557,0.842,15.911
K05413.01,CANDIDATE,428.379308,4.066,386.6,2.0,0.74,236.0,0.7102,7.4,5574.0,4.381,0.953,14.105
K05414.01,FALSE POSITIVE,1.507099289,4.8361,1282.0,26.56,1037.46,1448.0,1.265,142.7,5762.0,4.576,0.801,15.542
K05535.01,FALSE POSITIVE,253.652263,3.85,26456.0,1169.79,0.15,159.0,20.7849,59.9,3960.0,4.721,0.537,15.921
K05536.01,CANDIDATE,392.72811,12.48,499.7,1.85,0.62,226.0,0.4505,12.0,5701.0,4.558,0.815,15.033
K05537.01,FALSE POSITIVE,128.66825288,2.67,,,,,,,,,,10.719
K05538.01,FALSE POSITIVE,485.57785,6.67,853.0,2.18,0.29,187.0,0.5739,5.6,5255.0,4.616,0.727,15.857
K05539.01,CANDIDATE,374.05697,22.53,961.1,2.34,0.45,209.0,0.1026,20.6,5302.0,4.595,0.771,15.583
K05540.01,FALSE POSITIVE,643.4528,9.346,585.1,2.03,0.32,192.0,0.1952,10.2,5649.0,4.553,0.845,14.984
K05541.01,CANDIDATE,339.633833,8.859,517.8,2.04,0.93,250.0,0.111,12.0,5823.0,4.522,0.901,14.699
K05542.01,FALSE POSITIVE,1.061934307,3.211,264.8,18.7,1958.71,1696.0,1.181,70.9,5853.0,4.544,0.868,14.286
K05662.01,FALSE POSITIVE,9.5497037,1.881,706.7,1.45,10.25,456.0,0.028,12.4,3705.0,4.683,0.569,15.467
K05663.01,CANDIDATE,140.884533,10.245,158.0,1.52,5.6,392.0,0.013,16.4,5960.0,4.306,1.213,13.06
K05664.01,FALSE POSITIVE,77.138911,7.229,603.3,3.39,6.46,406.0,0.981,19.0,5778.0,4.531,0.911,14.457
K05665.01,CANDIDATE,100.494129,2.679,57.6,1.33,17.64,523.0,0.0813,6.9,6018.0,4.036,1.75,11.484
K05666.01,CANDIDATE,182.453195,2.721,184.0,1.26,2.89,332.0,0.0792,5.2,6164.0,4.483,0.927,13.872
K05667.01,FALSE POSITIVE,0.536551592,4.89,153.2,12.88,7584.36,2377.0,1.102,26.2,6140.0,4.455,1.027,15.668
K05668.01,FALSE POSITIVE,68.54443156,2.05,,,,,,,,,,11.197
K05669.01,FALSE POSITIVE,130.110715,2.227,251.9,1.32,3.26,343.0,0.1883,6.4,5960.0,4.561,0.828,14.241
K05788.01,FALSE POSITIVE,242.484764,6.451,361.7,1.58,1.51,283.0,0.1785,7.6,6068.0,4.568,0.829,14.96
K05789.01,CANDIDATE,383.26217,4.84,448.4,1.57,0.4,203.0,0.1407,11.0,5074.0,4.536,0.761,14.06
K05790.01,CANDIDATE,178.266978,5.276,1857.0,3.71,0.8,241.0,0.886,12.5,4899.0,4.624,0.713,15.518
K05791.01,FALSE POSITIVE,385.593209,2.799,282.9,2.37,2.2,311.0,0.5548,5.6,6205.0,4.194,1.358,13.927
K05792.01,FALSE POSITIVE,215.737826,7.257,8476.0,8.71,0.67,231.0,0.916,36.8,4889.0,4.574,0.724,15.705
K05793.01,FALSE POSITIVE,507.48249,8.19,232.1,1.22,0.3,189.0,0.7261,9.7,5227.0,4.541,0.744,12.941
K05794.01,CANDIDATE,30.9771151,3.188,125.0,4.3,192.79,950.0,0.5092,6.8,5197.0,3.453,3.784,13.785
K05795.01,CANDIDATE,19.11280242,1.58,,,,,,,,,,15.952
K05415.01,FALSE POSITIVE,30.2111162,4.202,92.6,4.44,269.29,1033.0,0.0666,6.5,5132.0,3.321,4.732,13.514
K05416.01,CONFIRMED,76.377855,4.809,11004.0,6.28,0.78,240.0,0.577,38.6,3869.0,4.674,0.584,16.595
K05417.01,FALSE POSITIVE,55.249007325,5.15147,205671.0,60.79,14.25,496.0,0.785,3452.5,6063.0,4.476,1.012,14.925
K05418.01,CANDIDATE,14.2673439,3.171,217.5,1.21,44.12,657.0,0.042,9.0,5475.0,4.567,0.837,15.181
K05419.01,FALSE POSITIVE,22.52907,1.373,327.1,1.39,18.89,532.0,0.3668,4.8,5284.0,4.594,0.769,15.607
K05420.01,FALSE POSITIVE,66.247851,4.04,666.0,16.67,172.74,925.0,0.2847,8.3,5214.0,3.109,6.519,13.234
K05421.01,FALSE POSITIVE,370.91308,17.655,270.3,1.74,1.18,266.0,0.3443,17.5,5892.0,4.386,1.054,13.648
K05422.01,CANDIDATE,360.64485255,11.19,,,,,,,,,,13.579
K05543.01,FALSE POSITIVE,7.41505161,2.061,937.0,91.09,14853.21,2815.0,0.979,18.3,4989.0,2.442,18.266,13.56
K05544.01,FALSE POSITIVE,2.742590902,10.4143,680398.0,176.4,3487.05,1960.0,0.473,682.9,7072.0,4.129,1.705,16.267
K05545.01,CANDIDATE,541.04472,12.47,181.5,1.08,0.43,206.0,0.2387,8.8,5829.0,4.575,0.802,13.607
K05546.01,CANDIDATE,514.271499,3.46,688.9,3.01,1.04,258.0,0.2032,9.0,6343.0,4.411,1.137,14.848
K05547.01,CANDIDATE,571.14302,10.06,531.3,2.22,0.46,210.0,0.5041,8.5,5751.0,4.514,0.943,14.851
K05548.01,FALSE POSITIVE,216.453511,3.321,1137.0,2.91,1.34,274.0,0.0052,7.5,5385.0,4.46,0.878,15.638
K05549.01,FALSE POSITIVE,37.0488669,2.48,,,,,,,,,,14.042
K05550.01,CANDIDATE,540.39267,9.233,1780.0,3.63,0.42,206.0,0.3683,15.1,5693.0,4.551,0.856,15.959
K05670.01,FALSE POSITIVE,542.16158927,8.77,,,,,,,,,,14.043
K05671.01,CANDIDATE,190.905243,2.529,227.1,1.73,3.81,356.0,0.3708,7.4,6098.0,4.321,1.131,13.574
K05672.01,FALSE POSITIVE,11.0153889,2.666,3446.0,65.27,284.63,1047.0,1.287,31.8,5515.0,3.899,1.678,14.333
K05673.01,FALSE POSITIVE,28.34230575,1.65,,,,,,,,,,12.74
K05674.01,FALSE POSITIVE,231.521608,2.819,478.7,1.96,1.34,274.0,0.5303,6.1,5695.0,4.545,0.872,14.821
K05675.01,FALSE POSITIVE,180.890384,1.901,205.3,2.47,12.58,480.0,0.3417,5.8,7037.0,4.136,1.683,13.61
K05676.01,FALSE POSITIVE,60.0546149,3.435,326.1,5.24,54.88,694.0,0.3355,11.8,5242.0,3.606,2.917,13.571
K05677.01,CANDIDATE,20.5142642,3.524,153.2,1.14,30.28,598.0,0.256,9.0,5221.0,4.422,0.936,14.9
K05796.01,CANDIDATE,495.854189,8.65,548.6,2.41,0.67,230.0,0.031,10.9,5613.0,4.378,1.044,14.712
K05797.01,FALSE POSITIVE,2.037453129,5.43155,315914.0,136.3,5752.74,2220.0,0.611,6944.9,6456.0,3.906,2.056,12.22
K05798.01,CANDIDATE,318.25858,4.39,756.0,2.03,0.48,212.0,0.0281,6.0,5108.0,4.596,0.759,15.714
K05799.01,CANDIDATE,184.883155,3.025,304.1,2.82,5.65,393.0,0.3074,9.9,5620.0,4.036,1.621,13.609
K05800.01,CANDIDATE,11.006795,5.112,146.4,1.34,138.34,874.0,0.66,10.9,6091.0,4.424,1.047,15.355
K05801.01,CANDIDATE,177.37583,21.14,459.7,1.96,2.29,314.0,0.0539,12.4,5849.0,4.517,0.919,15.609
K05802.01,FALSE POSITIVE,35.164087,86.05,1528.9,62.03,77.33,756.0,1.227,38.3,5485.0,3.82,2.087,13.945
K05803.01,FALSE POSITIVE,107.11003503,2.12,,,,,,,,,,13.845
K05423.01,CANDIDATE,366.55705,11.62,582.5,2.63,1.18,266.0,0.1247,10.2,5857.0,4.403,1.1,15.2
K05424.01,FALSE POSITIVE,462.26052152,4.05,,,,,,,,,,14.584
K05425.01,CANDIDATE,39.42516213,2.18,,,,,,,,,,15.72
K05426.01,CANDIDATE,124.887214,8.599,176.5,1.78,8.48,435.0,0.752,13.3,6103.0,4.209,1.234,13.701
K05427.01,FALSE POSITIVE,0.533000886,1.54684,4398.5,40.94,8170.3,2429.0,1.271,327.4,5934.0,4.331,1.064,15.042
K05428.01,FALSE POSITIVE,200.35091012,3.78,,,,,,,,,,13.782
K05429.01,FALSE POSITIVE,114.32859485,2.64,,,,,,,,,,15.094
K05430.01,FALSE POSITIVE,99.97889,8.76,117.9,1.84,10.84,463.0,0.3044,5.7,5229.0,3.985,1.725,13.255
K05551.01,FALSE POSITIVE,374.71687,52.986,1126.2,5.56,1.06,259.0,0.985,62.2,5768.0,4.375,1.009,14.012
K05552.01,CANDIDATE,295.958914,4.244,464.1,2.1,1.17,265.0,0.024,17.5,5505.0,4.386,0.992,13.344
K05553.01,CANDIDATE,120.938669,8.818,782.1,2.32,2.91,333.0,0.011,15.0,5456.0,4.477,0.843,15.54
K05554.01,CANDIDATE,362.22202,14.29,52.5,0.96,2.25,312.0,0.5664,14.6,6113.0,4.168,1.277,11.189
K05555.01,FALSE POSITIVE,42.070868,1.293,386.2,1.82,11.43,469.0,0.2878,5.7,5197.0,4.422,0.938,14.887
K05556.01,CANDIDATE,631.99116,2.99,345.6,1.86,0.46,210.0,0.2397,7.2,5594.0,4.387,1.006,13.415
K05557.01,FALSE POSITIVE,401.73243,1.535,366.4,2.88,2.09,307.0,0.0839,5.8,5938.0,4.12,1.504,13.458
K05558.01,FALSE POSITIVE,428.1186,6.56,443.8,2.18,1.09,260.0,0.1377,7.3,6225.0,4.45,1.031,15.26
K05678.01,FALSE POSITIVE,37.3683802,2.8,206.6,10.58,315.59,1075.0,0.8375,8.8,5101.0,3.15,6.422,12.362
K05679.01,FALSE POSITIVE,615.81928,14.93,168.0,1.24,0.56,221.0,0.1794,11.0,6120.0,4.489,0.955,13.027
K05680.01,CANDIDATE,557.92882,4.788,262.2,2.97,1.92,300.0,0.1034,8.1,5553.0,3.805,1.844,13.263
K05681.01,CANDIDATE,77.51257,3.15,1510.0,28199.3,57.44,702.0,72.1108,5.8,5261.0,3.459,3.63,15.677
K05682.01,CANDIDATE,46.969389,1.944,1875.0,7.45,39.27,638.0,0.3246,7.1,5401.0,3.885,1.717,16.224
K05683.01,FALSE POSITIVE,0.512581525,2.54719,384482.0,42.41,1339.86,1541.0,0.505,1583.7,4612.0,4.648,0.604,14.884
K05684.01,CANDIDATE,206.801125,6.6,716.0,24.34,48.97,675.0,0.6772,16.7,5048.0,2.978,8.611,11.128
K05685.01,CANDIDATE,14.0019064,4.257,376.1,17.96,1736.43,1646.0,0.9747,11.6,4883.0,2.783,6.502,13.814
K05804.01,FALSE POSITIVE,1.42796645,12.8653,6012.3,39.76,1700.47,1637.0,1.305,347.6,6099.0,4.511,0.919,13.731
K05805.01,CANDIDATE,525.757041,4.995,830.2,11.07,4.52,372.0,0.11,14.4,5277.0,3.495,3.931,14.519
K05806.01,CANDIDATE,313.82752,4.187,168.0,1.26,1.28,272.0,0.1103,8.7,5914.0,4.453,0.973,12.355
K05807.01,CANDIDATE,236.09799849,3.65,,,,,,,,,,14.466
K05808.01,FALSE POSITIVE,70.61977122,2.09,,,,,,,,,,15.341
K05809.01,FALSE POSITIVE,216.10910854,3.95,,,,,,,,,,13.771
K05810.01,CANDIDATE,425.593391,3.815,237.6,2.25,1.41,278.0,0.4892,6.5,5458.0,4.09,1.441,13.766
K05811.01,FALSE POSITIVE,44.51439331,1.55,,,,,,,,,,14.424
K05431.01,CANDIDATE,43.08410127,1.38,,,,,,,,,,13.782
K05432.01,FALSE POSITIVE,230.80401566,3.57,,,,,,,,,,15.673
K05433.01,CANDIDATE,237.819002,11.324,614.2,2.55,1.98,302.0,0.018,15.4,5878.0,4.424,1.035,14.573
K05434.01,CANDIDATE,581.87357,14.64,905.6,2.96,0.53,218.0,0.1603,12.5,5897.0,4.489,0.992,15.738
K05435.01,CANDIDATE,15.9961296,1.656,500.7,1.71,23.32,560.0,0.297,10.7,4949.0,4.588,0.777,15.951
K05436.01,FALSE POSITIVE,28.297207229,3.94247,23193.1,54.15,60.99,713.0,1.227,2360.6,6327.0,4.277,1.151,12.796
K05437.01,CANDIDATE,213.63312404,2.54,,,,,,,,,,13.885
K05438.01,FALSE POSITIVE,412.227551,4.303,819.5,21.53,18.57,529.0,0.1894,9.0,5079.0,2.977,7.684,13.926
K05559.01,FALSE POSITIVE,586.63177,7.299,199.9,1.18,0.3,189.0,0.0345,8.4,5228.0,4.471,0.854,13.416
K05560.01,FALSE POSITIVE,364.95068,0.636,824.0,3.69,0.8,241.0,0.9571,5.8,5574.0,4.438,0.884,12.975
K05561.01,FALSE POSITIVE,44.36123319,2.49,,,,,,,,,,15.621
K05562.01,FALSE POSITIVE,438.00974,11.46,79.2,0.73,0.36,197.0,0.8575,8.6,5260.0,4.56,0.717,11.504
K05563.01,CANDIDATE,7.62210397,1.902,146.1,3.8,965.88,1422.0,0.323,9.2,5222.0,3.556,3.162,13.629
K05564.01,FALSE POSITIVE,3.479508244,3.9097,3000.4,444.46,23775.98,3167.0,1.252,195.7,4630.0,2.437,12.623,10.565
K05565.01,FALSE POSITIVE,406.29695,5.32,136.5,1.85,2.31,315.0,0.4038,10.7,6031.0,4.103,1.566,12.011
K05566.01,CANDIDATE,0.9886684,2.023,126.6,3.18,24258.04,3183.0,0.372,8.7,6456.0,3.725,2.773,12.551
K05686.01,FALSE POSITIVE,3.34465934,10.796,57.6,1.17,1396.11,1559.0,0.005,24.3,5966.0,4.069,1.551,13.596
K05687.01,FALSE POSITIVE,513.14417,14.13,223.8,1.3,0.45,208.0,0.5818,7.9,5709.0,4.557,0.837,14.334
K05688.01,CANDIDATE,14.5555096,2.07,725.0,2.03,29.45,594.0,0.528,8.1,5176.0,4.612,0.738,16.897
K05689.01,CANDIDATE,114.12716,1.719,974.0,2.76,1.79,295.0,0.7092,6.3,4816.0,4.508,0.823,15.983
K05690.01,CANDIDATE,17.0497376,3.271,478.6,45.89,3566.8,1971.0,0.9703,6.4,5039.0,2.587,14.954,13.582
K05691.01,FALSE POSITIVE,13.0366377,3.184,154.6,2.23,283.97,1047.0,0.7039,15.4,6084.0,4.009,1.677,13.543
K05692.01,CANDIDATE,2.64181261,2.127,70.0,0.59,114.08,834.0,0.608,12.7,4147.0,4.601,0.683,14.137
K05828.01,FALSE POSITIVE,270.98477,6.718,13883.0,11761.1,29.44,594.0,70.1733,10.7,11068.0,4.377,1.555,14.977
K05829.01,CANDIDATE,583.8531,5.09,491.0,1.97,0.35,196.0,0.5925,5.4,5591.0,4.559,0.86,14.857
K05830.01,CANDIDATE,72.782432,3.726,245.8,11.19,172.28,924.0,0.1157,8.5,5099.0,3.021,7.317,13.628
K05831.01,CANDIDATE,10.552241908,2.7355,954.0,1.75,13.12,485.0,0.025,12.3,4031.0,4.666,0.585,15.712
K05832.01,FALSE POSITIVE,2.74703312,2.655,152.2,61.97,17132.06,2917.0,1.17,23.1,8237.0,3.753,3.134,12.597
K05833.01,CANDIDATE,440.171272,12.217,783.5,5.97,2.96,334.0,0.956,38.0,6261.0,4.001,1.679,13.014
K05834.01,CANDIDATE,37.537859,6.513,269.0,1.77,27.38,583.0,0.058,8.2,6095.0,4.429,1.082,15.769
K05835.01,CANDIDATE,474.96952,4.58,595.0,2.44,0.91,249.0,0.5688,6.4,6287.0,4.473,0.962,15.087
K05439.01,FALSE POSITIVE,0.864651455,3.461,67.7,0.69,2062.08,1720.0,0.235,16.5,5587.0,4.556,0.851,14.901
K05440.01,CANDIDATE,74.624063,8.881,346.9,1.75,9.49,448.0,0.019,11.0,6187.0,4.499,0.937,15.335
K05441.01,FALSE POSITIVE,25.4805211,10.701,159.0,1.25,44.67,659.0,0.186,17.7,6250.0,4.472,0.986,13.181
K05442.01,FALSE POSITIVE,512.11636,9.557,315.4,1.47,0.36,198.0,0.5008,10.9,5492.0,4.576,0.812,13.8
K05443.01,FALSE POSITIVE,348.61891,3.567,689.0,2.4,0.97,253.0,0.282,5.8,5911.0,4.519,0.914,15.306
K05444.01,FALSE POSITIVE,368.70839,6.08,957.0,2.87,1.21,267.0,0.5958,12.2,6409.0,4.523,0.887,15.417
K05445.01,FALSE POSITIVE,7.1091096,10.67,156.7,1.08,126.12,855.0,0.663,13.0,5665.0,4.568,0.82,15.71
K05446.01,CANDIDATE,416.9504,4.026,479.8,7.35,4.77,377.0,0.9542,6.9,5751.0,3.708,2.611,12.692
K05567.01,FALSE POSITIVE,397.3958488,6.1014,29825.0,64.56,1.45,280.0,1.19,395.7,5544.0,4.146,1.362,14.857
K05568.01,CONFIRMED,62.134919,8.711,147.5,6.71,172.96,925.0,0.827,10.6,5889.0,3.358,4.912,13.435
K05569.01,FALSE POSITIVE,1.667482003,1.5931,545.5,15.15,26549.71,3257.0,0.052,50.2,4678.0,2.756,6.72,12.882
K05570.01,CANDIDATE,574.65297,4.37,725.0,2.28,0.35,196.0,0.5663,7.4,5596.0,4.553,0.821,14.789
K05571.01,FALSE POSITIVE,5.29730786,4.02,190.8,1.49,281.21,1044.0,0.728,13.1,5780.0,4.438,1.0,10.25
K05572.01,CANDIDATE,21.9578446,1.038,96.6,0.78,19.05,533.0,0.1492,6.7,5192.0,4.583,0.802,13.596
K05573.01,FALSE POSITIVE,77.395279,5.26,437.0,6.16,41.24,646.0,0.1748,7.9,5158.0,3.541,2.995,13.774
K05574.01,CANDIDATE,373.41509,6.617,1806.0,2.55,0.15,158.0,0.0532,10.0,4236.0,4.642,0.612,15.85
K05693.01,FALSE POSITIVE,612.882452,2.024,631.0,2.42,0.53,217.0,0.284,7.5,6029.0,4.494,0.956,14.453
K05694.01,CANDIDATE,107.904526,2.053,249.4,1.26,3.05,337.0,0.2415,6.1,5565.0,4.574,0.802,14.295
K05695.01,FALSE POSITIVE,11.03571773,5.62958,144955.0,70.42,227.54,991.0,0.911,959.6,6201.0,4.213,1.23,14.916
K05696.01,FALSE POSITIVE,42.093314,4.649,886.0,2.19,6.47,407.0,0.035,7.4,4885.0,4.541,0.763,16.523
K05697.01,FALSE POSITIVE,274.10859251,6.59,,,,,,,,,,15.496
K05698.01,CANDIDATE,282.029084,4.686,312.8,2.33,4.12,363.0,0.4082,8.1,6886.0,4.305,1.287,13.49
K05699.01,FALSE POSITIVE,339.18109,5.34,157.9,1.7,2.88,332.0,0.077,11.5,6407.0,4.209,1.344,12.637
K05700.01,FALSE POSITIVE,3.55650976,12.7364,687454.0,283.93,7238.22,2353.0,0.622,3867.7,8105.0,3.937,2.433,11.882
K05812.01,CANDIDATE,3.1318392,1.632,159.9,1.5,1025.14,1443.0,0.3864,6.0,6070.0,4.246,1.159,14.122
K05813.01,FALSE POSITIVE,38.27772448,1.73,,,,,,,,,,14.293
K05814.01,FALSE POSITIVE,25.285232337,4.76313,63021.6,69.68,70.73,740.0,1.208,5902.4,6486.0,4.337,1.136,12.138
K05815.01,CANDIDATE,207.767894,5.21,320.6,3.52,4.85,379.0,0.6973,7.7,5210.0,3.894,1.849,13.744
K05816.01,CANDIDATE,82.508054,3.806,351.9,14.04,140.61,878.0,0.0379,11.4,4986.0,3.01,7.733,12.594
K05817.01,CANDIDATE,113.083522,10.315,130.7,1.59,9.65,450.0,0.039,13.0,5903.0,4.179,1.4,13.336
K05818.01,FALSE POSITIVE,1.23138339,3.943,72.7,0.82,1746.21,1648.0,0.348,21.0,5791.0,4.505,0.958,14.804
K05819.01,CANDIDATE,381.37504,16.57,286.5,1.24,0.48,212.0,0.3515,11.8,5513.0,4.614,0.729,14.182
K05447.01,FALSE POSITIVE,322.55663046,3.74,,,,,,,,,,12.75
K05448.01,FALSE POSITIVE,7.2269859,14.241,160.3,0.79,31.23,603.0,0.561,26.2,4347.0,4.645,0.609,14.941
K05449.01,FALSE POSITIVE,0.762724045,1.98818,9782.2,41.02,2827.5,1860.0,1.252,451.7,5313.0,4.39,0.976,14.5
K05450.01,FALSE POSITIVE,206.76425774,2.57,,,,,,,,,,15.996
K05451.01,CANDIDATE,529.39169,10.869,319.9,4.4,2.43,319.0,0.037,12.1,5283.0,3.699,2.504,13.156
K05452.01,FALSE POSITIVE,362.49906,12.17,522.5,2.51,1.4,277.0,0.5297,10.3,6043.0,4.369,1.065,15.259
K05453.01,FALSE POSITIVE,190.65896,35.472,552.8,2.54,1.46,281.0,0.9508,18.3,5508.0,4.549,0.835,15.043
K05454.01,CONFIRMED,509.997402,8.481,1267.0,2.62,0.26,182.0,0.0254,35.3,5037.0,4.54,0.756,14.15
K05575.01,FALSE POSITIVE,1.50650036,2.762,45.4,0.81,2520.53,1809.0,0.684,15.0,6201.0,4.336,1.126,13.912
K05576.01,FALSE POSITIVE,194.48732212,3.6,,,,,,,,,,13.989
K05577.01,CANDIDATE,495.51899,3.592,297.6,2.94,2.03,305.0,0.6052,6.6,6043.0,4.038,1.634,13.5
K05578.01,CANDIDATE,388.048463,3.456,149.6,3.0,4.71,376.0,0.1973,8.3,5779.0,3.765,2.46,11.084
K05579.01,CANDIDATE,34.0269868,1.586,361.7,1.57,10.15,455.0,0.5682,6.2,4999.0,4.514,0.801,15.592
K05580.01,CANDIDATE,173.219879,1.875,239.5,2.41,6.39,405.0,0.5113,5.7,6007.0,4.158,1.518,13.957
K05581.01,CONFIRMED,374.878133,10.556,914.6,4.27,1.49,282.0,0.626,21.9,5636.0,4.218,1.354,14.508
K05582.01,FALSE POSITIVE,5.2362026,3.148,2019.5,75.83,853.62,1378.0,1.379,28.2,6176.0,4.112,1.631,14.786
K05701.01,FALSE POSITIVE,48.55059299,1.79,,,,,,,,,,15.227
K05702.01,CANDIDATE,511.882,4.822,610.0,2.56,0.79,241.0,0.5102,6.5,6141.0,4.454,1.007,15.462
K05703.01,FALSE POSITIVE,247.372131,3.271,513.4,2.47,1.67,290.0,0.4257,12.4,5780.0,4.438,1.0,13.359
K05704.01,CANDIDATE,96.16705,2.775,270.7,1.15,2.26,313.0,0.1194,7.2,5147.0,4.617,0.716,13.419
K05705.01,FALSE POSITIVE,95.254421,3.379,465.4,2.2,6.89,413.0,0.3116,6.1,6063.0,4.476,1.012,15.833
K05706.01,CONFIRMED,425.483539,17.856,996.6,3.2,0.89,248.0,0.03,19.6,5977.0,4.473,1.022,15.807
K05707.01,CANDIDATE,208.800733,1.964,594.0,2.88,3.43,347.0,0.3095,4.9,6208.0,4.372,1.168,15.239
K05708.01,FALSE POSITIVE,7.863361238,3.42771,18156.7,22.7,294.86,1057.0,0.869,723.3,5615.0,4.136,1.4,12.524
K05820.01,FALSE POSITIVE,120.16983803,3.19,,,,,,,,,,12.138
K05821.01,CANDIDATE,113.71363032,2.45,,,,,,,,,,15.499
K05822.01,CANDIDATE,17.634272,1.387,76.7,1.69,118.84,842.0,0.1876,9.7,4885.0,3.815,1.979,12.31
K05823.01,FALSE POSITIVE,0.745086745,4.29,270.0,1.29,1775.23,1654.0,0.626,61.4,5325.0,4.607,0.75,15.489
K05824.01,FALSE POSITIVE,247.47724314,7.6,,,,,,,,,,15.78
K05825.01,CANDIDATE,208.047137,3.22,287.5,2.05,4.12,363.0,0.1884,6.9,5991.0,4.175,1.2,13.934
K05826.01,CANDIDATE,30.561533,2.227,585.7,1.53,4.86,379.0,0.0124,6.9,4294.0,4.609,0.664,15.871
K05827.01,CONFIRMED,6.10968225,5.735,60.3,0.79,337.78,1093.0,0.108,18.6,6024.0,4.309,1.009,13.328
K05455.01,CANDIDATE,292.09809,14.43,528.8,2.09,1.2,267.0,0.5155,11.4,5955.0,4.534,0.883,15.003
K05456.01,FALSE POSITIVE,11.8045536,3.195,128.9,0.94,44.76,660.0,0.1533,7.0,4971.0,4.482,0.857,14.274
K05457.01,CANDIDATE,578.21623,2.707,120.6,3.54,2.74,328.0,0.3763,3.5,5166.0,3.6,3.244,11.619
K05458.01,CANDIDATE,56.648588,4.534,648.9,2.19,4.77,377.0,0.769,11.8,5023.0,4.565,0.782,15.602
K05459.01,CANDIDATE,53.554546,5.533,127.6,3.1,82.79,769.0,0.62,8.9,6039.0,3.76,2.622,11.47
K05460.01,FALSE POSITIVE,3.1748772,7.089,1741.0,8.8,933.1,1410.0,0.94,98.6,5116.0,3.994,1.619,14.395
K05461.01,CANDIDATE,119.079642,16.268,422.5,17.89,94.61,795.0,0.2275,18.0,4849.0,2.942,8.984,13.468
K05462.01,FALSE POSITIVE,371.18648,19.929,317.9,2.06,1.68,291.0,0.0845,18.1,6231.0,4.34,1.152,13.937
K05583.01,CANDIDATE,20.5858591,3.069,260.2,1.31,27.85,586.0,0.7233,6.6,5523.0,4.526,0.753,15.306
K05584.01,FALSE POSITIVE,10.90962154,17.8024,499921.0,149.1,381.27,1127.0,0.146,2345.1,5323.0,3.714,2.064,14.096
K05585.01,CANDIDATE,113.573945,3.007,249.6,3.45,14.32,496.0,0.1359,7.8,5155.0,3.768,2.233,12.397
K05586.01,FALSE POSITIVE,27.0779813,138.54,347.5,2.03,29.98,597.0,0.957,139.4,5906.0,4.467,0.85,14.17
K05587.01,FALSE POSITIVE,1.827660875,3.986,46676.8,42.1,1811.72,1664.0,1.026,890.3,6352.0,4.427,1.072,14.268
K05588.01,CANDIDATE,542.91133,15.9,750.1,2.27,0.37,199.0,0.3766,13.1,5583.0,4.559,0.824,15.373
K05589.01,FALSE POSITIVE,376.554588,3.182,481.0,2.0,0.88,247.0,0.0963,5.4,5926.0,4.519,0.913,14.694
K05590.01,FALSE POSITIVE,538.4263,12.751,242.0,3.2,2.53,322.0,0.3917,16.2,5962.0,3.882,2.028,12.099
K05709.01,FALSE POSITIVE,94.20561159,6.62,,,,,,,,,,11.613
K05710.01,FALSE POSITIVE,378.70643955,14.66,,,,,,,,,,15.658
K05711.01,FALSE POSITIVE,78.4286313,3.7368,83303.0,85.77,7.74,425.0,1.388,112.6,5780.0,4.438,1.0,15.069
K05712.01,CANDIDATE,287.75613,5.487,1987.0,3.4,0.5,215.0,0.2794,6.6,4965.0,4.586,0.781,16.925
K05713.01,FALSE POSITIVE,2.53021,21.79,367.9,41.44,1338.82,1543.0,1.275,24.2,5780.0,4.178,1.296,12.294
K05714.01,FALSE POSITIVE,2.249000963,9.6022,58776.2,59.61,4838.14,2126.0,0.68,1159.5,6025.0,3.8,2.293,12.502
K05715.01,CANDIDATE,189.961729,12.46,699.9,1.93,1.08,260.0,0.1845,11.9,5335.0,4.613,0.742,15.713
K05716.01,FALSE POSITIVE,121.62387378,2.73,,,,,,,,,,12.209
K05836.01,CANDIDATE,202.18722766,2.77,,,,,,,,,,13.762
K05837.01,CANDIDATE,280.92070688,3.48,,,,,,,,,,15.261
K05838.01,FALSE POSITIVE,432.074696,4.763,1088.0,2.39,0.32,193.0,0.1559,7.6,5183.0,4.608,0.739,15.214
K05839.01,CANDIDATE,169.415073,3.884,239.9,2.32,6.87,413.0,0.7546,9.8,6362.0,4.238,1.378,12.427
K05840.01,FALSE POSITIVE,460.77905,15.541,239.3,4.24,5.32,387.0,0.324,12.7,6126.0,3.731,2.717,13.462
K05841.01,FALSE POSITIVE,3.21318517,15.47,2046.1,8.24,2017.35,1710.0,0.924,662.9,6712.0,4.159,1.513,12.52
K05842.01,CANDIDATE,57.7749373,4.731,283.6,1.85,17.82,524.0,0.044,10.4,6277.0,4.417,1.097,14.753
K05843.01,FALSE POSITIVE,331.78248134,4.94,,,,,,,,,,13.789
K05463.01,FALSE POSITIVE,1.20608769,2.2272,1660.6,44.46,3353.78,1941.0,1.253,66.9,5657.0,4.186,1.355,14.252
K05464.01,FALSE POSITIVE,613.82905,18.18,148.2,2.85,2.1,307.0,0.2616,10.2,5636.0,3.809,2.357,13.016
K05465.01,FALSE POSITIVE,476.80454,10.65,143.6,1.12,0.63,227.0,0.5619,5.7,5806.0,4.473,0.901,13.879
K05466.01,CONFIRMED,4.09513876,2.462,181.7,1.75,374.3,1122.0,0.97,11.6,5858.0,4.495,0.963,15.524
K05467.01,CANDIDATE,502.8356901,9.97,,,,,,,,,,15.195
K05468.01,CANDIDATE,81.704814,1.468,297.0,1.65,9.04,442.0,0.0021,5.8,6099.0,4.421,0.95,14.794
K05469.01,FALSE POSITIVE,0.779615874,3.932,81.5,0.83,2735.51,1847.0,0.699,22.0,5764.0,4.548,0.863,15.292
K05470.01,CANDIDATE,578.21805,4.18,637.0,2.44,0.59,223.0,0.3937,5.3,6089.0,4.495,0.95,15.584
K05591.01,CANDIDATE,317.009388,3.013,326.9,4.03,3.34,345.0,0.2991,7.5,5066.0,3.787,2.27,13.555
K05592.01,CANDIDATE,482.51701,14.791,573.0,2.3,0.8,242.0,0.0846,10.3,6168.0,4.488,0.96,15.054
K05593.01,FALSE POSITIVE,224.469892,2.952,458.6,2.35,2.58,323.0,0.2691,5.5,5911.0,4.337,1.091,14.918
K05594.01,FALSE POSITIVE,113.556471,2.383,278.7,6.76,42.48,651.0,0.1828,7.6,4842.0,3.167,4.164,13.316
K05595.01,FALSE POSITIVE,208.02789,10.82,255.0,1.04,0.35,196.0,0.6065,8.8,4285.0,4.63,0.632,14.487
K05596.01,FALSE POSITIVE,308.024953,2.665,352.6,3.55,3.35,345.0,0.3366,10.2,5220.0,3.808,1.887,11.879
K05597.01,CANDIDATE,7.77710639,3.418,77.4,0.73,84.44,773.0,0.196,10.6,5073.0,4.481,0.851,13.725
K05717.01,FALSE POSITIVE,1.33261458,5.161,1335.3,3.65,505.52,1208.0,0.936,17.5,4611.0,4.551,0.76,17.511
K05718.01,CANDIDATE,233.64574,10.05,2268.0,5.2,1.8,296.0,0.0691,7.6,5780.0,4.438,1.0,17.106
K05719.01,CANDIDATE,27.285315,7.47,396.5,2.19,49.97,678.0,0.213,9.6,6304.0,4.407,1.094,14.71
K05720.01,FALSE POSITIVE,105.895315,2.581,1227.0,2.69,2.58,323.0,0.093,7.0,5271.0,4.548,0.781,15.979
K05721.01,FALSE POSITIVE,61.224558,4.103,544.2,2.76,17.89,525.0,0.571,9.7,6343.0,4.408,1.14,15.873
K05722.01,FALSE POSITIVE,28.507877538,3.13331,24372.3,27.79,33.32,613.0,1.025,449.0,6131.0,4.497,0.945,14.876
K05723.01,FALSE POSITIVE,444.46522,0.767,4084.0,30.17,0.3,189.0,1.2803,9.0,5134.0,4.609,0.746,15.466
K05724.01,FALSE POSITIVE,8.48039,6.134,133.7,1.23,208.42,969.0,0.008,12.0,6193.0,4.434,1.067,14.863
K05344.01,CANDIDATE,445.351255,6.516,420.4,3.66,4.43,370.0,0.1716,10.6,7202.0,4.112,1.755,13.735
K05345.01,FALSE POSITIVE,72.0153825,2.548,177.7,6.94,88.86,783.0,0.6038,6.8,5099.0,3.299,5.032,11.888
K05346.01,FALSE POSITIVE,21.12752693,2.253,51.8,20.93,7200.22,2349.0,0.157,18.4,4024.0,1.672,30.882,8.789
K05347.01,FALSE POSITIVE,23.9341825,1.607,228.1,1.03,8.27,432.0,0.0465,6.5,4415.0,4.58,0.715,14.869
K05348.01,FALSE POSITIVE,87.775799,1.862,450.0,2.44,6.61,409.0,0.8114,6.3,5604.0,4.375,1.025,15.429
K05349.01,FALSE POSITIVE,65.67350728,2.73,,,,,,,,,,15.528
K05350.01,FALSE POSITIVE,222.06409878,2.89,,,,,,,,,,14.017
K05351.01,FALSE POSITIVE,35.882272887,3.95004,101231.0,35.21,16.3,512.0,0.858,3096.9,5840.0,4.57,0.812,14.295
K05471.01,FALSE POSITIVE,8.780603773,3.16989,90027.8,52.34,85.17,775.0,1.127,1406.9,5487.0,4.563,0.832,15.674
K05472.01,CANDIDATE,97.5137491,2.655,279.8,5.27,37.25,630.0,0.0922,9.1,5437.0,3.57,3.18,12.603
K05473.01,CANDIDATE,549.42772,6.09,719.1,2.64,0.58,223.0,0.4315,12.1,5957.0,4.498,0.971,14.654
K05474.01,CANDIDATE,284.666844,2.752,418.0,8.98,13.14,486.0,0.3413,5.6,5248.0,3.368,4.413,13.761
K05475.01,CONFIRMED,224.150923,12.455,348.6,2.41,4.4,369.0,0.019,34.2,6072.0,4.133,1.286,13.093
K05476.01,CANDIDATE,148.179343,12.733,466.6,2.52,4.29,367.0,0.102,12.5,5635.0,4.278,1.183,15.563
K05477.01,FALSE POSITIVE,551.49832,40.92,1874.4,4.89,0.51,215.0,0.9478,37.0,5926.0,4.532,0.887,15.536
K05478.01,FALSE POSITIVE,351.2878737,11.2066,134634.0,38.47,0.96,252.0,0.712,1002.8,5911.0,4.519,0.914,15.703
K05598.01,CANDIDATE,376.934014,4.28,382.4,2.13,1.33,274.0,0.6546,6.1,6074.0,4.369,1.034,13.797
K05599.01,FALSE POSITIVE,46.50446209,1.37,,,,,,,,,,15.682
K05600.01,CANDIDATE,17.168095,13.04,143.1,4.81,31.34,603.0,0.999,8.1,5053.0,3.824,1.907,14.498
K05601.01,FALSE POSITIVE,124.091252,2.172,281.4,1.3,2.04,305.0,0.031,5.7,5275.0,4.571,0.792,14.152
K05602.01,CANDIDATE,403.163148,5.735,681.1,2.49,0.79,240.0,0.02,12.1,5812.0,4.504,0.963,14.624
K05603.01,CANDIDATE,341.557931,3.365,433.0,6.81,5.65,393.0,0.6746,9.6,5138.0,3.551,3.098,12.472
K05604.01,CANDIDATE,476.91977,5.07,193.6,2.49,2.49,321.0,0.5589,7.4,6282.0,4.063,1.725,12.952
K05605.01,CANDIDATE,9.011888,4.167,987.6,7.04,351.97,1105.0,0.948,15.5,5627.0,4.002,1.735,14.321
K05725.01,CANDIDATE,351.25069,3.648,1324.0,2.23,0.28,186.0,0.1777,6.5,4828.0,4.63,0.63,15.806
K05726.01,FALSE POSITIVE,212.771978,2.115,1239.0,2.84,1.0,255.0,0.2065,6.9,5122.0,4.505,0.824,15.788
K05727.01,CANDIDATE,65.3558881,2.165,1158.0,2.61,3.05,337.0,0.4827,9.6,4703.0,4.55,0.764,15.676
K05728.01,FALSE POSITIVE,18.0766788,3.06,28831.0,19.47,54.73,694.0,0.822,26.6,5780.0,4.438,1.0,16.667
K05729.01,FALSE POSITIVE,1.33255577,4.282,126.5,0.97,961.41,1420.0,0.199,15.4,5122.0,4.469,0.881,15.916
K05730.01,FALSE POSITIVE,1.33259275,4.014,79.1,0.97,1983.27,1703.0,0.833,15.9,6091.0,4.487,0.967,15.3
K05731.01,FALSE POSITIVE,36.6092739,1.835,1102.0,52.42,1640.55,1623.0,0.26,7.6,4770.0,2.319,16.114,13.823
K05732.01,CANDIDATE,39.399926,5.729,341.4,1.52,14.66,499.0,0.544,9.4,5913.0,4.581,0.795,15.453
K05352.01,CANDIDATE,270.1430241,6.32,,,,,,,,,,15.059
K05353.01,FALSE POSITIVE,0.812592362,1.5646,6945.8,25.84,16928.43,2912.0,1.007,226.6,7117.0,4.153,1.64,14.235
K05354.01,FALSE POSITIVE,81.871309,1.606,98.2,1.12,12.59,480.0,0.1996,5.4,6343.0,4.375,1.115,12.869
K05355.01,FALSE POSITIVE,0.566805859,3.835,61.1,1.25,15850.69,2858.0,0.724,21.5,6413.0,4.203,1.494,13.857
K05356.01,FALSE POSITIVE,326.36595188,3.75,,,,,,,,,,14.983
K05357.01,FALSE POSITIVE,520.58269,2.264,348.0,1.94,0.83,244.0,0.045,6.0,6210.0,4.45,1.033,14.027
K05358.01,CANDIDATE,126.586058,5.41,124.9,1.54,10.54,460.0,0.799,10.5,6611.0,4.269,1.249,12.968
K05359.01,CANDIDATE,2.7200197,1.874,869.0,1.53,61.08,713.0,0.0078,8.5,3939.0,4.735,0.527,16.56
K05479.01,CANDIDATE,18.347081,2.825,1126.6,5.65,126.14,855.0,0.1988,11.6,5465.0,3.968,1.702,14.261
K05480.01,CANDIDATE,57.140035,5.684,1567.0,5.78,28.34,588.0,0.0783,7.2,5936.0,4.103,1.46,16.558
K05481.01,FALSE POSITIVE,0.718643659,2.51246,124930.0,50.85,3813.75,2002.0,0.922,575.0,5853.0,4.483,0.934,15.121
K05482.01,CANDIDATE,31.707574649,7.6771,787.3,2.96,21.1,547.0,0.923,5.5,5861.0,4.546,0.865,15.197
K05483.01,FALSE POSITIVE,17.946328114,8.15905,102994.0,66.65,120.63,845.0,0.774,3497.6,5228.0,3.906,1.722,14.933
K05484.01,FALSE POSITIVE,204.818268,1.93,303.6,5.18,17.9,525.0,0.346,5.4,6060.0,3.65,2.93,11.784
K05485.01,CANDIDATE,9.3589254,3.169,1527.0,17.37,1288.85,1528.0,0.184,8.9,5188.0,3.327,4.521,17.054
K05486.01,CANDIDATE,4.15472242,1.791,2243.0,23.47,6522.18,2292.0,0.971,19.7,6996.0,3.627,3.359,12.572
K05606.01,FALSE POSITIVE,23.81490574,1.9948,79201.0,63.1,121.57,847.0,0.772,444.4,5421.0,3.79,1.89,14.488
K05607.01,FALSE POSITIVE,1.3274511,3.465,123.6,0.66,243.87,1009.0,0.245,16.6,4137.0,4.646,0.61,15.158
K05608.01,CANDIDATE,87.565484,2.527,396.0,2.12,8.6,437.0,0.0563,6.7,6064.0,4.429,1.069,15.212
K05609.01,CANDIDATE,535.1515,2.826,362.3,2.7,1.04,258.0,0.3162,8.6,5468.0,4.085,1.423,12.706
K05610.01,CANDIDATE,495.40462,0.63,904.0,152.21,0.9,248.0,2.3238,5.5,6225.0,4.45,1.031,13.825
K05611.01,FALSE POSITIVE,209.238576,2.245,154.7,1.43,3.72,354.0,0.2683,5.4,6302.0,4.345,1.135,13.564
K05612.01,CANDIDATE,353.65927,4.543,1018.0,2.58,0.58,223.0,0.247,7.5,5438.0,4.574,0.82,15.871
K05613.01,CANDIDATE,346.4174,9.23,662.0,2.41,0.94,251.0,0.1572,7.9,5754.0,4.49,0.946,15.612
K05733.01,FALSE POSITIVE,1.166835206,2.17596,15527.2,96.28,33728.08,3457.0,1.257,388.6,8982.0,4.111,2.123,14.99
K05734.01,FALSE POSITIVE,230.70578883,2.69,,,,,,,,,,14.626
K05735.01,FALSE POSITIVE,4.99471597,3.44,53.0,2.2,2836.06,1861.0,0.698,14.1,6409.0,3.706,2.83,13.352
K05736.01,CANDIDATE,161.651504,2.509,253.6,2.22,4.77,377.0,0.736,8.4,5725.0,4.212,1.289,13.756
K05737.01,CANDIDATE,376.24253,4.064,185.7,1.32,0.99,254.0,0.328,6.3,5916.0,4.463,0.96,13.772
K05738.01,FALSE POSITIVE,27.659607786,4.16321,318404.0,50.7,14.66,499.0,0.604,4791.0,5310.0,4.593,0.768,14.706
K05739.01,FALSE POSITIVE,476.727302,9.327,1035.7,23.42,18.64,530.0,0.008,17.9,5068.0,2.827,7.417,13.587
K05740.01,CANDIDATE,21.7997515,4.756,109.5,1.01,48.75,674.0,0.1657,8.7,6122.0,4.487,0.964,14.82
K05360.01,CANDIDATE,54.595746,2.21,135.8,2.0,41.81,649.0,0.332,8.7,6014.0,3.989,1.699,13.67
K05361.01,FALSE POSITIVE,22.0495604,3.428,134.5,1.9,163.51,912.0,0.651,15.4,6821.0,4.176,1.548,13.454
K05362.01,FALSE POSITIVE,150.70039392,2.82,,,,,,,,,,15.396
K05363.01,FALSE POSITIVE,44.48477463,1.67,,,,,,,,,,15.179
K05364.01,FALSE POSITIVE,93.6452481,2.12,,,,,,,,,,15.854
K05365.01,CANDIDATE,585.64118,13.97,565.2,2.2,0.43,207.0,0.5274,12.5,5779.0,4.526,0.901,14.644
K05366.01,FALSE POSITIVE,574.69029,4.269,276.8,1.26,0.31,191.0,0.004,7.2,5503.0,4.557,0.764,13.873
K05367.01,CANDIDATE,502.98283916,2.94,,,,,,,,,,14.03
K05487.01,CANDIDATE,48.8130123,1.538,702.0,2.95,22.17,553.0,0.0608,8.8,6202.0,4.395,1.11,15.861
K05488.01,FALSE POSITIVE,280.1604956,2.8637,12946.0,19.25,0.74,237.0,1.04,54.5,5387.0,4.581,0.799,15.884
K05489.01,FALSE POSITIVE,370.46262,9.541,347.9,2.03,1.53,284.0,0.2421,12.1,6295.0,4.401,1.08,13.84
K05490.01,FALSE POSITIVE,116.301793,2.253,649.0,2.18,3.01,336.0,0.4631,6.3,5593.0,4.552,0.842,15.503
K05491.01,FALSE POSITIVE,480.19416,10.76,372.3,1.79,0.72,235.0,0.1548,9.1,6072.0,4.51,0.923,14.382
K05492.01,FALSE POSITIVE,368.49828,14.903,581.9,1.86,0.5,214.0,0.1772,18.0,5255.0,4.527,0.783,14.697
K05493.01,FALSE POSITIVE,6.993576155,21.2695,2924.0,101.15,1569.11,1605.0,1.317,643.3,6565.0,3.803,2.467,12.594
K05494.01,FALSE POSITIVE,223.52131732,3.27,,,,,,,,,,13.658
K05614.01,FALSE POSITIVE,1.811461128,8.42343,921671.0,373.77,33024.44,3438.0,0.309,3934.3,8572.0,3.776,3.034,13.947
K05615.01,FALSE POSITIVE,2.17491508,8.4418,635412.0,193.73,3847.36,2009.0,0.719,1572.0,6792.0,4.143,1.636,14.281
K05616.01,CANDIDATE,441.61919,5.372,820.0,1.71,0.12,152.0,0.5027,7.8,4351.0,4.659,0.592,14.497
K05617.01,FALSE POSITIVE,24.5002702,4.079,153.5,0.73,6.61,409.0,0.405,13.3,4519.0,4.688,0.597,13.511
K05618.01,CANDIDATE,318.49078,3.012,630.0,3.01,1.94,301.0,0.4328,6.3,6026.0,4.302,1.176,14.582
K05619.01,FALSE POSITIVE,2.16402661,2.78,,,,,,,,,,15.09
K05620.01,FALSE POSITIVE,392.89275632,4.93,,,,,,,,,,13.802
K05621.01,FALSE POSITIVE,114.734287,3.724,242.9,1.1,1.82,296.0,0.3694,6.7,5083.0,4.569,0.71,14.259
K05741.01,CANDIDATE,362.0619,14.02,886.2,2.12,0.41,203.0,0.524,13.5,5271.0,4.636,0.698,15.766
K05742.01,FALSE POSITIVE,1.340649911,5.0912,627633.0,127.25,3824.87,2004.0,0.561,791.0,6332.0,4.26,1.222,14.558
K05743.01,FALSE POSITIVE,30.69537638,5.6634,19941.0,19.39,45.29,662.0,0.846,186.8,6185.0,4.356,1.192,15.496
K05744.01,FALSE POSITIVE,30.69533113,5.94855,88771.2,69.4,69.65,737.0,1.041,7846.3,6335.0,4.171,1.286,12.508
K05745.01,CANDIDATE,11.374442708,2.30694,27904.9,22.86,52.84,687.0,0.978,643.6,5297.0,4.546,0.808,14.585
K05746.01,FALSE POSITIVE,49.873958,1.351,562.0,1.5,4.26,366.0,0.4119,5.7,4979.0,4.632,0.629,15.518
K05747.01,CANDIDATE,411.447056,3.481,285.2,2.86,3.22,342.0,0.287,7.3,6519.0,4.108,1.672,13.81
K05748.01,CANDIDATE,29.9371143,4.435,194.3,1.19,14.87,501.0,0.321,11.6,5115.0,4.47,0.866,14.489
K05368.01,FALSE POSITIVE,114.25041494,2.11,,,,,,,,,,15.872
K05369.01,CANDIDATE,651.358046,4.384,570.8,14.58,6.75,411.0,0.0946,11.0,5122.0,3.172,6.261,12.888
K05370.01,FALSE POSITIVE,407.97623,14.69,237.5,4.63,14.53,498.0,0.0598,11.2,7612.0,3.787,2.968,12.234
K05371.01,CANDIDATE,33.3037881,3.003,272.4,1.14,7.53,422.0,0.072,8.1,4899.0,4.624,0.713,14.733
K05372.01,CANDIDATE,212.60398,5.74,188.5,1.64,3.06,337.0,0.0513,7.1,5834.0,4.284,1.207,14.01
K05373.01,CANDIDATE,50.550788,2.353,154.5,5.0,92.03,790.0,0.632,7.9,5031.0,3.433,3.859,11.509
K05374.01,FALSE POSITIVE,239.25578975,5.21,,,,,,,,,,13.816
K05375.01,CANDIDATE,285.374561,4.865,482.3,5.94,7.54,423.0,0.018,13.7,5142.0,3.47,2.756,13.863
K05495.01,FALSE POSITIVE,6.279888981,5.5086,1514.6,196.78,3281.24,1931.0,1.244,150.5,5057.0,3.137,6.222,13.285
K05496.01,FALSE POSITIVE,37.47695717,1.46,,,,,,,,,,14.508
K05497.01,CANDIDATE,93.359737,5.397,38.3,1.05,29.01,592.0,0.0547,8.1,6809.0,4.078,1.673,10.926
K05498.01,FALSE POSITIVE,519.80221867,14.9678,77183.1,40.88,0.51,216.0,0.894,2502.9,5310.0,4.356,1.03,12.651
K05499.01,CANDIDATE,122.58481,22.37,318.9,1.19,1.43,279.0,0.3468,7.6,5003.0,4.602,0.669,15.443
K05500.01,CANDIDATE,84.934357,3.169,129.7,1.6,18.83,531.0,0.1612,5.9,6290.0,4.156,1.395,13.67
K05501.01,FALSE POSITIVE,48.9200563,2.295,333.9,1.71,10.22,456.0,0.6077,7.0,5375.0,4.433,0.899,14.981
K05502.01,CANDIDATE,421.98194,13.799,173.1,2.02,2.96,334.0,0.1494,15.0,6760.0,4.193,1.515,12.338
K05622.01,CONFIRMED,469.61309,13.709,1234.7,3.24,0.37,200.0,0.906,18.2,5474.0,4.598,0.763,15.696
K05623.01,FALSE POSITIVE,583.73632,15.75,338.6,2.65,1.19,266.0,0.126,11.4,6003.0,4.176,1.442,14.495
K05624.01,FALSE POSITIVE,502.658,19.51,216.0,0.69,0.04,116.0,0.3138,10.0,3754.0,4.773,0.473,13.676
K05625.01,CANDIDATE,116.454312,15.826,2125.3,3.33,2.06,306.0,0.006,30.0,5197.0,4.548,0.736,16.017
K05626.01,CANDIDATE,397.499229,8.019,2629.7,6.57,1.73,293.0,0.5839,34.8,6423.0,4.37,1.231,15.312
K05627.01,FALSE POSITIVE,243.954706,2.562,291.7,1.35,1.03,257.0,0.1207,5.2,5578.0,4.578,0.794,14.43
K05628.01,CANDIDATE,24.9093027,3.8,332.6,1.32,9.9,452.0,0.679,10.4,4810.0,4.633,0.685,15.712
K05629.01,CANDIDATE,192.138741,3.218,151.4,1.93,6.48,407.0,0.0503,8.2,6065.0,4.098,1.569,12.534
K05749.01,CANDIDATE,281.95332,2.756,1039.0,2.31,0.41,204.0,0.6164,7.6,4864.0,4.628,0.692,15.399
K05750.01,FALSE POSITIVE,12.71368909,1.875,192.2,1.09,56.78,700.0,0.196,9.8,5715.0,4.586,0.782,15.127
K05751.01,FALSE POSITIVE,25.26363805,2.72,,,,,,,,,,12.231
K05752.01,FALSE POSITIVE,1.391716834,1.421,41.0,36.19,1150147.99,8346.0,0.233,9.7,3749.0,0.833,59.684,13.71
K05753.01,FALSE POSITIVE,70.516233809,4.09296,330180.0,52.74,5.47,390.0,0.587,3168.8,5511.0,4.531,0.789,15.284
K05754.01,FALSE POSITIVE,2.645596805,2.9095,1272.7,167.05,8539.63,2452.0,1.239,166.8,4980.0,3.167,5.443,12.375
K05755.01,CANDIDATE,388.67155,11.701,371.3,1.49,0.46,210.0,0.0576,10.1,5354.0,4.587,0.788,14.829
K05756.01,FALSE POSITIVE,105.6327297,2.73,,,,,,,,,,13.568
K05376.01,FALSE POSITIVE,274.553579,5.95,218.3,1.66,2.55,322.0,0.1125,6.7,6267.0,4.334,1.118,13.715
K05377.01,FALSE POSITIVE,251.02304011,3.11,,,,,,,,,,13.439
K05378.01,FALSE POSITIVE,1.80774253,2.637,592.6,5.29,2606.24,1822.0,0.9062,15.1,5164.0,3.88,1.779,15.651
K05379.01,CANDIDATE,520.655224,12.94,314.9,7.58,6.12,401.0,0.2674,14.4,5227.0,3.321,4.313,12.518
K05380.01,CANDIDATE,369.93355,7.6,995.0,3.24,1.25,270.0,0.149,15.8,6158.0,4.453,1.024,15.524
K05381.01,FALSE POSITIVE,28.7369766,1.586,525.0,1.95,21.64,550.0,0.1108,5.5,5722.0,4.547,0.854,15.642
K05382.01,FALSE POSITIVE,2.45649061,2.844,287.8,14.14,33039.62,3440.0,0.167,21.0,4870.0,2.486,8.531,10.45
K05383.01,FALSE POSITIVE,98.51783198,1.65,,,,,,,,,,14.037
K05503.01,FALSE POSITIVE,457.513348,5.763,562.5,25.18,16.21,512.0,0.9613,3.9,5047.0,2.966,7.821,13.853
K05504.01,FALSE POSITIVE,224.02589924,2.93,,,,,,,,,,15.496
K05505.01,FALSE POSITIVE,323.77153,17.57,353.7,1.44,0.52,216.0,0.083,10.6,5196.0,4.586,0.784,14.458
K05506.01,CANDIDATE,641.60204,16.762,237.3,1.61,0.66,230.0,0.3218,10.6,6277.0,4.449,1.031,14.152
K05507.01,FALSE POSITIVE,40.0389613,1.711,109.4,0.95,16.85,517.0,0.3619,5.7,5701.0,4.437,0.903,13.699
K05508.01,FALSE POSITIVE,22.571972634,4.00349,79325.7,46.14,34.24,617.0,1.056,1040.1,5645.0,4.431,0.871,15.45
K05509.01,CANDIDATE,28.406342,2.598,223.6,1.41,33.44,613.0,0.2208,5.4,6085.0,4.474,0.936,15.423
K05510.01,FALSE POSITIVE,1.018861199,6.5005,291214.0,93.47,9299.2,2505.0,0.358,911.3,6225.0,4.009,1.672,14.039
K05630.01,FALSE POSITIVE,80.519237,4.044,92.5,1.08,12.11,476.0,0.102,7.2,6251.0,4.378,1.119,12.725
K05631.01,FALSE POSITIVE,149.356804,15.415,171.6,2.92,23.18,560.0,0.1627,14.0,6569.0,3.842,2.203,13.825
K05632.01,CANDIDATE,264.466625,6.371,437.3,2.61,3.41,346.0,0.129,27.0,6551.0,4.337,1.236,11.154
K05633.01,CANDIDATE,151.77884,2.615,189.7,4.35,34.01,616.0,0.159,8.2,6328.0,3.634,3.134,11.141
K05634.01,FALSE POSITIVE,50.47759052,2.02,,,,,,,,,,12.909
K05635.01,CANDIDATE,113.993156,7.721,69.7,2.23,66.64,729.0,0.7026,15.6,7892.0,3.921,2.496,11.176
K05636.01,FALSE POSITIVE,2.79123954,2.843,154.8,2.22,2322.96,1771.0,0.709,25.3,6407.0,4.111,1.668,13.116
K05637.01,FALSE POSITIVE,223.31769215,3.54,,,,,,,,,,13.705
K05757.01,FALSE POSITIVE,44.637111,5.868,282.5,1.28,8.22,432.0,0.029,9.4,5222.0,4.518,0.78,15.292
K05758.01,CANDIDATE,102.493119,2.814,636.1,2.7,2.37,317.0,0.9591,8.3,5166.0,4.583,0.791,15.142
K05759.01,CANDIDATE,284.94212784,3.2,,,,,,,,,,13.248
K05760.01,FALSE POSITIVE,365.620697,32.263,27188.0,12.75,0.5,215.0,0.4173,671.1,5273.0,4.531,0.768,14.622
K05761.01,CANDIDATE,6.13292733,1.561,58.7,1.56,854.43,1379.0,0.225,10.0,5877.0,3.941,2.034,13.421
K05762.01,CANDIDATE,12.63063129,2.212,300.8,1.37,53.17,689.0,0.017,9.5,5579.0,4.58,0.798,15.633
K05763.01,FALSE POSITIVE,191.272501,3.064,286.5,1.59,2.18,310.0,0.504,5.8,5727.0,4.43,0.918,13.955
K05764.01,CANDIDATE,286.02266,10.43,1036.0,2.03,0.25,180.0,0.3591,9.8,4368.0,4.624,0.637,15.45
K05384.01,CANDIDATE,7.95445779,4.6012,6269.4,9.5,303.36,1064.0,0.021,228.4,6217.0,4.306,1.196,14.406
K05385.01,CANDIDATE,331.70918,7.44,3463.0,6815.75,0.56,221.0,78.4871,9.5,5282.0,4.565,0.805,15.54
K05386.01,FALSE POSITIVE,575.42002,17.22,401.7,1.91,0.61,225.0,0.1538,11.7,6025.0,4.448,0.949,14.693
K05387.01,CANDIDATE,297.78282,18.38,392.4,1.17,0.18,167.0,0.2697,10.8,4192.0,4.657,0.59,14.587
K05388.01,CANDIDATE,137.396194,17.61,155.4,3.38,16.87,517.0,0.525,13.2,5425.0,3.704,2.655,13.668
K05389.01,CANDIDATE,365.739893,1.218,300.7,1.73,0.8,241.0,0.6206,4.7,5420.0,4.396,0.953,12.962
K05390.01,CANDIDATE,104.198102,3.2,652.2,5.13,14.46,497.0,0.3437,8.9,5087.0,3.759,2.024,14.457
K05391.01,FALSE POSITIVE,368.72715,5.06,426.6,1.55,0.51,215.0,0.3411,6.4,5401.0,4.569,0.749,14.598
K05511.01,CANDIDATE,74.833577,3.247,86.4,1.68,28.65,590.0,0.1101,6.4,5933.0,3.953,1.807,12.395
K05512.01,CANDIDATE,8.5852872,2.834,1406.0,3.02,85.95,777.0,0.029,11.0,5488.0,4.57,0.818,16.565
K05513.01,FALSE POSITIVE,100.303613,10.578,488038.0,78.77,7.41,421.0,0.388,354.7,6060.0,4.397,1.046,17.908
K05514.01,CANDIDATE,102.100752,2.009,194.2,2.63,21.84,551.0,0.492,5.2,6359.0,4.046,1.83,13.845
K05515.01,CANDIDATE,6.263491873,0.8513,2829.0,6.46,458.5,1180.0,0.048,35.1,6247.0,4.255,1.194,13.952
K05516.01,FALSE POSITIVE,0.83620025,3.7127,331275.0,65.64,3299.29,1932.0,0.56,145.4,5780.0,4.438,1.0,20.003
K05517.01,CANDIDATE,335.43143,10.3,228.1,7.12,11.31,468.0,0.4062,6.8,5172.0,3.315,4.721,13.938
K05518.01,CANDIDATE,558.21886,13.556,1539.4,3.1,0.36,198.0,0.022,19.1,5679.0,4.581,0.794,15.326
K05638.01,CANDIDATE,290.02002,23.87,172.5,1.56,2.51,321.0,0.5367,7.6,6452.0,4.384,1.148,14.737
K05639.01,CANDIDATE,279.21957,10.015,333.5,4.92,5.77,395.0,0.6009,10.5,5159.0,3.648,2.604,13.845
K05640.01,CANDIDATE,348.665961,3.849,391.2,9.56,13.93,493.0,0.0873,10.8,5183.0,3.166,4.89,12.038
K05641.01,FALSE POSITIVE,616.34132,12.724,1287.0,2.11,0.07,131.0,0.28,12.5,4197.0,4.659,0.588,15.894
K05642.01,CANDIDATE,222.28056,3.035,271.9,2.56,6.37,405.0,0.2151,8.0,6543.0,4.17,1.531,12.401
K05643.01,CANDIDATE,570.01886,3.52,428.5,1.62,0.31,190.0,0.1946,6.8,5496.0,4.579,0.79,14.441
K05644.01,CANDIDATE,378.93139106,14.11,,,,,,,,,,15.316
K05645.01,CANDIDATE,580.85326788,16.63,,,,,,,,,,15.927
K05765.01,FALSE POSITIVE,390.40832,7.916,251.9,0.63,0.04,115.0,0.0407,8.5,3659.0,4.858,0.4,13.974
K05766.01,FALSE POSITIVE,191.528018,2.342,171.8,1.32,2.95,334.0,0.0258,6.4,6054.0,4.416,1.009,13.337
K05767.01,FALSE POSITIVE,386.59946,3.305,380.7,1.89,1.06,259.0,0.2307,5.8,6137.0,4.487,0.963,14.79
K05768.01,FALSE POSITIVE,15.4032765,3.246,253.0,1.32,36.41,626.0,0.623,9.2,5272.0,4.508,0.799,15.555
K05769.01,CANDIDATE,7.58062893,3.484,86.1,0.97,182.01,937.0,0.382,10.9,5753.0,4.417,1.041,14.498
K05770.01,FALSE POSITIVE,61.0011095,1.049,408.0,2.55,19.57,536.0,0.7091,4.6,6418.0,4.395,1.171,15.227
K05771.01,FALSE POSITIVE,198.232389,1.919,416.4,2.28,3.64,352.0,0.0297,5.7,6263.0,4.382,1.113,13.991
K05392.01,FALSE POSITIVE,0.66062715,4.56,248.5,26.13,6966.29,2327.0,1.208,7.8,6322.0,4.426,1.075,14.162
K05393.01,CANDIDATE,248.421771,4.187,704.0,18.92,26.64,579.0,0.7838,8.8,4895.0,3.008,6.428,13.586
K05394.01,FALSE POSITIVE,456.5734,5.465,397.5,7.88,6.88,413.0,0.1768,7.6,5002.0,3.216,4.042,13.731
K05395.01,FALSE POSITIVE,601.13797,15.26,172.8,1.81,0.99,254.0,0.057,9.9,5786.0,4.155,1.388,13.17
K05396.01,FALSE POSITIVE,344.06248,15.6,136.3,5.26,28.42,589.0,0.935,17.7,7664.0,3.611,3.697,11.566
K05397.01,FALSE POSITIVE,39.94344731,1.71,,,,,,,,,,12.218
K05398.01,CANDIDATE,551.22396,5.896,570.7,2.1,0.42,206.0,0.2134,17.2,5691.0,4.544,0.887,14.465
K05399.01,FALSE POSITIVE,466.90824,2.64,660.0,2.19,0.46,210.0,0.0868,5.4,5340.0,4.456,0.867,15.202
K05519.01,FALSE POSITIVE,361.30991,12.968,275.6,7.07,7.5,422.0,0.0802,10.6,4911.0,3.354,4.419,13.851
K05520.01,FALSE POSITIVE,199.4424134,7.2533,32171.9,56.11,3.32,344.0,1.1877,486.4,5869.0,4.288,1.17,14.372
K05521.01,FALSE POSITIVE,31.59115876,2.6431,1434.4,72.91,88.84,783.0,1.247,83.5,5178.0,3.714,2.295,13.687
K05522.01,FALSE POSITIVE,356.99135,17.03,747.8,2.47,0.78,240.0,0.2437,13.8,5539.0,4.467,0.913,15.684
K05523.01,FALSE POSITIVE,96.120478,1.125,285.4,2.08,10.62,460.0,0.5381,6.0,6038.0,4.245,1.186,13.917
K05524.01,FALSE POSITIVE,9.63647672,2.999,47.6,2.02,565.04,1243.0,0.046,11.1,5125.0,3.631,3.007,12.162
K05525.01,FALSE POSITIVE,45.680876,2.293,350.3,14.5,514.91,1215.0,0.206,3.7,4835.0,2.608,7.917,13.409
K05526.01,FALSE POSITIVE,43.169798,9.686,120.8,1.47,33.77,615.0,0.5639,6.9,5929.0,4.176,1.292,13.158
K05897.01,CANDIDATE,395.94327,16.09,1506.0,2.53,0.21,172.0,0.1116,14.5,4596.0,4.63,0.678,15.921
K05898.01,CANDIDATE,76.37924,0.645,276.3,1.73,6.41,406.0,0.7333,5.7,5451.0,4.404,0.936,13.717
K05899.01,CANDIDATE,58.669218,3.712,169.4,1.28,9.68,450.0,0.332,10.0,5548.0,4.433,0.986,13.899
K05900.01,CANDIDATE,355.84731,16.68,123.9,1.68,3.71,354.0,0.1578,9.8,6823.0,4.212,1.493,13.127
K05901.01,CANDIDATE,61.611129,14.96,82.9,1.29,30.02,597.0,0.364,22.0,6533.0,4.227,1.386,12.332
K05902.01,CANDIDATE,150.728285,2.718,213.5,1.27,2.51,321.0,0.2751,5.6,5778.0,4.544,0.871,14.396
K05903.01,CANDIDATE,253.790434,3.702,604.0,2.06,0.97,253.0,0.1412,6.4,5426.0,4.535,0.85,15.327
K05904.01,FALSE POSITIVE,322.544807,11.236,88.0,0.68,0.55,219.0,0.0183,12.1,5359.0,4.611,0.741,11.697
K05905.01,CANDIDATE,35.6606167,1.59,,,,,,,,,,13.951
K05906.01,FALSE POSITIVE,22.57494749,36.756,1344.1,49.49,129.25,860.0,1.271,302.6,6581.0,4.192,1.468,11.612
K05907.01,CANDIDATE,587.38162,11.973,863.6,36.77,18.29,527.0,0.6822,12.8,4784.0,2.711,11.839,13.715
K05908.01,FALSE POSITIVE,85.5692223,4.954,539.2,6.85,19.51,536.0,0.98,18.2,5361.0,3.856,1.951,13.982
K05909.01,CANDIDATE,7.07987663,2.589,309.8,1.36,70.05,738.0,0.034,10.0,4808.0,4.521,0.806,15.975
K05910.01,CANDIDATE,91.240335,2.314,206.1,1.75,14.03,494.0,0.1436,5.7,6493.0,4.305,1.205,13.89
K05911.01,CANDIDATE,357.41382,3.675,777.0,3.01,1.52,283.0,0.1438,6.7,6233.0,4.412,1.076,15.388
K05912.01,CANDIDATE,359.854745,3.429,302.4,2.25,1.97,302.0,0.8071,6.1,6495.0,4.379,1.168,13.728
K05913.01,CANDIDATE,89.366114,3.945,494.0,1.97,5.54,391.0,0.39,6.3,5861.0,4.522,0.875,15.409
K05914.01,FALSE POSITIVE,422.255426,4.974,1935.0,5.09,1.39,277.0,0.3769,17.4,6273.0,4.364,1.139,15.17
K05915.01,CANDIDATE,37.6259039,3.91,411.0,1.81,17.13,519.0,0.49,11.7,5874.0,4.542,0.871,15.013
K05916.01,CANDIDATE,100.41475198,1.72,,,,,,,,,,12.124
K05917.01,CANDIDATE,41.9934673,3.226,293.7,1.56,15.19,503.0,0.046,9.4,5766.0,4.498,0.915,14.847
K05918.01,CANDIDATE,94.67782,2.215,287.0,1.46,3.67,353.0,0.3614,5.9,5360.0,4.503,0.866,14.258
K05919.01,CANDIDATE,290.196139,13.698,281.0,2.35,3.2,341.0,0.017,15.7,6238.0,4.224,1.403,13.511
K05920.01,FALSE POSITIVE,471.39698,10.714,329.9,1.87,1.16,265.0,0.3379,13.1,6587.0,4.463,1.008,13.731
K05921.01,CANDIDATE,175.452812,2.734,141.8,3.96,28.77,591.0,0.1526,6.1,6184.0,3.58,3.304,13.086
K05922.01,CANDIDATE,367.07446,5.887,368.3,2.15,1.59,287.0,0.093,6.6,6315.0,4.407,1.116,14.666
K05923.01,CANDIDATE,366.684634,3.284,456.3,10.75,9.18,444.0,0.5294,9.1,5090.0,3.353,4.962,13.026
K05924.01,CANDIDATE,291.306507,2.91,1132.0,2.49,0.54,219.0,0.3377,7.1,5031.0,4.548,0.748,15.789
K05925.01,CANDIDATE,93.006,2.461,125.4,1.97,15.18,503.0,0.4428,6.7,5518.0,3.973,1.742,12.979
K05926.01,CANDIDATE,26.46288074,1.4,,,,,,,,,,13.023
K05927.01,FALSE POSITIVE,436.42852,13.8,163.9,1.26,0.86,245.0,0.3772,9.2,5997.0,4.466,0.971,13.298
K05928.01,CANDIDATE,20.69920737,2.17,,,,,,,,,,11.957
K05929.01,CANDIDATE,466.002988,10.278,2363.6,4.92,0.58,223.0,0.867,42.3,5830.0,4.54,0.876,14.692
K05930.01,CANDIDATE,302.77571,3.183,1106.0,1.0,0.03,106.0,0.1265,7.1,3358.0,4.944,0.303,15.755
K05931.01,CANDIDATE,115.19952922,2.67,,,,,,,,,,11.794
K05932.01,CANDIDATE,355.86134,23.39,1220.7,2.79,0.7,233.0,0.003,15.2,5736.0,4.576,0.801,15.887
K05933.01,CANDIDATE,236.506437,5.004,744.4,10.37,12.54,480.0,0.1474,10.6,5066.0,3.414,3.9,13.856
K05934.01,CANDIDATE,19.3854894,1.031,4560.0,6.13,37.73,632.0,0.0074,2.7,5432.0,4.42,0.913,13.891
K05935.01,CANDIDATE,416.87893121,4.45,,,,,,,,,,15.69
K05936.01,CANDIDATE,48.38798413,1.23,,,,,,,,,,15.025
K05937.01,CANDIDATE,357.588538,3.367,344.8,3.53,7.38,420.0,0.1542,7.2,7435.0,4.082,1.876,13.382
K05938.01,CANDIDATE,545.205601,3.296,199.7,1.66,1.03,257.0,0.3515,7.1,6273.0,4.345,1.155,12.812
K05939.01,CANDIDATE,105.053389,1.988,176.7,1.52,9.61,449.0,0.2199,5.8,6471.0,4.392,1.13,13.724
K05940.01,CANDIDATE,24.7967294,4.278,970.5,3.14,19.62,537.0,0.952,13.8,5496.0,4.592,0.776,15.627
K05941.01,CANDIDATE,44.7060191,0.25,292.0,60.47,11.01,465.0,1.6552,6.6,5509.0,4.482,0.811,13.783
K05942.01,CANDIDATE,125.277815,4.442,432.3,15.75,96.53,799.0,0.131,11.0,5119.0,2.961,7.738,13.325
K05943.01,CANDIDATE,27.2020672,1.811,180.3,1.87,63.31,719.0,0.223,8.7,5869.0,4.175,1.396,14.172
K05944.01,FALSE POSITIVE,64.713168094,5.69869,312970.0,62.03,12.8,482.0,0.573,3582.5,6175.0,4.44,0.974,13.882
K05945.01,CANDIDATE,40.7282314,13.677,221.8,4.58,111.83,829.0,0.9828,19.4,6531.0,3.936,2.231,12.717
K05946.01,CANDIDATE,183.38048452,3.25,,,,,,,,,,13.612
K05947.01,FALSE POSITIVE,1.036592136,2.296,2118.2,293.01,73013.77,4194.0,1.25,150.6,4884.0,2.737,8.747,11.449
K05948.01,CANDIDATE,398.51312,5.41,249.2,1.23,0.58,222.0,0.5091,5.9,5776.0,4.596,0.759,13.843
K05949.01,CANDIDATE,559.785594,3.496,274.8,1.88,0.92,249.0,0.411,7.3,6201.0,4.352,1.111,13.295
K05950.01,CANDIDATE,109.43946,3.801,187.1,1.0,2.31,314.0,0.0905,7.3,5359.0,4.611,0.741,13.718
K05951.01,CANDIDATE,194.25835342,3.15,,,,,,,,,,15.779
K05952.01,CANDIDATE,164.507439,11.428,433.8,2.15,3.39,346.0,0.3819,11.7,5866.0,4.382,1.02,15.025
K05953.01,CANDIDATE,370.84786,13.966,1440.0,4.03,0.54,219.0,0.8847,15.2,5291.0,4.539,0.886,15.479
K05954.01,CANDIDATE,73.908995,3.916,100.5,0.94,7.44,421.0,0.4947,7.0,5865.0,4.518,0.918,13.144
K05955.01,CANDIDATE,96.32561456,2.28,,,,,,,,,,14.451
K05956.01,CANDIDATE,212.646179,2.539,953.0,3.19,2.5,321.0,0.1739,5.4,6108.0,4.466,1.03,15.611
K05957.01,FALSE POSITIVE,371.54879,9.841,125.6,1.13,0.66,230.0,0.6743,10.1,5225.0,4.41,0.954,12.235
K05958.01,FALSE POSITIVE,226.499243,1.328,127.4,0.89,0.86,245.0,0.266,4.7,5093.0,4.525,0.798,12.059
K05959.01,CANDIDATE,251.48808,6.8,305.0,1.74,1.55,284.0,0.8011,6.4,5979.0,4.52,0.902,14.495
K05960.01,CANDIDATE,32.4185265,5.154,110.7,1.62,52.7,687.0,0.7105,7.9,5622.0,4.044,1.441,13.325
K05961.01,CANDIDATE,19.159760875,3.10166,32491.1,25.24,7.65,424.0,1.191,900.3,4492.0,4.727,0.516,15.053
K05962.01,FALSE POSITIVE,2.61594288,6.45,72.1,0.92,831.27,1370.0,0.711,13.4,6063.0,4.476,1.012,15.367
K05963.01,FALSE POSITIVE,1.686009643,1.1818,390.4,1.81,1024.99,1442.0,0.566,48.5,5783.0,4.539,0.88,14.391
K05964.01,CANDIDATE,32.033211,5.289,71.3,0.85,28.78,591.0,0.007,9.2,6039.0,4.478,1.005,13.186
K05965.01,CANDIDATE,43.3975622,3.908,585.3,1.69,5.35,388.0,0.08,8.6,4871.0,4.608,0.725,15.944
K05966.01,CANDIDATE,478.79185021,4.06,,,,,,,,,,14.63
K05844.01,FALSE POSITIVE,344.961485,3.023,427.9,1.61,0.66,230.0,0.3073,6.2,5481.0,4.51,0.775,15.023
K05845.01,CANDIDATE,22.2659599,4.816,61.3,1.18,152.29,896.0,0.03,8.3,6888.0,4.223,1.492,11.299
K05846.01,CANDIDATE,199.064336,13.623,265.0,6.12,12.81,483.0,0.763,15.4,5157.0,3.541,3.436,14.323
K05847.01,CANDIDATE,277.114286,3.926,567.1,17.56,31.66,605.0,0.0288,10.4,5117.0,2.986,7.549,12.348
K05848.01,CANDIDATE,323.159363,2.427,368.6,3.41,2.83,331.0,0.0504,7.4,5251.0,3.872,1.811,13.789
K05849.01,CANDIDATE,21.512259,4.337,131.3,1.13,39.45,639.0,0.1017,7.1,5611.0,4.424,0.997,14.489
K05850.01,CANDIDATE,303.226376,1.802,1464.0,3.66,1.33,274.0,0.1097,12.7,5952.0,4.469,0.955,14.897
K05967.01,CANDIDATE,22.8631517,1.659,103.3,4.84,361.26,1112.0,0.1918,8.5,5043.0,3.339,4.874,12.26
K05968.01,CANDIDATE,97.942437,2.575,100.2,2.29,30.59,600.0,0.0071,7.8,5997.0,3.806,2.284,11.366
K05969.01,FALSE POSITIVE,163.820347,1.331,1196.0,2.59,0.93,251.0,0.2012,7.0,4822.0,4.594,0.771,15.001
K05970.01,FALSE POSITIVE,151.577009,2.59,467.9,3.67,14.96,502.0,0.0653,9.3,6854.0,4.106,1.674,13.965
K05971.01,CANDIDATE,493.30572,5.425,404.5,1.08,0.12,149.0,0.327,7.2,4558.0,4.697,0.548,13.771
K05972.01,CANDIDATE,449.87203,6.539,1130.0,2.59,0.37,199.0,0.1377,10.5,5310.0,4.578,0.786,15.29
K05973.01,CANDIDATE,419.93373,10.29,285.0,1.82,1.57,285.0,0.4097,12.0,6686.0,4.425,1.053,12.71
K05851.01,CANDIDATE,322.221973,7.531,465.6,2.18,1.4,277.0,0.2141,8.9,6026.0,4.437,1.006,14.718
K05852.01,CANDIDATE,235.413973,3.065,1027.0,3.2,2.03,304.0,0.1095,6.9,6028.0,4.468,1.001,15.583
K05853.01,CANDIDATE,366.68293,3.854,1075.0,3.15,0.58,222.0,0.782,6.4,5217.0,4.462,0.869,15.847
K05854.01,CANDIDATE,240.57135,11.164,921.5,2.93,1.96,302.0,0.457,36.9,6146.0,4.497,0.943,14.466
K05855.01,CANDIDATE,217.792748,4.695,1487.0,6.15,2.94,334.0,0.926,16.6,5600.0,4.209,1.283,15.138
K05856.01,CONFIRMED,259.34304,16.04,349.7,6.04,9.65,449.0,0.447,13.1,5490.0,3.629,3.204,14.759
K05857.01,CANDIDATE,388.03884851,4.44,,,,,,,,,,13.583
K05858.01,FALSE POSITIVE,8.34410791,1.606,255.2,1.75,229.93,993.0,0.546,9.9,6321.0,4.434,1.058,15.067
K05974.01,CANDIDATE,4.76815507,2.115,61.0,0.49,79.48,761.0,0.046,9.2,4680.0,4.618,0.649,13.442
K05975.01,FALSE POSITIVE,545.45623972,5.91,,,,,,,,,,12.104
K05976.01,FALSE POSITIVE,2.709570339,5.57527,13170.8,223.75,8211.89,2427.0,1.238,900.9,5030.0,3.18,5.208,13.368
K05977.01,CANDIDATE,49.49059818,1.61,,,,,,,,,,13.841
K05978.01,CANDIDATE,364.18129,6.65,469.5,1.78,0.45,209.0,0.0594,7.0,4988.0,4.498,0.85,14.923
K05979.01,CANDIDATE,37.7935113,1.718,67.2,0.89,29.06,592.0,0.0794,6.9,6178.0,4.417,1.076,11.982
K05980.01,FALSE POSITIVE,0.855294909,2.89112,6771.6,49.03,4916.23,2137.0,1.269,870.3,5846.0,4.27,1.207,13.683
K05981.01,FALSE POSITIVE,350.609298,1.621,369.5,3.88,6.37,405.0,0.0409,3.6,6658.0,3.934,1.992,13.329
K05859.01,CANDIDATE,172.621943,4.435,788.0,26.09,92.12,790.0,0.3131,3.4,5119.0,2.795,9.343,13.414
K05860.01,CANDIDATE,264.708077,3.975,461.3,6.17,7.68,425.0,0.2277,6.3,5283.0,3.617,2.907,13.581
K05861.01,FALSE POSITIVE,452.40428,17.2,216.7,1.58,1.01,256.0,0.6038,8.2,6195.0,4.437,1.029,13.752
K05862.01,FALSE POSITIVE,0.699985822,3.02633,389433.0,46.27,1761.47,1653.0,0.28,626.9,5264.0,4.617,0.724,15.667
K05863.01,CANDIDATE,8.67237968,2.826,99.1,0.87,109.61,825.0,0.1385,12.3,5620.0,4.498,0.882,14.219
K05864.01,CANDIDATE,35.9216912,0.585,221.3,1.38,11.38,468.0,0.7193,5.6,5161.0,4.49,0.829,13.791
K05865.01,FALSE POSITIVE,35.8726918,4.402,916.3,62.51,1837.31,1670.0,0.963,24.6,5254.0,2.494,15.369,13.375
K05866.01,CANDIDATE,102.300622,4.473,781.2,35.36,221.33,984.0,0.9599,13.0,4895.0,2.566,9.435,13.83
K05867.01,CANDIDATE,359.8455,34.84,503.9,14.76,16.01,510.0,0.4022,12.3,4945.0,3.058,6.632,12.117
K05868.01,CANDIDATE,22.7783121,1.037,155.6,1.89,130.87,863.0,0.3499,7.3,6538.0,4.162,1.477,13.787
K05869.01,CANDIDATE,114.406187,4.92,1306.0,2.42,1.21,267.0,0.2729,11.4,4641.0,4.589,0.691,15.746
K05870.01,CANDIDATE,132.114,2.514,216.8,0.75,0.52,217.0,0.2502,5.7,4342.0,4.715,0.523,13.586
K05871.01,CANDIDATE,623.2344,14.448,602.8,2.04,0.35,196.0,0.0831,15.8,5600.0,4.496,0.839,14.645
K05872.01,CANDIDATE,46.16051579,2.37,,,,,,,,,,15.655
K05873.01,CANDIDATE,217.170081,4.291,937.0,109061.0,97.62,802.0,86.1724,9.5,5083.0,2.638,11.723,12.446
K05874.01,CANDIDATE,287.33114,12.722,406.7,2.07,1.18,266.0,0.529,19.7,5426.0,4.378,1.007,13.618
K05875.01,CONFIRMED,9.8788502,2.951,454.7,2.64,238.98,1003.0,0.732,13.4,6477.0,4.361,1.148,14.496
K05876.01,CANDIDATE,189.456089,3.077,453.0,2.2,3.04,337.0,0.2906,5.4,5991.0,4.387,1.026,15.242
K05877.01,CANDIDATE,230.358183,2.031,1023.0,2.87,1.66,289.0,0.4159,6.2,5803.0,4.465,0.884,15.571
K05878.01,CANDIDATE,211.54114,5.4,751.0,1.88,0.94,251.0,0.1723,5.3,5433.0,4.629,0.689,15.784
K05879.01,CANDIDATE,88.523517,7.22,828.0,1.6,0.45,209.0,0.9117,7.7,3827.0,4.782,0.462,15.841
K05880.01,FALSE POSITIVE,386.22400908,4.93,,,,,,,,,,14.166
K05881.01,CANDIDATE,134.35872,13.3,75.2,1.27,14.61,499.0,0.2786,16.5,6948.0,4.194,1.433,11.083
K05882.01,CANDIDATE,55.01469183,2.34,,,,,,,,,,13.113
K05883.01,CANDIDATE,198.781156,6.77,138.3,1.69,6.33,404.0,0.1924,10.3,6493.0,4.22,1.424,12.752
K05884.01,FALSE POSITIVE,588.63759,3.84,322.1,1.52,0.28,185.0,0.3978,7.4,5135.0,4.479,0.849,13.714
K05885.01,CANDIDATE,111.149082,2.911,394.2,1.87,4.16,364.0,0.1665,5.9,5763.0,4.511,0.948,14.889
K05886.01,CANDIDATE,284.87177,15.63,106.7,1.84,6.1,401.0,0.0404,10.1,6437.0,4.004,1.773,13.074
K05887.01,FALSE POSITIVE,9.8338474,14.585,57.6,0.98,188.78,946.0,0.733,23.8,5929.0,4.308,1.202,12.792
K05888.01,CANDIDATE,190.860818,2.823,512.0,1.84,1.32,273.0,0.4668,6.2,5463.0,4.578,0.803,15.491
K05889.01,CANDIDATE,374.41813,17.9,430.2,2.42,1.44,280.0,0.5723,8.9,6195.0,4.407,1.124,15.429
K05890.01,CANDIDATE,263.30198,2.213,377.6,2.19,2.11,308.0,0.1782,5.6,5758.0,4.277,1.132,14.225
K05891.01,CANDIDATE,370.31761,12.588,1885.0,2.98,0.26,182.0,0.3565,15.1,4665.0,4.584,0.701,15.988
K05892.01,CANDIDATE,37.959659,2.793,287.9,1.41,12.93,484.0,0.3842,6.9,5573.0,4.558,0.827,15.337
K05893.01,CANDIDATE,405.6296,11.26,304.3,1.4,0.52,216.0,0.4652,5.8,5583.0,4.58,0.79,15.006
K05894.01,FALSE POSITIVE,1.080695116,7.449,312773.0,155.22,29671.05,3344.0,0.62,198.8,7796.0,3.937,2.34,14.355
K05895.01,CANDIDATE,11.8307724,8.791,136.0,1.16,83.17,770.0,0.592,12.4,5550.0,4.411,0.958,15.337
K05896.01,CANDIDATE,434.28175,8.14,663.1,1.94,0.48,212.0,0.3094,12.8,5544.0,4.529,0.75,14.886
K06178.02,CANDIDATE,33.814176,7.69,222.6,1.49,28.41,589.0,0.1563,8.1,6122.0,4.471,0.996,15.863
K06179.01,CANDIDATE,16.2957847,5.16,409.8,2.13,72.62,744.0,0.603,14.2,6063.0,4.476,1.012,15.735
K06180.01,CANDIDATE,28.201998,3.86,,,,,,,,,,12.044
K06180.02,CANDIDATE,58.92565,14.56,44.7,1.5,101.17,809.0,0.0655,5.3,7282.0,3.961,2.216,12.044
K06181.01,FALSE POSITIVE,24.0733775,19.612,1325.7,27.78,601.46,1263.0,0.914,76.9,4647.0,2.843,6.055,11.43
K06182.01,CANDIDATE,19.2405821,4.99,207.4,1.19,24.17,565.0,0.258,9.0,5031.0,4.485,0.848,15.099
K01608.03,CONFIRMED,232.040326,12.235,290.8,2.05,2.71,327.0,0.61,15.2,5903.0,4.3,1.156,13.797
K06182.02,CANDIDATE,28.684308,4.64,282.3,1.35,16.27,512.0,0.0138,9.1,5243.0,4.49,0.821,15.099
K00492.02,CANDIDATE,265.29617,4.1,608.0,2.99,1.97,302.0,0.3323,5.9,5589.0,4.27,1.218,14.424
K03410.02,CONFIRMED,61.569765,9.75,298.3,2.44,18.66,530.0,0.486,10.9,5626.0,4.149,1.389,15.589
K03440.02,CANDIDATE,58.940569,4.769,570.3,2.48,11.06,465.0,0.643,9.2,5819.0,4.468,0.99,15.606
K03444.04,CANDIDATE,14.1502311,1.503,208.1,0.74,5.44,390.0,0.013,9.3,3705.0,4.721,0.529,13.693
K03456.02,CANDIDATE,486.12702,9.495,120.6,1.18,0.91,249.0,0.3621,8.1,6008.0,4.373,1.062,12.988
K03479.02,FALSE POSITIVE,1.71029474,2.946,158.9,1.04,610.77,1267.0,0.825,14.5,5365.0,4.586,0.729,14.658
K03503.02,CONFIRMED,31.8245304,4.17,79.0,0.8,28.37,589.0,0.681,7.7,6338.0,4.545,0.847,13.827
K03504.02,CANDIDATE,140.24408749,5.43,,,,,,,,,,15.717
K04568.02,CANDIDATE,48.04066636,1.62,,,,,,,,,,12.877
K04647.02,CANDIDATE,12.008552,4.613,76.6,2.08,251.93,1016.0,0.901,11.8,5303.0,3.87,1.964,13.726
K04657.02,CANDIDATE,10.4314847,2.09,59.1,0.77,56.67,700.0,0.95,9.6,5361.0,4.588,0.774,13.241
K04895.02,CANDIDATE,47.5571352,1.708,339.0,1.85,15.58,507.0,0.6234,6.7,5861.0,4.436,0.958,14.732
K05982.01,FALSE POSITIVE,1.838514245,3.2601,118965.0,57.6,1447.16,1572.0,0.947,470.0,5799.0,4.326,1.055,13.925
K05983.01,FALSE POSITIVE,8.412008943,5.41096,136113.0,50.83,345.76,1100.0,0.539,5696.2,6247.0,4.225,1.314,13.551
K05984.01,FALSE POSITIVE,3.912679136,3.556,291510.0,1794.2,253.12,1018.0,23.127,1229.9,5616.0,4.553,0.72,14.756
K05985.01,FALSE POSITIVE,7.544804312,8.2678,6501.7,63.99,546.03,1233.0,1.266,587.2,5953.0,3.984,1.609,12.92
K06093.02,CANDIDATE,27.2497521,11.609,102.0,4.49,333.56,1090.0,0.194,14.6,5440.0,3.404,4.524,13.33
K06094.01,FALSE POSITIVE,2.283466438,7.7999,864260.0,218.79,3883.24,2014.0,0.457,1103.1,6723.0,4.089,1.719,14.312
K06095.01,FALSE POSITIVE,0.692807507,1.49242,25338.3,46.44,4211.9,2057.0,1.196,260.9,5780.0,4.438,1.0,15.726
K06096.01,FALSE POSITIVE,17.279290765,5.07591,164308.0,27.66,22.63,556.0,0.496,2841.5,5251.0,4.623,0.658,15.16
K01015.03,CANDIDATE,16.9972894,2.585,225.0,3.14,197.18,956.0,0.825,11.1,5897.0,3.98,1.86,14.5
K06097.01,CANDIDATE,93.05654364,2.34,,,,,,,,,,12.749
K06097.02,CANDIDATE,88.433122,2.392,120.4,1.7,29.68,595.0,0.021,4.0,7092.0,4.176,1.525,12.749
K06097.03,CANDIDATE,282.34315,3.956,220.5,2.35,6.31,404.0,0.5038,3.7,7092.0,4.176,1.525,12.749
K06183.01,FALSE POSITIVE,4.326946311,5.55905,409031.0,106.99,1137.15,1481.0,0.482,4247.8,6231.0,4.078,1.501,13.253
K06184.01,FALSE POSITIVE,527.29093,14.305,200.8,1.3,0.51,216.0,0.2371,16.0,5671.0,4.466,0.919,12.796
K06185.01,FALSE POSITIVE,168.858303,12.964,119.1,2.41,18.16,526.0,0.0436,9.7,6608.0,3.907,2.189,13.409
K06186.01,CONFIRMED,5.34264143,2.453,691.3,1.72,96.47,799.0,0.021,19.9,5101.0,4.63,0.67,13.116
K06187.01,FALSE POSITIVE,19.38444245,20.5899,3372.0,28.3,466.04,1185.0,0.203,685.3,4968.0,3.291,5.026,11.98
K06188.01,CANDIDATE,1.645319649,1.635,1082.0,2.46,666.35,1296.0,0.118,11.8,5416.0,4.603,0.756,15.517
K06189.01,FALSE POSITIVE,2.179924994,4.87581,253149.0,60.99,1040.63,1448.0,0.711,4541.1,6106.0,4.487,0.966,13.96
K06190.01,FALSE POSITIVE,10.135401047,5.6831,256062.0,89.16,270.76,1035.0,0.704,4311.3,5895.0,4.103,1.415,13.92
K03748.02,FALSE POSITIVE,2.02487934,1.621,145.8,1.0,643.17,1284.0,0.3797,7.7,5440.0,4.496,0.825,14.808
K03878.02,CANDIDATE,15.3573445,1.634,117.1,1.42,66.65,729.0,0.966,9.6,5818.0,4.464,0.986,12.72
K03954.02,CONFIRMED,5.71668787,1.97,431.7,1.92,196.51,955.0,0.616,11.8,5638.0,4.488,0.883,15.665
K00520.04,CONFIRMED,51.1658019,4.637,259.2,1.51,5.96,398.0,0.817,12.2,4963.0,4.501,0.826,14.55
K03956.02,FALSE POSITIVE,12.4249559,16.332,110.4,0.88,57.8,703.0,0.174,17.6,5524.0,4.54,0.847,14.72
K04000.02,FALSE POSITIVE,12.427135,12.81,32.5,1.05,403.8,1143.0,0.011,4.2,6561.0,4.054,1.821,13.306
K04009.02,CANDIDATE,77.792718,6.08,287.9,2.17,10.0,453.0,0.576,9.1,5497.0,4.243,1.241,15.245
K04030.02,CANDIDATE,163.51489847,3.08,,,,,,,,,,15.553
K05986.01,FALSE POSITIVE,1.946198513,4.0336,130722.0,52.58,2779.44,1853.0,0.249,902.8,6224.0,4.165,1.433,13.993
K05987.01,CANDIDATE,5.288547653,3.2646,2185.3,55.28,6999.38,2333.0,0.93,218.9,4918.0,2.889,9.169,11.317
K00600.02,CANDIDATE,294.055263,14.32,770.0,2.8,1.64,288.0,0.0617,21.1,6108.0,4.453,1.011,14.827
K05988.01,FALSE POSITIVE,30.4838006,2.6,18441.0,23.87,2.32,315.0,1.222,9.4,3857.0,4.717,0.531,15.021
K05989.01,FALSE POSITIVE,5.7584367,2.587,736.6,66.22,31195.25,3389.0,0.101,26.8,4754.0,2.194,25.287,13.819
K05990.01,FALSE POSITIVE,25.9522913,10.977,557.8,2.03,24.49,567.0,0.142,14.0,5692.0,4.547,0.866,15.999
K05991.01,FALSE POSITIVE,8.58599537,2.4078,818.0,39.03,6831.52,2319.0,0.316,36.9,4805.0,2.605,13.941,11.598
K05992.01,FALSE POSITIVE,9.892240848,4.1774,5283.2,40.38,160.25,907.0,1.28,314.0,6225.0,4.461,1.009,13.664
K06097.04,CANDIDATE,126.505657,8.836,95.5,1.51,18.42,528.0,0.1855,3.7,7092.0,4.176,1.525,12.749
K06098.01,FALSE POSITIVE,1.129848432,2.07578,4658.5,120.13,37690.9,3553.0,1.042,490.6,4846.0,2.984,7.102,13.8
K06099.01,FALSE POSITIVE,7.244778994,3.3873,99147.1,25.68,105.76,818.0,0.522,1761.4,5530.0,4.586,0.788,13.926
K06099.02,FALSE POSITIVE,110.1552727,2.04,,,,,,,,,,13.926
K06100.01,FALSE POSITIVE,0.730964241,2.483,44.0,0.99,8801.05,2467.0,0.459,28.7,5929.0,4.152,1.463,13.036
K06100.02,CANDIDATE,117.684591,2.219,134.6,1.52,10.46,459.0,0.4466,5.3,6362.0,4.248,1.279,13.036
K06101.01,FALSE POSITIVE,17.734020239,7.27595,186680.0,93.52,149.48,892.0,0.837,2905.9,5883.0,4.04,1.554,12.553
K01053.02,CANDIDATE,46.245164,5.663,492.1,2.46,17.15,519.0,0.392,15.5,5553.0,4.32,1.107,15.376
K06191.01,CANDIDATE,9.7043379,3.515,129.0,1.19,178.46,932.0,0.07,8.6,6273.0,4.442,1.044,14.752
K01616.02,CANDIDATE,34.775371,2.93,38.8,0.67,27.11,582.0,0.4758,5.7,6028.0,4.459,1.047,11.538
K07859.01,CANDIDATE,0.306702491,0.9074,138.8,0.93,6868.33,2318.0,0.173,21.9,5310.0,4.512,0.786,15.229
K06191.02,CANDIDATE,12.7713826,3.347,141.8,1.26,123.93,851.0,0.374,8.0,6273.0,4.442,1.044,14.752
K06192.01,FALSE POSITIVE,0.829019343,4.8401,278264.0,90.08,9089.67,2492.0,0.72,631.1,6645.0,4.271,1.328,14.661
K06193.01,FALSE POSITIVE,1.1080999,3.3542,380934.0,124.19,5632.6,2212.0,0.525,155.4,5299.0,3.865,1.769,14.305
K06194.01,CANDIDATE,42.294739,34.63,254.2,140.14,324.71,1083.0,1.145,25.2,4926.0,3.02,7.849,12.057
K06194.02,FALSE POSITIVE,215.778765,3.737,377.6,14.71,32.65,610.0,0.7163,5.8,4902.0,3.042,7.056,12.057
K06195.01,CANDIDATE,1.444486083,1.437,980.7,1.73,290.01,1051.0,0.305,12.0,4569.0,4.686,0.559,15.356
K04032.03,CONFIRMED,5.99273265,2.6502,69.8,0.91,245.32,1010.0,0.505,19.2,5574.0,4.354,1.065,12.639
K04032.04,CONFIRMED,5.10110666,2.657,65.1,0.85,304.8,1065.0,0.083,19.5,5574.0,4.354,1.065,12.639
K04034.02,CANDIDATE,11.6089351,2.957,199.6,46.44,1184.51,1496.0,1.105,8.7,6303.0,3.595,3.53,13.487
K04046.02,FALSE POSITIVE,94.22498,22.445,346.3,1.84,5.28,387.0,0.801,15.5,5880.0,4.525,0.893,15.534
K04103.02,CANDIDATE,14.2378417,4.86,193.0,1.1,37.02,629.0,0.314,10.5,5273.0,4.566,0.801,14.838
K04131.02,FALSE POSITIVE,241.0122,1.19,216.1,4.41,30.56,600.0,0.4046,4.1,7843.0,3.829,2.909,13.205
K00521.02,CANDIDATE,10.8206034,2.848,116.7,1.19,145.06,885.0,0.592,7.3,6032.0,4.387,1.06,14.633
K04181.02,FALSE POSITIVE,164.689421,1.847,521.0,2.24,3.15,340.0,0.5312,4.6,6089.0,4.495,0.95,15.377
K05993.01,FALSE POSITIVE,4.264729569,2.2075,22672.0,29.95,983.86,1428.0,0.924,201.6,6052.0,4.084,1.417,12.873
K05994.01,FALSE POSITIVE,4.804469712,3.51946,132624.0,30.97,198.67,958.0,0.567,1177.8,5561.0,4.558,0.809,14.654
K05995.01,FALSE POSITIVE,6.150529292,4.4562,2417.1,49.79,964.26,1421.0,1.236,301.4,6691.0,4.084,1.565,13.303
K05996.01,FALSE POSITIVE,4.944927575,3.4648,1028.7,19.43,66.56,728.0,1.215,62.5,4428.0,4.59,0.701,14.928
K05997.01,FALSE POSITIVE,4.442517008,2.43922,25341.5,26.08,593.85,1258.0,0.936,396.2,6316.0,4.387,1.119,11.297
K00649.02,CANDIDATE,10.2090268,6.264,36.7,0.92,296.42,1058.0,0.213,9.8,6188.0,4.196,1.524,13.31
K05998.01,FALSE POSITIVE,62.7356439,10.7925,243702.0,90.12,28.65,590.0,0.73,1115.3,6211.0,4.127,1.44,14.27
K05999.01,FALSE POSITIVE,7.035518449,3.5286,2139.0,24.91,88.6,782.0,1.268,91.5,5288.0,4.566,0.71,14.884
K06102.01,CANDIDATE,54.2916336,3.364,97.8,1.67,46.21,665.0,0.7285,7.9,6711.0,4.179,1.565,10.915
K06103.01,CONFIRMED,453.54212,17.026,861.0,9.23,5.45,390.0,0.633,48.8,5874.0,3.664,3.006,13.436
K07860.01,FALSE POSITIVE,0.579516759,1.342,27.0,0.6,8953.61,2484.0,0.638,9.8,6339.0,4.387,1.102,13.559
K06103.02,CANDIDATE,122.8054416,2.663,313.0,118.62,31.11,602.0,1.346,10.6,5874.0,3.664,3.006,13.436
K06104.01,FALSE POSITIVE,16.2480865,8.232,438.7,2.38,58.1,704.0,0.928,21.1,5729.0,4.436,0.923,14.708
K06104.02,FALSE POSITIVE,466.9407,30.56,979.2,2.9,0.66,230.0,0.2921,13.7,5729.0,4.436,0.923,14.708
K06105.01,FALSE POSITIVE,289.788624,2.857,473.9,5.51,19.6,537.0,0.6187,6.6,8057.0,3.946,2.407,10.924
K06106.01,FALSE POSITIVE,55.00402906,6.06,,,,,,,,,,13.335
K06107.01,FALSE POSITIVE,2.873657901,2.1054,43895.0,110.29,2645.12,1830.0,1.13,65.6,5692.0,3.829,2.287,12.702
K06196.01,FALSE POSITIVE,1.680425996,5.4548,277249.0,102.31,5564.77,2203.0,0.646,440.1,6844.0,4.145,1.629,14.11
K06197.01,FALSE POSITIVE,0.53345831,1.32,,,,,,,,,,11.957
K06198.01,FALSE POSITIVE,20.686460198,37.7424,136154.0,184.22,506.27,1210.0,0.002,1656.7,4809.0,3.106,5.145,13.957
K06199.01,FALSE POSITIVE,131.68018,14.73,2067.0,5.96,9.15,444.0,0.1224,9.2,6468.0,4.288,1.302,12.714
K01628.03,CANDIDATE,37.8404232,6.408,232.6,1.76,32.14,607.0,0.211,23.7,6243.0,4.406,1.149,12.949
K06200.01,FALSE POSITIVE,200.762693,2.215,1920.0,15056.9,54.06,692.0,42.778,5.5,7981.0,3.716,3.298,12.377
K06201.01,FALSE POSITIVE,1.123258617,4.27355,377575.0,150.94,25226.88,3215.0,0.513,779.2,7945.0,4.023,2.17,15.01
K06202.01,CANDIDATE,47.25643291,2.0,,,,,,,,,,11.543
K04192.02,CANDIDATE,32.0273169,5.144,161.7,1.14,17.95,525.0,0.259,8.8,5505.0,4.501,0.909,15.004
K04246.02,CANDIDATE,8.75630628,2.852,81.9,1.12,219.87,982.0,0.371,9.8,5839.0,4.279,1.227,13.382
K04287.02,CANDIDATE,9.6183111,4.215,25.0,0.85,402.64,1142.0,0.447,11.9,6134.0,4.065,1.665,11.265
K04323.02,FALSE POSITIVE,12.4250319,1.4446,29.5,0.89,266.45,1030.0,0.777,2.7,6290.0,4.133,1.506,13.582
K04385.02,CONFIRMED,386.370512,11.007,1336.4,2.96,0.45,209.0,0.01,13.1,5119.0,4.508,0.834,15.825
K07865.01,CANDIDATE,0.518060209,1.8062,2258.4,61.49,17224.79,2921.0,1.262,140.6,5405.0,3.853,1.772,14.463
K04385.03,CANDIDATE,17.3695112,4.012,314.0,1.45,28.35,588.0,0.28,8.6,5119.0,4.508,0.834,15.825
K04435.02,CANDIDATE,17.8693759,6.886,63.0,0.81,78.58,759.0,0.259,9.8,6328.0,4.456,1.013,13.517
K04541.02,CANDIDATE,17.236085,4.209,330.0,1.98,63.85,721.0,0.04,10.4,5543.0,4.318,1.111,15.377
K06000.01,FALSE POSITIVE,12.4297161,15.078,192.7,1.26,71.78,742.0,0.293,13.3,5754.0,4.534,0.905,15.842
K06001.01,FALSE POSITIVE,12.4288476,16.43,165.4,1.12,65.27,725.0,0.031,15.2,5595.0,4.513,0.886,15.47
K06002.01,FALSE POSITIVE,12.4258252,21.841,130.2,1.27,108.1,822.0,0.689,30.0,5968.0,4.426,1.048,14.332
K07872.01,FALSE POSITIVE,153.725848,117.52,5257.7,259.36,68.48,734.0,1.255,302.3,4794.0,2.781,6.816,11.167
K06003.01,FALSE POSITIVE,12.4257907,19.859,340.1,1.27,28.51,589.0,0.384,28.2,4873.0,4.586,0.693,15.71
K06004.01,FALSE POSITIVE,12.4253356,27.49,374.4,2.02,51.57,683.0,0.966,35.4,5442.0,4.541,0.783,15.539
K06005.01,FALSE POSITIVE,12.4254201,18.56,144.5,0.84,44.57,659.0,0.428,24.9,5571.0,4.643,0.691,14.667
K06006.01,FALSE POSITIVE,12.424995,20.282,51.5,2.06,660.61,1293.0,0.746,21.4,6098.0,3.707,2.657,13.262
K06007.01,FALSE POSITIVE,12.4227918,27.29,202.6,1.44,38.29,634.0,0.979,15.5,5279.0,4.62,0.72,15.955
K06108.01,CANDIDATE,485.92297,3.756,122.9,1.07,0.61,225.0,0.4516,5.5,5551.0,4.386,0.957,12.12
K06109.01,FALSE POSITIVE,22.913446297,4.11699,251835.0,81.61,102.27,811.0,0.709,6512.7,6621.0,4.294,1.297,11.856
K01082.04,CANDIDATE,9.6550473,2.752,313.1,1.45,58.36,705.0,0.124,12.2,4999.0,4.49,0.843,15.692
K06109.02,FALSE POSITIVE,10.0046881,2.389,50.6,1.9,1091.58,1466.0,0.0164,8.3,6620.0,3.779,2.641,11.856
K06110.01,FALSE POSITIVE,8.65315602,2.627,417.5,1.37,40.5,643.0,0.049,13.6,4746.0,4.605,0.696,15.863
K06111.01,CANDIDATE,228.65412,2.487,179.1,3.63,17.44,521.0,0.225,6.6,6845.0,3.849,2.674,12.914
K06112.01,FALSE POSITIVE,2.243015737,4.31675,277946.0,92.34,2547.31,1813.0,0.661,5552.2,6181.0,4.084,1.444,12.785
K06113.01,FALSE POSITIVE,4.694218481,4.53365,175471.0,35.81,189.23,946.0,0.616,739.8,5512.0,4.575,0.787,15.584
K06203.01,FALSE POSITIVE,0.87683182,1.96,,,3077.39,,,,,,,15.397
K06204.01,FALSE POSITIVE,0.953734449,1.7616,1240.4,47.65,12038.6,2672.0,1.262,120.5,7332.0,4.265,1.46,12.771
K06205.01,FALSE POSITIVE,2.073873563,6.5605,603811.0,274.78,23242.18,3150.0,0.198,637.1,7803.0,3.688,3.373,14.701
K06206.01,FALSE POSITIVE,15.713787218,11.3122,60384.4,27.64,73.68,747.0,0.762,3602.0,5843.0,4.399,1.006,14.049
K06207.01,FALSE POSITIVE,7.964440392,9.1701,68454.0,18.98,76.69,755.0,0.001,693.8,5250.0,4.548,0.736,14.641
K07866.01,FALSE POSITIVE,0.518071538,1.7865,2195.5,42.1,9823.05,2536.0,1.264,152.1,5876.0,4.273,1.209,14.013
K06208.01,FALSE POSITIVE,2.151214629,2.226,332.6,14.54,27604.18,3287.0,0.235,28.5,4748.0,2.635,8.179,11.576
K06209.01,CANDIDATE,12.7143635,3.101,524.8,2.2,89.81,785.0,0.071,9.9,5947.0,4.481,0.962,16.154
K01839.02,CANDIDATE,80.4103783,3.487,591.4,4.93,19.35,535.0,0.913,14.0,5476.0,3.904,1.673,13.237
K07873.01,CANDIDATE,1.93188768,1.087,37.8,0.57,977.65,1427.0,0.256,8.8,5896.0,4.516,0.914,13.5
K00651.02,FALSE POSITIVE,320.18471858,11.94,,,,,,,,,,13.909
K06008.01,FALSE POSITIVE,12.426469,25.71,180.5,1.66,66.74,729.0,0.978,24.2,5691.0,4.544,0.887,15.178
K06009.01,FALSE POSITIVE,12.4262889,18.764,94.2,1.23,131.83,864.0,0.879,20.5,6246.0,4.433,1.092,14.285
K06010.01,FALSE POSITIVE,12.424747,25.24,139.0,1.35,53.94,691.0,0.976,30.7,5514.0,4.569,0.826,14.418
K06011.01,FALSE POSITIVE,12.4255705,28.88,139.4,1.37,63.95,721.0,0.984,21.1,5742.0,4.564,0.827,14.961
K06012.01,FALSE POSITIVE,12.426173,30.64,115.1,2.67,242.41,1006.0,0.997,36.9,6367.0,4.181,1.357,13.605
K06013.01,FALSE POSITIVE,12.4244306,26.15,214.1,1.59,61.31,714.0,0.98,15.5,5761.0,4.581,0.791,15.899
K06014.01,FALSE POSITIVE,6.71738328,3.60057,164979.0,37.65,143.87,883.0,0.159,1208.2,5301.0,4.416,0.936,12.778
K06114.01,FALSE POSITIVE,24.955998503,2.76331,4856.1,36.91,1011.42,1438.0,0.996,555.6,8617.0,3.78,3.018,11.458
K07863.01,CANDIDATE,5.2449156,8.367,35.5,0.52,251.14,1015.0,0.019,11.7,5823.0,4.486,0.878,13.695
K06115.01,CANDIDATE,168.66934782,4.07,,,,,,,,,,13.497
K06116.01,FALSE POSITIVE,4.426942241,1.6116,2896.6,5.43,199.4,958.0,0.951,68.9,5511.0,4.569,0.746,15.469
K06118.01,CANDIDATE,571.280892,21.827,460.7,3.65,2.62,324.0,0.6109,37.8,7081.0,4.16,1.619,12.767
K06118.02,CANDIDATE,4.66185924,3.164,49.3,1.16,1590.18,1610.0,0.2695,15.8,7081.0,4.16,1.619,12.767
K01250.02,CANDIDATE,1.213672208,1.3644,2731.0,697.14,2422.45,1789.0,7.3743,24.8,6113.0,4.463,0.995,14.912
K06119.01,FALSE POSITIVE,3.454241684,4.69505,88194.9,75.11,3867.02,2010.0,0.505,6581.3,6562.0,3.822,2.433,13.198
K06120.01,CANDIDATE,90.097375,12.697,282.6,1.7,8.05,430.0,0.042,11.5,6116.0,4.444,1.008,15.416
K06209.02,CANDIDATE,7.72966941,2.091,426.7,2.1,174.28,927.0,0.668,8.4,5947.0,4.481,0.962,16.154
K06210.01,CANDIDATE,51.85656556,2.21,,,,,,,,,,13.173
K06211.01,FALSE POSITIVE,1.457256942,6.51381,364905.0,98.16,4686.52,2112.0,0.549,2443.8,6630.0,4.235,1.416,14.713
K06212.01,FALSE POSITIVE,10.818248422,18.2848,13695.9,11.71,112.55,830.0,0.813,581.0,5955.0,4.446,0.894,13.392
K06213.01,FALSE POSITIVE,2.559236603,1.6706,11273.0,37.66,665.95,1296.0,1.251,45.7,5955.0,4.534,0.883,14.752
K06214.01,FALSE POSITIVE,281.35877,7.74,278.5,4.22,9.34,446.0,0.0371,6.2,6049.0,3.728,2.522,13.654
K06214.02,CANDIDATE,154.536881,15.44,258.5,4.1,20.76,544.0,0.3257,3.5,6049.0,3.728,2.522,13.654
K06215.01,FALSE POSITIVE,462.12345,8.46,699.0,1.9,0.19,169.0,0.2396,6.9,4547.0,4.559,0.747,15.165
K03283.03,CANDIDATE,87.707513,2.184,578.0,1.72,2.2,310.0,0.4,7.1,4944.0,4.614,0.721,15.322
K03741.03,CONFIRMED,5.1117547,3.281,267.8,2.81,788.0,1351.0,0.962,12.1,6432.0,4.207,1.345,13.306
K03741.04,CONFIRMED,9.6310258,5.255,297.2,2.9,338.33,1094.0,0.951,12.7,6432.0,4.207,1.345,13.306
K04260.02,FALSE POSITIVE,101.889228,2.71,80.9,1.43,13.26,487.0,0.0237,8.5,5802.0,4.073,1.59,11.443
K04396.04,CANDIDATE,437.51586139,4.16,,,,,,,,,,12.981
K04777.02,FALSE POSITIVE,48.5023669,1.053,740.0,906.03,0.32,192.0,30.612,5.5,3396.0,4.991,0.28,15.896
K04781.02,FALSE POSITIVE,524.14139,11.603,403.7,1.88,0.74,237.0,0.1508,9.2,6225.0,4.481,0.931,14.892
K04913.02,CANDIDATE,8.97377221,2.135,106.5,2.96,1294.96,1530.0,0.237,9.4,6537.0,3.76,2.829,13.36
K06015.01,FALSE POSITIVE,41.86539723,6.663,4309.3,31.14,14.79,500.0,1.286,103.4,6063.0,4.584,0.788,14.528
K06016.01,FALSE POSITIVE,4.553370029,3.2209,23692.1,25.84,603.58,1264.0,0.951,570.6,6306.0,4.346,1.109,11.471
K06017.01,FALSE POSITIVE,5.262652179,2.85554,22650.6,35.99,1191.71,1499.0,0.96,2246.9,7049.0,4.212,1.549,13.537
K00736.03,FALSE POSITIVE,345.98207283,2.97,,,,,,,,,,15.962
K06018.01,FALSE POSITIVE,16.621853404,3.91517,55296.7,22.32,63.3,719.0,0.58,1872.6,5949.0,4.451,0.907,15.229
K06019.01,FALSE POSITIVE,19.741616041,3.07231,88821.5,82.98,156.6,902.0,1.04,2153.0,6535.0,4.183,1.529,10.543
K06020.01,FALSE POSITIVE,5.455766383,2.8923,104538.0,28.2,94.27,795.0,0.794,536.8,5067.0,4.625,0.694,15.863
K06021.01,FALSE POSITIVE,22.44620704,7.5491,1626.8,58.2,150.81,894.0,1.256,138.8,6070.0,3.969,1.777,11.878
K06120.02,CANDIDATE,205.41415,10.26,283.8,1.67,2.58,323.0,0.0856,7.9,6123.0,4.465,0.991,15.416
K06121.01,FALSE POSITIVE,1.237147407,7.06623,435364.0,106.18,4680.26,2107.0,0.466,5557.4,6064.0,4.16,1.449,13.82
K06122.01,FALSE POSITIVE,1.28619671,1.114,137.2,1.27,1740.01,1646.0,0.874,5.9,5650.0,4.391,0.926,14.256
K06123.01,FALSE POSITIVE,2.649026189,2.4698,52172.0,32.7,852.59,1377.0,0.914,190.1,5838.0,4.342,0.988,13.87
K06124.01,FALSE POSITIVE,6.932281325,11.0301,6405.9,90.57,2902.34,1872.0,1.291,325.8,8675.0,4.08,2.168,11.52
K06125.01,FALSE POSITIVE,2.151384476,3.34471,263861.0,66.2,2097.48,1725.0,0.237,2657.6,6184.0,4.19,1.257,12.916
K07874.01,FALSE POSITIVE,0.562273947,3.1572,67.0,0.73,4412.19,2083.0,0.662,52.4,5632.0,4.45,0.847,13.042
K06126.01,FALSE POSITIVE,17.4352218,51.666,603.3,67.91,482.16,1195.0,1.211,121.8,6313.0,3.706,2.641,13.439
K06127.01,CANDIDATE,114.27173902,2.19,,,,,,,,,,13.05
K06216.01,CANDIDATE,26.40805532,2.7,,,,,,,,,,12.655
K06216.02,CANDIDATE,46.07931317,1.87,,,,,,,,,,12.655
K01860.04,CANDIDATE,24.8434837,4.8,217.4,1.58,35.97,625.0,0.641,14.2,5670.0,4.397,1.022,14.028
K06217.01,CANDIDATE,7.7016694,10.898,155.7,4.44,1656.27,1627.0,0.01,17.8,5174.0,3.228,3.608,15.268
K06218.01,FALSE POSITIVE,117.634213,3.82,253.1,3.78,16.34,513.0,0.5206,8.7,5236.0,3.711,2.332,12.742
K06219.01,FALSE POSITIVE,21.025447023,6.52216,115743.0,135.84,376.4,1123.0,0.978,4881.9,6631.0,3.798,2.438,13.079
K06220.01,FALSE POSITIVE,0.933753371,4.438,47.3,1.44,22850.9,3137.0,0.311,19.8,7286.0,3.998,2.056,13.231
K06221.01,FALSE POSITIVE,1.72153588,1.9227,39929.0,12.89,281.41,1045.0,0.002,29.3,4535.0,4.607,0.668,16.459
K04567.02,CANDIDATE,4.67250377,4.441,79.6,1.11,412.73,1149.0,0.95,13.8,6146.0,4.454,0.987,13.775
K06022.01,FALSE POSITIVE,2.765621941,2.3191,8342.2,34.42,391.86,1134.0,1.262,173.2,5423.0,4.542,0.828,15.664
K06023.01,FALSE POSITIVE,3.664964374,3.9058,90827.0,30.98,464.89,1184.0,0.552,437.8,5726.0,4.403,0.987,15.643
K06024.01,FALSE POSITIVE,6.8072842,1.9477,14578.0,31.15,421.16,1156.0,0.923,32.9,5182.0,3.935,1.824,14.044
K06025.01,FALSE POSITIVE,2.136577151,2.4682,79078.0,43.89,698.75,1311.0,0.996,124.3,5457.0,4.442,0.905,15.281
K06026.01,FALSE POSITIVE,2.638432816,2.42989,48488.0,49.77,3299.02,1933.0,0.863,529.4,6502.0,3.991,1.753,12.601
K06027.01,FALSE POSITIVE,11.991000357,6.4648,375940.0,78.78,153.29,897.0,0.534,802.9,5988.0,4.271,1.13,17.777
K00744.02,FALSE POSITIVE,2.03746414,2.895,138.8,1.12,1118.26,1474.0,0.008,14.1,6117.0,4.496,0.947,15.341
K06028.01,FALSE POSITIVE,37.80694072,3.84264,106334.0,72.01,34.14,617.0,1.111,1571.8,6387.0,4.41,1.105,14.898
K07875.01,CANDIDATE,21.9711574,5.012,178.1,1.32,41.86,649.0,0.119,7.8,5763.0,4.436,0.997,15.57
K01310.02,CANDIDATE,144.688915,9.468,397.1,3.33,7.09,416.0,0.087,11.6,5372.0,4.007,1.71,14.569
K06128.01,FALSE POSITIVE,12.42555055,28.492,409.0,3.79,262.42,1027.0,0.973,123.7,6381.0,4.155,1.423,13.244
K06129.01,FALSE POSITIVE,12.42592247,31.5,8707.6,79.21,1353.9,1547.0,0.885,190.8,4849.0,3.06,6.952,12.696
K06130.01,CANDIDATE,1.54287434,1.1121,401.4,1.05,243.62,1007.0,0.013,20.7,4530.0,4.704,0.539,15.121
K06131.01,FALSE POSITIVE,12.4237327,18.15,30.1,1.12,294.63,1057.0,0.132,20.1,5221.0,3.72,2.067,12.409
K06131.02,FALSE POSITIVE,94.38163,11.87,91.2,2.04,19.72,537.0,0.593,7.5,5221.0,3.72,2.067,12.409
K06132.01,CANDIDATE,33.3200908,6.5265,6186.9,13.0,74.79,750.0,0.069,84.5,6264.0,4.133,1.651,14.624
K06132.02,CONFIRMED,7.5844241,3.918,1005.0,5.83,537.4,1228.0,0.815,23.8,6264.0,4.133,1.651,14.624
K06222.01,FALSE POSITIVE,210.899577,2.167,3345.0,4.85,1.22,268.0,0.3202,7.8,5332.0,4.5,0.843,14.788
K06223.01,FALSE POSITIVE,3.103730697,6.93402,369228.0,75.28,763.25,1340.0,0.539,5143.6,6075.0,4.422,1.091,15.001
K06224.01,CANDIDATE,91.20573037,4.17,,,,,,,,,,12.962
K06224.02,FALSE POSITIVE,253.40538,7.43,240.8,2.69,9.13,443.0,0.3967,5.0,7304.0,4.151,1.69,12.962
K06225.01,FALSE POSITIVE,5.110771787,2.48392,50681.0,26.98,284.85,1048.0,0.878,394.0,6029.0,4.523,0.894,13.985
K01996.02,CANDIDATE,7.07394528,2.319,228.3,0.84,41.43,647.0,0.277,9.5,4777.0,4.689,0.561,15.629
K06226.01,FALSE POSITIVE,1.463773705,1.9123,64776.0,21.79,739.19,1329.0,0.838,119.7,5446.0,4.599,0.668,13.318
K06227.01,FALSE POSITIVE,4.46255312,14.0957,22720.0,52.74,2458.34,1795.0,0.004,140.9,4847.0,3.277,3.619,14.673
K00099.02,FALSE POSITIVE,79.87804945,3.19,,,,,,,,,,12.96
K00750.03,CANDIDATE,14.516741,2.706,227.2,1.45,31.8,606.0,0.851,10.1,4954.0,4.5,0.828,15.377
K03283.02,CANDIDATE,20.5718107,3.399,379.0,1.34,14.51,498.0,0.123,13.0,4922.0,4.624,0.708,15.322
K06029.01,FALSE POSITIVE,3.026764871,4.32532,66719.9,26.36,810.38,1360.0,0.198,1561.2,6283.0,4.459,1.01,14.044
K06030.01,FALSE POSITIVE,3.840130917,2.8951,60401.0,33.44,498.48,1205.0,0.872,275.6,5931.0,4.418,1.012,14.479
K06031.01,FALSE POSITIVE,5.554227226,4.77434,142313.0,31.71,176.7,930.0,0.174,1517.7,5433.0,4.465,0.843,12.376
K06032.01,FALSE POSITIVE,1.570919281,3.2232,65124.0,59.12,2473.29,1797.0,1.083,316.9,6192.0,4.326,1.162,13.406
K06033.01,FALSE POSITIVE,35.08976902,3.9623,5754.6,33.1,14.95,501.0,1.264,170.8,5603.0,4.556,0.846,14.266
K06034.01,FALSE POSITIVE,5.233450136,8.57374,430422.0,70.33,287.6,1050.0,0.457,3921.8,5841.0,4.454,0.977,13.424
K06035.01,FALSE POSITIVE,3.6037011,2.994,16112.0,66.94,1089.0,1464.0,1.225,33.4,5633.0,4.016,1.547,14.492
K06036.01,FALSE POSITIVE,3.518356021,6.90375,316750.0,64.49,606.41,1266.0,0.593,3217.6,6201.0,4.472,0.989,15.168
K06132.03,CANDIDATE,11.867172,4.815,595.6,4.03,296.23,1058.0,0.001,13.4,6264.0,4.133,1.651,14.624
K06133.01,FALSE POSITIVE,2.6160943,21.34,29.3,0.81,2188.14,1744.0,0.6458,5.6,6645.0,4.232,1.42,12.754
K06134.01,FALSE POSITIVE,2.404386969,7.40348,313168.0,79.72,1838.11,1670.0,0.613,8577.4,6466.0,4.278,1.21,11.941
K01319.02,CANDIDATE,142.685885,3.792,1195.0,2.76,2.43,319.0,0.1086,9.3,5767.0,4.57,0.799,15.484
K06135.01,FALSE POSITIVE,4.390513938,2.9472,46829.0,41.83,910.71,1401.0,0.879,290.7,6081.0,4.133,1.454,13.209
K06136.01,FALSE POSITIVE,3.86963822,2.29,,,3728.91,,,,,,,11.399
K06137.01,CANDIDATE,12.4970599,3.877,180.0,1.44,117.3,839.0,0.65,10.6,6174.0,4.445,1.021,14.191
K06137.02,FALSE POSITIVE,7.384681,3.548,142.8,1.22,236.56,1000.0,0.068,10.6,6174.0,4.445,1.021,14.191
K06228.01,CONFIRMED,21.0907909,4.751,417.6,1.88,31.86,606.0,0.832,19.7,5723.0,4.546,0.818,14.223
K06229.01,FALSE POSITIVE,3.371796653,3.4421,366901.0,306.28,419.47,1155.0,3.219,560.2,5615.0,4.455,0.912,15.909
K06230.01,FALSE POSITIVE,1.927177921,2.7742,136135.0,28.94,523.16,1219.0,0.399,204.7,5193.0,4.525,0.774,15.706
K07867.01,FALSE POSITIVE,0.575925434,2.4676,137404.0,38.24,2666.7,1834.0,0.905,354.4,5461.0,4.586,0.683,14.563
K06231.01,FALSE POSITIVE,496.17566,11.63,293.0,3.46,3.88,358.0,0.4188,11.3,6643.0,3.946,1.976,13.515
K06232.01,FALSE POSITIVE,6.256352128,2.3512,3289.3,30.76,167.92,918.0,1.269,120.4,5772.0,4.549,0.836,15.798
K06233.01,CONFIRMED,16.17803,5.18,449.0,2.25,76.54,754.0,0.081,6.0,5929.0,4.413,1.069,14.472
K06234.01,FALSE POSITIVE,2.37795507,2.4329,4391.1,92.61,18261.57,2965.0,1.298,257.5,9565.0,4.088,2.286,11.639
K06235.01,FALSE POSITIVE,2.053866175,4.8045,5021.3,158.25,9631.57,2528.0,1.265,380.5,5051.0,3.22,4.089,13.912
K00750.04,FALSE POSITIVE,36.5521313,2.481,282.9,0.9,4.03,361.0,0.4969,7.7,4722.0,4.723,0.527,15.377
K00983.02,FALSE POSITIVE,5.177577252,2.4777,1325.4,73.82,1846.9,1671.0,1.341,23.6,7429.0,4.143,1.796,12.616
K00989.04,FALSE POSITIVE,4.08029328,2.8343,1128.4,2.92,280.4,1044.0,0.2428,43.1,5619.0,4.536,0.874,15.488
K02311.03,CONFIRMED,104.3519624,3.695,243.8,1.39,3.74,355.0,0.532,15.8,5650.0,4.546,0.87,12.57
K02433.06,CANDIDATE,6.06330298,3.275,200.7,1.64,418.4,1153.0,0.0214,13.1,6308.0,4.353,1.153,15.212
K02433.07,CANDIDATE,86.431871,7.374,415.1,2.85,10.97,464.0,0.95,11.2,6325.0,4.409,1.112,15.212
K02533.03,CANDIDATE,26.1152887,12.54,70.0,2.38,153.98,898.0,0.1382,10.6,5190.0,3.63,2.912,13.274
K07861.01,FALSE POSITIVE,469.52303,5.487,355.7,2.1,0.95,252.0,0.733,10.5,6197.0,4.449,1.035,14.091
K02768.03,FALSE POSITIVE,11.83271013,6.152,176.3,1.17,66.51,728.0,0.548,12.7,5639.0,4.551,0.859,15.228
K06037.01,FALSE POSITIVE,32.669962587,3.581,365.4,1.37,7.96,428.0,0.18,6.2,4871.0,4.606,0.741,15.536
K00841.04,CANDIDATE,269.306232,14.931,1708.0,24.0,0.72,235.0,1.219,18.1,5251.0,4.581,0.817,15.855
K06038.01,FALSE POSITIVE,19.93364711,8.6122,174830.0,75.88,122.24,848.0,0.852,1863.4,6505.0,4.25,1.29,14.575
K06039.01,FALSE POSITIVE,1.071911311,3.8559,9817.8,40.32,2534.86,1809.0,1.272,397.6,5885.0,4.413,0.933,15.083
K06040.01,FALSE POSITIVE,18.019651402,5.08572,176998.0,31.77,20.7,544.0,0.675,3373.3,5278.0,4.658,0.659,14.928
K07864.01,FALSE POSITIVE,117.934158,9.25,187.5,3.76,41.73,648.0,0.658,12.9,6790.0,3.822,2.597,13.232
K06041.01,FALSE POSITIVE,4.032762189,4.14212,119350.0,35.22,447.97,1173.0,0.599,1520.0,5960.0,4.438,0.962,13.861
K06042.01,FALSE POSITIVE,2.371589507,3.5116,235104.0,88.22,278.9,1043.0,1.653,386.0,5340.0,4.715,0.601,14.528
K06043.01,FALSE POSITIVE,5.09112124,2.159,115.1,3.58,4131.88,2044.0,0.224,11.4,6705.0,3.629,3.293,11.585
K06138.01,FALSE POSITIVE,4.206070484,10.6988,119812.0,172.66,9955.22,2547.0,0.949,508.0,8212.0,3.736,3.185,11.684
K06139.01,FALSE POSITIVE,0.905677864,2.2432,3670.4,325.51,60020.95,3989.0,1.321,107.4,5037.0,3.002,7.553,6.966
K06141.01,CANDIDATE,96.509214,0.589,1528.0,860.3,90.63,787.0,3.6303,3.8,7343.0,3.751,2.955,8.655
K06142.01,CANDIDATE,69.64679311,3.71,,,,,,,,,,13.735
K06142.02,CANDIDATE,111.65546,1.051,2887.0,2121.0,26.58,579.0,11.3832,7.0,6967.0,4.086,1.863,13.735
K06142.03,CANDIDATE,86.13201864,3.11,,,,,,,,,,13.735
K01330.02,FALSE POSITIVE,94.219289,24.312,1025.9,2.15,1.57,285.0,0.173,37.6,4641.0,4.589,0.694,15.703
K06143.01,FALSE POSITIVE,297.113395,4.529,275.4,5.37,15.89,509.0,0.0322,10.1,6626.0,3.676,3.206,9.666
K02012.02,CONFIRMED,180.921729,8.99,742.4,2.3,1.96,302.0,0.025,16.2,5818.0,4.554,0.848,14.876
K06236.01,FALSE POSITIVE,4.478116695,3.357,117981.0,38.85,521.12,1218.0,0.622,3665.4,6304.0,4.435,1.058,15.534
K07876.01,FALSE POSITIVE,0.579108481,1.659,68.4,0.42,849.52,1377.0,0.424,9.3,4604.0,4.749,0.501,15.815
K06236.02,FALSE POSITIVE,1.27620899,2.169,186.2,1.46,2769.8,1851.0,0.276,11.4,6304.0,4.435,1.058,15.534
K06237.01,FALSE POSITIVE,528.50344,6.394,133.8,2.2,3.73,354.0,0.0094,11.7,7102.0,4.068,1.874,11.741
K06237.02,CANDIDATE,47.14404783,4.35,,,,,,,,,,11.741
K06238.01,CANDIDATE,197.05431574,6.38,,,,,,,,,,12.366
K06239.01,CANDIDATE,406.496216,3.495,380.2,1.77,0.73,236.0,0.5052,6.9,5847.0,4.525,0.884,13.893
K06239.02,CANDIDATE,491.61516814,6.31,,,,,,,,,,13.893
K06044.01,FALSE POSITIVE,2.027383251,1.5528,3856.2,31.12,791.38,1352.0,1.248,126.1,5544.0,4.435,0.875,15.476
K06045.01,FALSE POSITIVE,10.73370737,7.6706,6155.3,18.7,444.77,1171.0,0.895,239.5,5971.0,3.914,2.003,13.602
K06046.01,FALSE POSITIVE,9.449438672,5.5479,12867.3,60.59,415.72,1152.0,1.243,231.4,6558.0,4.167,1.431,13.099
K06047.01,FALSE POSITIVE,8.752913958,3.4546,41770.0,119.91,1689.12,1635.0,1.124,326.1,7279.0,3.856,2.624,11.961
K00841.05,CANDIDATE,499.47338,12.248,1662.0,3.71,0.31,191.0,0.793,15.7,5251.0,4.581,0.817,15.855
K06048.01,FALSE POSITIVE,1.985586627,2.53163,72584.2,105.22,14480.75,2796.0,0.804,1594.1,6651.0,3.6,3.219,11.427
K06049.01,FALSE POSITIVE,16.579028045,7.803,37979.8,49.01,300.36,1062.0,0.745,813.6,5870.0,3.808,2.3,12.887
K07868.01,FALSE POSITIVE,513.42784,6.278,523.2,14.87,7.67,424.0,0.714,11.5,4833.0,3.13,6.065,13.175
K06050.01,FALSE POSITIVE,2.064900876,6.8769,10939.4,38.19,800.75,1357.0,1.253,364.0,5714.0,4.501,0.901,14.597
K06144.01,FALSE POSITIVE,9.751720174,16.1937,332900.0,182.09,800.41,1356.0,0.15,1767.3,5147.0,3.424,3.145,13.531
K06145.01,CONFIRMED,19.672324,4.812,649.9,4.07,160.98,908.0,0.721,20.6,6486.0,4.136,1.485,14.263
K06145.02,CONFIRMED,32.657035,5.953,620.4,3.73,81.91,767.0,0.007,17.9,6486.0,4.136,1.485,14.263
K06145.03,CANDIDATE,7.3138454,2.273,247.7,2.73,601.53,1263.0,0.893,9.2,6486.0,4.136,1.485,14.263
K06146.01,FALSE POSITIVE,4.592401261,4.96038,87426.1,52.18,1872.74,1678.0,0.272,5784.8,7201.0,4.138,1.724,12.93
K07877.01,FALSE POSITIVE,6.70995253,2.297,86.0,1.1,372.31,1120.0,0.616,9.8,6461.0,4.396,1.131,13.872
K06147.01,FALSE POSITIVE,5.776794344,6.33505,121544.0,129.2,6048.96,2249.0,0.366,8022.8,7666.0,3.658,3.601,11.61
K06148.01,FALSE POSITIVE,23.19923256,2.09,,,,,,,,,,15.778
K06149.01,FALSE POSITIVE,0.503199724,1.117,275.6,1.06,819.89,1363.0,0.492,10.1,4013.0,4.639,0.63,14.155
K06240.01,FALSE POSITIVE,4.768540307,0.9938,347.6,1.84,246.11,1010.0,0.806,4.0,5491.0,4.432,0.887,14.189
K06241.01,FALSE POSITIVE,73.91858615,6.9735,184074.0,89.96,12.95,484.0,1.137,933.5,6300.0,4.404,1.057,15.401
K06242.01,CANDIDATE,212.43503674,4.26,,,,,,,,,,12.914
K00353.03,CANDIDATE,11.1619384,5.195,124.4,1.97,337.23,1093.0,0.739,13.4,6200.0,4.072,1.64,13.374
K07862.01,FALSE POSITIVE,2.38793696,17.302,114.3,25.56,1860.02,1674.0,1.193,41.7,6769.0,4.379,1.161,14.394
K02081.02,FALSE POSITIVE,589.17968,10.2,253.4,4.91,2.82,330.0,0.0431,7.7,5295.0,3.617,3.152,13.439
K06242.02,CANDIDATE,76.83994597,3.11,,,,,,,,,,12.914
K06242.03,CANDIDATE,78.86684,4.5,86.1,1.3,25.44,573.0,0.2074,4.8,6907.0,4.264,1.381,12.914
K06243.01,FALSE POSITIVE,4.618767943,6.03,32609.2,32.36,1418.08,1565.0,0.004,674.9,6195.0,3.937,1.781,11.685
K06051.01,FALSE POSITIVE,3.60727417,14.0841,841897.0,221.55,2671.63,1833.0,0.463,710.9,7026.0,4.068,1.785,15.076
K06052.01,FALSE POSITIVE,2.565717939,1.7084,1941.7,180.8,106664.85,4607.0,1.313,45.8,11360.0,3.636,4.712,10.846
K06053.01,FALSE POSITIVE,22.05274533,5.5924,13857.7,32.56,21.93,552.0,1.247,343.5,5510.0,4.608,0.741,15.44
K06054.01,FALSE POSITIVE,2.881338104,3.5943,2533.7,31.58,501.88,1206.0,1.271,111.3,5783.0,4.539,0.88,15.139
K06055.01,FALSE POSITIVE,4.078355243,6.4649,36133.0,16.73,362.07,1113.0,0.368,310.0,5872.0,4.481,0.867,14.936
K06056.01,FALSE POSITIVE,7.73590441,4.4389,465.3,21.3,144.83,884.0,1.205,59.5,5927.0,4.544,0.86,13.241
K06057.01,FALSE POSITIVE,3.530164642,4.11466,69923.0,35.71,1086.97,1465.0,0.019,731.2,6208.0,4.226,1.344,13.924
K00896.03,CANDIDATE,28.8672107,3.782,347.1,1.51,14.0,493.0,0.041,12.0,5191.0,4.564,0.837,15.258
K06150.01,CANDIDATE,48.9528113,1.66,,,,,,,,,,12.182
K01334.02,FALSE POSITIVE,94.225938,22.08,530.4,1.93,3.48,348.0,0.213,25.4,5421.0,4.564,0.852,15.454
K06151.01,CANDIDATE,431.78556,9.135,332.6,1.36,0.47,211.0,0.196,9.4,5642.0,4.6,0.747,14.401
K06152.01,FALSE POSITIVE,395.07333,7.844,645.1,230.33,923.0,1406.0,0.013,16.4,3599.0,0.679,98.38,13.544
K06153.01,FALSE POSITIVE,1.51918335,5.45573,499989.0,128.17,9460.59,2517.0,0.336,899.3,7426.0,4.116,1.698,15.106
K06154.01,FALSE POSITIVE,13.59940118,2.52,,,,,,,,,,15.191
K06155.01,FALSE POSITIVE,2.745910734,4.02594,286812.0,61.16,524.18,1221.0,0.639,1550.9,5372.0,4.396,0.96,15.316
K06156.01,FALSE POSITIVE,1.608363345,2.1988,96134.0,19.36,390.1,1133.0,0.608,312.3,5022.0,4.668,0.589,13.819
K06244.01,FALSE POSITIVE,5.746017234,3.6347,29236.3,29.32,278.69,1042.0,1.008,393.9,5940.0,4.429,0.96,14.737
K06245.01,CANDIDATE,144.102562,2.753,171.3,1.67,8.64,437.0,0.0879,4.1,6528.0,4.257,1.26,12.431
K06245.02,CANDIDATE,112.317402,3.471,182.4,1.77,12.05,475.0,0.5434,7.8,6528.0,4.257,1.26,12.431
K06246.01,CANDIDATE,9.13315062,2.1557,231.2,1.48,155.42,900.0,0.275,23.0,6122.0,4.487,0.964,11.767
K06247.01,FALSE POSITIVE,3.963787093,3.10316,25015.2,28.11,880.12,1389.0,0.95,584.8,6617.0,4.373,1.18,14.281
K06248.01,FALSE POSITIVE,1.759208679,4.60837,362327.0,66.06,1121.32,1475.0,0.548,1967.2,5721.0,4.453,0.961,15.409
K06249.01,FALSE POSITIVE,1.6031794,0.91,,,676.51,,,,,,,14.653
K02086.04,CANDIDATE,335.56311,13.06,158.0,1.83,2.9,333.0,0.12,7.2,6200.0,4.16,1.448,13.959
K06058.01,FALSE POSITIVE,6.496031958,5.21924,108889.0,32.33,198.07,957.0,0.065,1797.6,5516.0,4.364,0.988,14.502
K06059.01,FALSE POSITIVE,4.012537983,2.0101,19796.0,9.96,80.95,765.0,0.783,166.0,4483.0,4.629,0.63,15.381
K06060.01,FALSE POSITIVE,1.594162001,5.4958,9876.3,26.11,960.51,1419.0,1.128,415.0,5388.0,4.449,0.885,14.585
K06061.01,FALSE POSITIVE,10.238939876,3.4851,3153.1,22.09,474.05,1190.0,1.022,427.6,6244.0,3.986,1.807,13.897
K06062.01,FALSE POSITIVE,5.499941387,5.1339,40110.4,23.34,492.27,1202.0,0.002,506.4,6435.0,4.385,1.157,15.48
K06063.01,FALSE POSITIVE,8.667826242,5.06514,43491.0,37.51,531.63,1225.0,0.822,4638.1,6712.0,4.174,1.538,13.089
K06064.01,FALSE POSITIVE,265.2996227,8.8452,100158.0,33.81,1.25,270.0,0.798,616.3,5873.0,4.547,0.863,15.518
K06065.01,FALSE POSITIVE,265.2999623,8.8577,31778.0,25.56,1.81,296.0,0.928,154.7,6108.0,4.471,0.997,15.279
K06157.01,FALSE POSITIVE,98.1020983,1.225,184.4,1.97,17.96,525.0,0.1865,6.9,6669.0,4.224,1.427,13.557
K06158.01,FALSE POSITIVE,182.467019,7.607,1020.0,3.73,4.17,364.0,0.0158,12.5,6299.0,4.401,1.167,13.408
K06158.02,FALSE POSITIVE,126.57837267,2.5,,,,,,,,,,13.408
K06159.01,FALSE POSITIVE,11.41437505,6.276,45966.0,44.08,383.45,1128.0,0.895,34.2,6826.0,4.187,1.52,11.254
K00337.02,CANDIDATE,154.607419,9.225,279.9,1.56,3.16,340.0,0.0898,13.4,6017.0,4.508,0.931,13.936
K01519.02,CANDIDATE,57.132855,4.958,414.1,1.81,6.94,414.0,0.32,11.0,5157.0,4.445,0.904,15.369
K06160.01,FALSE POSITIVE,151.31847,16.45,105.4,1.13,4.57,373.0,0.3788,6.0,6003.0,4.346,1.085,12.744
K06161.01,FALSE POSITIVE,10.4032399,23.85,1056.2,51.47,350.59,1104.0,1.296,272.8,6428.0,4.144,1.436,13.272
K06250.01,FALSE POSITIVE,1.853209359,1.7543,12319.1,32.99,4584.55,2100.0,0.99,238.9,6384.0,4.026,1.716,13.085
K06251.01,FALSE POSITIVE,14.66769462,2.4462,29862.0,145.18,1370.6,1552.0,1.169,86.5,7517.0,3.717,3.226,13.415
K02163.03,CANDIDATE,28.2251049,2.354,201.3,1.59,36.13,625.0,0.778,8.9,6014.0,4.436,1.021,14.651
K02183.03,CANDIDATE,150.381954,4.968,396.1,2.26,2.63,325.0,0.892,7.8,5569.0,4.459,0.954,15.198
K02184.02,CANDIDATE,95.906433,4.08,836.2,2.17,1.63,288.0,0.576,11.0,4620.0,4.564,0.736,15.504
K07869.01,FALSE POSITIVE,11.4132144,2.371,76.4,1.03,172.97,925.0,0.439,10.4,6188.0,4.33,1.155,13.746
K02194.03,CANDIDATE,445.21685,16.37,211.6,1.37,0.74,237.0,0.0,11.1,5670.0,4.387,0.95,13.865
K02203.02,FALSE POSITIVE,172.178768,1.19,501.0,2.29,3.51,349.0,0.2431,4.7,6208.0,4.462,1.009,14.349
K02209.02,CANDIDATE,35.502865,8.149,115.9,2.18,64.83,724.0,0.783,11.0,5528.0,3.892,1.839,14.31
K06066.01,FALSE POSITIVE,13.787520532,2.55435,12978.3,25.33,170.01,921.0,0.99,2126.1,6399.0,4.312,1.289,12.14
K06067.01,FALSE POSITIVE,8.2904597,2.6002,173007.0,23.96,29.41,594.0,0.426,297.2,4601.0,4.681,0.566,17.409
K00945.03,CANDIDATE,66.789347,4.08,358.5,2.07,13.61,490.0,0.667,9.5,6297.0,4.448,1.031,15.083
K06068.01,CANDIDATE,6.150251376,1.68923,2128.7,100.03,6066.49,2251.0,1.27,471.0,8914.0,3.896,2.867,10.622
K06069.01,FALSE POSITIVE,8.214204254,4.5905,74177.0,42.29,96.12,798.0,1.092,613.1,5654.0,4.59,0.774,16.356
K06070.01,FALSE POSITIVE,15.71377375,7.464,9482.0,10.85,66.24,728.0,0.864,98.1,5812.0,4.434,0.96,14.292
K06071.01,FALSE POSITIVE,5.918619554,3.94804,94124.0,29.98,245.42,1009.0,0.258,1117.0,5957.0,4.498,0.971,15.678
K06072.01,FALSE POSITIVE,3.319523463,3.3465,38832.0,38.37,356.42,1108.0,1.162,249.4,5761.0,4.581,0.791,15.101
K06162.01,FALSE POSITIVE,5.874197307,4.26585,205698.0,59.2,361.15,1112.0,0.7,2200.0,6103.0,4.363,1.083,14.857
K06163.01,FALSE POSITIVE,19.7959731,5.342,334.0,3.47,249.43,1014.0,0.156,16.6,6731.0,4.043,1.876,9.816
K06164.01,CANDIDATE,29.5126153,6.314,188.2,1.84,49.95,678.0,0.188,9.4,5746.0,4.189,1.351,15.334
K06164.02,FALSE POSITIVE,209.00055019,2.52,,,,,,,,,,15.334
K06165.01,FALSE POSITIVE,5.614892073,3.7294,2373.0,1192.79,66631.18,4097.0,1.243,122.3,4289.0,1.603,35.695,11.925
K06166.01,CONFIRMED,12.2064304,2.407,1337.2,5.41,151.44,895.0,0.104,16.2,5254.0,4.05,1.514,14.13
K06166.02,CONFIRMED,6.6513189,2.135,1058.4,4.81,340.06,1095.0,0.064,15.3,5254.0,4.05,1.514,14.13
K06167.01,FALSE POSITIVE,3.905532605,6.8091,73081.0,21.37,253.21,1017.0,0.002,350.4,5495.0,4.543,0.798,12.862
K02210.02,CONFIRMED,210.631486,8.419,1657.8,3.23,0.71,234.0,0.642,25.9,4895.0,4.589,0.759,15.195
K02281.02,CANDIDATE,455.27405,2.4,366.0,1.54,0.35,196.0,0.2429,4.5,5178.0,4.556,0.818,13.829
K00365.02,CANDIDATE,117.761,3.454,53.9,0.62,3.06,337.0,0.2505,7.1,5564.0,4.522,0.85,11.195
K02327.02,CANDIDATE,46.331703,4.514,299.9,1.39,8.98,441.0,0.1484,9.4,5477.0,4.571,0.815,15.378
K02393.02,CONFIRMED,0.766691517,1.2638,244.0,1.22,1334.22,1541.0,0.388,29.5,4821.0,4.529,0.788,14.903
K02404.02,FALSE POSITIVE,5.2438528,10.539,135.8,1.11,251.99,1016.0,0.583,17.8,5815.0,4.5,0.918,15.656
K02432.02,FALSE POSITIVE,93.6273251,1.92,,,,,,,,,,15.956
K02450.02,CANDIDATE,7.1931193,2.935,125.6,1.12,166.3,916.0,0.296,10.7,5518.0,4.4,1.008,14.834
K06073.01,FALSE POSITIVE,6.474202359,3.35989,203491.0,28.96,62.47,717.0,0.448,1284.0,4947.0,4.636,0.624,14.998
K06074.01,FALSE POSITIVE,8.4803048,7.5348,2672.9,4.13,86.01,777.0,0.027,70.1,5478.0,4.573,0.812,15.736
K06075.01,FALSE POSITIVE,8.947426242,4.89701,85995.2,45.87,401.11,1141.0,0.517,7878.0,6297.0,4.155,1.506,12.985
K06076.01,FALSE POSITIVE,9.93443795,8.098,2750.0,35.54,112.23,830.0,1.264,92.8,5763.0,4.484,0.998,15.777
K06077.01,FALSE POSITIVE,2.173552528,1.6107,3026.0,23.51,260.75,1025.0,1.297,35.9,5008.0,4.663,0.594,14.605
K00266.02,CANDIDATE,47.7439509,2.99,96.9,1.74,25.84,575.0,0.977,15.0,5949.0,4.272,1.292,11.472
K00992.02,CANDIDATE,4.57834367,3.987,140.7,1.44,499.41,1206.0,0.232,11.4,5782.0,4.28,1.22,15.214
K06078.01,FALSE POSITIVE,10.157715971,2.9526,9520.1,42.27,125.42,853.0,1.268,168.0,5993.0,4.489,0.986,15.589
K01522.02,CANDIDATE,12.654896,4.325,100.6,1.02,97.41,801.0,0.009,10.4,5833.0,4.407,1.022,14.264
K06168.01,CANDIDATE,131.258668,4.89,153.0,1.59,8.31,433.0,0.4901,8.5,6443.0,4.325,1.248,12.236
K07870.01,CANDIDATE,92.552007,2.135,282.6,2.1,8.87,440.0,0.513,7.3,5808.0,4.306,1.22,14.452
K06168.02,CANDIDATE,75.072964,9.21,74.3,1.09,17.51,522.0,0.2602,7.1,6443.0,4.325,1.248,12.236
K06168.03,FALSE POSITIVE,404.701927,3.981,236.2,1.94,1.85,298.0,0.2598,7.8,6443.0,4.325,1.248,12.236
K06169.01,FALSE POSITIVE,0.779609509,4.013,88.5,1.07,4557.44,2097.0,0.676,21.0,5899.0,4.37,1.07,15.211
K06170.01,FALSE POSITIVE,15.80529628,1.56,,,,,,,,,,13.148
K06171.01,FALSE POSITIVE,2.103239235,7.08365,314928.0,64.15,1100.91,1470.0,0.62,3069.4,6074.0,4.466,0.965,14.169
K06172.01,CANDIDATE,31.8134892,1.422,234.2,1.18,14.31,496.0,0.2316,5.2,5505.0,4.586,0.776,14.458
K02610.02,CANDIDATE,115.230655,17.735,164.4,4.02,37.8,632.0,0.95,21.3,6585.0,3.813,2.517,12.605
K02714.03,CONFIRMED,184.262741,11.94,292.2,2.57,4.93,380.0,0.885,21.1,6115.0,4.249,1.291,13.312
K02719.02,CANDIDATE,106.25976,6.101,354.0,1.5,1.99,303.0,0.209,7.7,4827.0,4.508,0.823,15.141
K02828.02,CANDIDATE,505.462916,10.127,1724.0,3.46,0.25,181.0,0.489,17.6,4817.0,4.499,0.833,15.768
K02869.02,CANDIDATE,274.743032,9.137,309.0,2.16,2.82,330.0,0.4073,12.2,6277.0,4.306,1.207,13.749
K00423.02,CANDIDATE,360.477635,4.332,604.0,11943.8,3.11,339.0,72.848,7.3,6266.0,4.101,1.522,14.327
K02871.03,CANDIDATE,18.0811429,4.44,71.2,0.75,39.18,638.0,0.6214,5.7,5693.0,4.551,0.856,14.754
K02926.03,CONFIRMED,20.9569985,3.493,1917.9,2.38,4.11,363.0,0.112,22.7,3891.0,4.718,0.564,16.279
K06079.01,FALSE POSITIVE,15.249335907,3.82224,34565.1,45.92,138.77,875.0,1.077,635.5,6385.0,4.316,1.189,13.593
K06080.01,FALSE POSITIVE,4.816610903,3.82353,80226.0,26.15,287.3,1050.0,0.431,759.1,5796.0,4.472,0.904,14.843
K06081.01,FALSE POSITIVE,2.305903447,3.3828,23268.7,39.04,23214.46,3147.0,0.003,511.7,9696.0,4.033,2.492,16.321
K06082.01,FALSE POSITIVE,1.814128042,3.0646,2063.6,426.98,47891.79,3773.0,1.246,163.9,4822.0,2.662,12.899,11.78
K07871.01,FALSE POSITIVE,1.247121237,9.363,966.7,18.39,552.82,1237.0,1.223,92.1,4852.0,4.613,0.651,13.704
K06083.01,FALSE POSITIVE,4.128795314,2.771,154870.0,52.0,565.91,1244.0,0.739,1041.8,5949.0,4.311,1.083,13.1
K06084.01,FALSE POSITIVE,3.269176601,2.7233,59095.0,164.61,781.57,1349.0,2.195,515.5,6372.0,4.453,1.015,14.966
K06085.01,CANDIDATE,5.902596818,5.5711,54894.0,25.8,376.53,1123.0,0.168,533.9,6184.0,4.371,1.094,15.179
K06086.01,FALSE POSITIVE,15.995094054,8.45037,44315.3,17.09,49.26,676.0,0.272,2019.7,5899.0,4.574,0.805,15.284
K06173.01,CANDIDATE,214.013044,7.87,123.2,1.54,5.89,397.0,0.1289,9.0,6698.0,4.267,1.37,12.445
K06174.01,FALSE POSITIVE,0.70914232,1.936,2560.0,7.27,1903.76,1685.0,1.0094,2.6,5350.0,4.578,0.693,14.677
K06175.01,FALSE POSITIVE,9.86869589,2.876,5915.0,21.68,743.72,1332.0,0.984,15.8,7301.0,4.11,1.717,10.656
K01541.02,FALSE POSITIVE,66.34455122,3.64,,,,,,,,,,15.189
K06176.01,CANDIDATE,143.09688,17.74,125.0,1.48,8.94,441.0,0.1129,6.4,6725.0,4.335,1.31,11.538
K06176.02,CANDIDATE,73.4567573,2.74,,,,,,,,,,11.538
K06177.01,FALSE POSITIVE,0.978362973,1.206,37.1,1.04,13948.03,2772.0,0.267,15.9,7193.0,4.156,1.671,12.34
K06178.01,CANDIDATE,13.0327301,3.902,242.3,1.64,101.4,809.0,0.67,11.1,6122.0,4.471,0.996,15.863
K02926.04,CONFIRMED,37.6333868,4.49,1661.7,2.25,1.88,299.0,0.338,18.6,3891.0,4.718,0.564,16.279
K02971.02,CANDIDATE,31.9533679,8.424,106.1,1.65,65.15,725.0,0.773,15.2,6313.0,4.228,1.467,12.742
K03028.02,CANDIDATE,458.16754,6.97,683.0,2.11,0.45,208.0,0.1573,5.6,5536.0,4.566,0.816,15.983
K03088.02,CANDIDATE,67.8766605,2.598,389.2,1.92,10.11,455.0,0.0011,9.1,6018.0,4.485,0.975,14.953
K03090.02,FALSE POSITIVE,15.0367776,3.042,503.5,8.02,4.96,381.0,1.115,10.8,3729.0,4.733,0.514,15.665
K03214.02,CANDIDATE,25.0901574,8.273,37.7,1.35,124.33,852.0,0.935,12.1,6033.0,3.985,1.788,12.014
K03371.02,CONFIRMED,12.25384348,2.373,147.7,1.0,50.05,678.0,0.441,12.3,5413.0,4.579,0.82,13.747
K03401.02,CANDIDATE,326.6708,10.84,386.4,2.2,1.52,283.0,0.6133,10.8,5896.0,4.343,1.072,14.388
K00129.02,CANDIDATE,143.21109362,2.71,,,,,,,,,,13.224
K00238.03,CANDIDATE,362.97828,14.083,260.6,1.96,1.81,296.0,0.055,13.0,6086.0,4.274,1.216,14.061
K00593.04,CANDIDATE,240.192808,9.72,605.8,2.68,1.86,298.0,0.814,12.0,6004.0,4.484,0.977,14.957
K06087.01,FALSE POSITIVE,22.16127178,3.699,5259.0,69.44,139.67,877.0,1.277,56.6,5893.0,3.945,1.745,13.034
K00993.03,CANDIDATE,86.723653,4.852,241.0,1.43,5.5,391.0,0.662,9.4,5830.0,4.54,0.876,14.246
K06088.01,FALSE POSITIVE,2.745121487,2.9845,14608.0,9.55,150.25,893.0,0.861,86.7,4608.0,4.648,0.658,15.187
K06089.01,FALSE POSITIVE,282.9656538,21.4259,467860.0,71.61,1.45,280.0,0.426,1365.9,5999.0,4.494,0.959,13.974
K06090.01,FALSE POSITIVE,37.32030954,6.9616,4325.0,36.96,19.77,538.0,1.282,171.3,5910.0,4.505,0.94,14.277
K07878.01,CANDIDATE,36.566324,4.832,2943.0,15.41,110.92,828.0,0.018,8.1,5294.0,3.599,2.884,17.195
K06091.01,FALSE POSITIVE,5.889372452,4.94674,56841.0,50.78,1951.4,1695.0,0.403,4146.7,7249.0,3.993,2.071,12.472
K06092.01,FALSE POSITIVE,2.581595167,4.9153,171132.0,40.94,735.27,1328.0,0.124,338.2,5720.0,4.407,0.989,15.35
K06093.01,CANDIDATE,20.5736113,11.222,76.0,3.86,484.82,1197.0,0.032,12.3,5440.0,3.404,4.524,13.33
K03163.01,FALSE POSITIVE,0.566801886,5.733,5.9,0.54,52564.19,3862.0,0.3733,16.3,7589.0,4.023,2.169,10.238
K03169.01,FALSE POSITIVE,180.71809,10.85,31.2,1.28,20.98,546.0,0.8856,8.6,7608.0,4.08,1.991,10.505
K03172.01,FALSE POSITIVE,6.5583706,3.286,136.0,39.06,639.83,1283.0,1.213,18.1,6144.0,4.083,1.606,10.609
K03173.01,FALSE POSITIVE,434.39148,13.02,120.3,1.59,0.73,236.0,0.9936,10.4,5971.0,4.514,0.868,10.614
K03180.01,FALSE POSITIVE,71.1577054,4.85,,,,,,,,,,10.923
K03181.01,FALSE POSITIVE,73.26417,5.54,38.4,1.32,27.47,584.0,0.4719,3.0,5424.0,3.832,2.11,11.026
K03184.02,CONFIRMED,11.3220104,5.86,17.1,0.91,515.77,1215.0,0.1749,8.1,6003.0,3.825,2.193,11.158
K03186.01,FALSE POSITIVE,681.9363102,7.94066,186528.0,61.52,0.56,220.0,0.828,5388.3,6095.0,4.427,1.035,11.3
K03187.01,FALSE POSITIVE,0.705891195,5.281,15.0,1.0,134291.26,4884.0,0.511,32.9,10346.0,4.077,2.449,11.321
K03191.01,FALSE POSITIVE,377.88909,9.259,92.8,3.17,31.87,606.0,0.1164,11.6,9030.0,3.822,3.218,11.471
K03192.01,FALSE POSITIVE,199.21638,9.23,62.5,2.36,58.73,706.0,0.5,10.6,8914.0,3.896,2.867,11.472
K03195.01,FALSE POSITIVE,121.70747,1.37,98.2,3.02,26.67,580.0,0.9778,6.9,6362.0,3.858,2.27,11.496
K03198.01,FALSE POSITIVE,273.528359,22.346,408.5,115.4,22.75,557.0,1.363,32.1,7682.0,3.838,2.783,11.575
K03199.01,FALSE POSITIVE,3.88258905,2.741,57.8,0.78,426.41,1158.0,0.553,13.2,5780.0,4.438,1.0,11.706
K03201.01,FALSE POSITIVE,135.57186,9.94,41.2,0.83,8.77,439.0,0.2687,5.7,6070.0,4.117,1.277,11.766
K03207.01,CANDIDATE,0.954388314,6.26,57.2,2.27,31694.26,3406.0,0.737,56.3,7056.0,3.813,2.785,11.872
K03210.01,FALSE POSITIVE,173.06929,12.84,576.7,30.29,17.08,518.0,1.1262,19.9,7296.0,4.103,1.818,11.943
K03215.01,FALSE POSITIVE,1.039046871,1.689,24.4,0.48,2348.45,1774.0,0.096,9.3,5689.0,4.422,0.976,12.023
K03222.01,FALSE POSITIVE,0.607538435,5.549,34.9,1.34,25377.69,3219.0,0.9849,30.4,7076.0,4.147,1.691,12.156
K03228.01,FALSE POSITIVE,0.98762513,1.127,28.6,1.14,45704.5,3728.0,0.547,14.8,9456.0,4.172,2.022,12.234
K03233.01,FALSE POSITIVE,113.0707574,9.03,,,,,,,,,,12.267
K03235.01,FALSE POSITIVE,66.713573,4.487,63.9,0.98,22.47,555.0,0.4916,6.7,6745.0,4.361,1.182,12.301
K03251.01,FALSE POSITIVE,135.223193,8.989,56.3,0.92,7.18,417.0,0.0177,8.9,6181.0,4.279,1.227,12.452
K03283.01,FALSE POSITIVE,195.7093855,10.78,,,,,,,,,,15.322
K03378.01,FALSE POSITIVE,27.6775212,2.513,293.9,23.04,22.91,558.0,1.238,12.3,5797.0,4.563,0.828,13.678
K03381.01,FALSE POSITIVE,35.2340413,11.874,465.5,2.21,31.14,602.0,0.2713,14.7,6295.0,4.456,1.014,15.598
K03405.01,FALSE POSITIVE,20.9794338,3.762,2388.2,24.76,17.28,520.0,1.284,32.2,5182.0,4.601,0.666,15.486
K03406.01,FALSE POSITIVE,15.6937855,5.149,367.7,1.99,76.79,755.0,0.2227,14.2,5868.0,4.397,1.037,15.281
K03420.01,CANDIDATE,5.77451117,3.752,156.3,1.87,544.74,1232.0,0.348,11.2,5821.0,4.127,1.492,15.589
K03442.01,FALSE POSITIVE,20.73376301,5.8043,104599.0,54.58,45.6,663.0,0.993,97.3,5780.0,4.438,1.0,17.474
K03488.01,FALSE POSITIVE,63.571688,6.01,591.0,2.14,6.02,399.0,0.7182,5.4,5504.0,4.572,0.819,15.635
K03507.01,FALSE POSITIVE,338.20075,15.23,678.2,2.08,0.59,223.0,0.2434,11.1,5381.0,4.575,0.811,15.65
K00351.07,CONFIRMED,124.922516,11.942,498.7,3.37,6.45,407.0,0.943,24.4,5970.0,4.317,1.2,13.804
K03764.01,FALSE POSITIVE,1.303570451,2.28163,332340.0,235.58,12920.56,2720.0,0.548,573.2,4884.0,3.279,3.584,15.832
K03774.01,FALSE POSITIVE,3.72277264,15.869,1114.6,22.78,188.82,945.0,1.2672,58.1,5333.0,4.633,0.688,15.673
K03829.01,FALSE POSITIVE,3.886730304,16.1723,372425.0,61.58,424.65,1158.0,0.0,280.6,5780.0,4.438,1.0,16.81
K03833.01,FALSE POSITIVE,49.5740154,63.196,8772.9,5.01,1.46,280.0,0.472,200.6,4040.0,4.714,0.527,13.534
K01231.02,FALSE POSITIVE,10.42360821,5.404,878.3,1.67,16.64,515.0,0.001,18.7,4260.0,4.663,0.58,15.719
K01920.02,CANDIDATE,10.1384691,4.026,92.8,0.74,64.55,723.0,0.207,9.1,5483.0,4.589,0.779,14.64
K01992.03,CONFIRMED,85.517344,9.331,270.2,3.04,12.75,482.0,0.944,12.9,5592.0,4.115,1.451,14.513
K03155.01,FALSE POSITIVE,161.2529031,24.3711,94008.0,59.07,42.81,652.0,0.227,576.6,9341.0,4.222,1.87,7.391
K03156.01,FALSE POSITIVE,0.761119678,1.43,1112.0,27.81,18660.94,2977.0,1.129,9.7,6911.0,4.038,1.501,7.899
K03156.04,FALSE POSITIVE,94.212787,14.48,55654.0,35.89,30.09,597.0,0.001,112.3,6911.0,4.038,1.501,7.899
K06618.01,CANDIDATE,8.6040858,3.01,87.6,0.94,189.96,947.0,0.4146,6.4,6250.0,4.472,0.986,15.173
K06619.01,FALSE POSITIVE,1.330333096,5.045,61867.0,24.3,1691.25,1634.0,0.692,700.5,5984.0,4.521,0.906,15.423
K06620.01,FALSE POSITIVE,1.140133012,9.251,223.2,126.77,86385.22,4370.0,1.181,63.4,6715.0,3.211,5.97,13.411
K06621.01,FALSE POSITIVE,7.946367138,2.58667,278086.0,36.01,36.92,629.0,0.636,1228.9,4789.0,4.678,0.573,13.811
K06622.01,FALSE POSITIVE,16.832079803,7.79748,48374.6,61.35,565.17,1243.0,0.218,5156.6,6300.0,3.646,2.755,13.125
K06623.01,FALSE POSITIVE,7.346159047,6.5974,121807.0,44.48,114.57,835.0,0.945,2541.2,5616.0,4.574,0.81,15.63
K06624.01,FALSE POSITIVE,26.2402438,3.024,174.0,1.16,27.36,583.0,0.36,7.9,5649.0,4.45,0.875,14.68
K06625.01,FALSE POSITIVE,10.738427243,2.3544,1684.2,6.96,394.4,1137.0,0.036,112.8,6180.0,4.007,1.686,11.809
K07882.01,CANDIDATE,65.415183,4.224,417.1,1.31,1.79,295.0,0.377,8.9,4348.0,4.62,0.646,15.559
K06753.01,CANDIDATE,72.28198,2.478,1265.0,13.11,221.28,984.0,0.2405,5.4,7694.0,3.631,3.627,9.277
K06754.01,FALSE POSITIVE,23.832382513,7.06068,278997.0,63.78,35.58,623.0,0.664,2389.2,5722.0,4.454,1.0,15.581
K06755.01,FALSE POSITIVE,1.428766771,3.9753,92.2,1.01,2157.42,1737.0,0.354,3.6,6197.0,4.449,1.035,14.701
K06756.01,FALSE POSITIVE,14.5567427,1.421,185.1,1.38,89.02,783.0,0.4308,8.9,6153.0,4.471,0.993,14.927
K06757.01,FALSE POSITIVE,1.106560721,2.64151,253683.0,47.63,2382.7,1782.0,0.531,643.6,6205.0,4.534,0.873,15.415
K06758.01,FALSE POSITIVE,0.721624431,2.54242,157754.0,40.61,1560.97,1604.0,0.855,514.4,5067.0,4.565,0.715,14.424
K06759.01,CANDIDATE,371.70965709,4.65,,,,,,,,,,14.936
K06760.01,FALSE POSITIVE,10.81589054,4.73495,45399.6,32.48,328.64,1086.0,0.219,4313.4,6269.0,4.109,1.508,12.96
K06886.01,FALSE POSITIVE,4.1747072,11.13,,,1914.16,,,,,,,12.472
K06887.01,FALSE POSITIVE,0.622303871,1.84,80.9,0.77,4050.15,2032.0,0.338,9.9,5672.0,4.447,0.853,14.519
K06888.01,FALSE POSITIVE,23.3924063,3.416,62.3,0.84,57.23,701.0,0.3153,8.1,6221.0,4.4,1.05,12.845
K06889.01,CANDIDATE,75.906736,11.64,26.9,0.63,15.65,507.0,0.0506,9.2,6140.0,4.248,1.206,11.649
K06890.01,CANDIDATE,2.15888911,1.791,102.4,0.72,384.49,1130.0,0.224,9.9,5269.0,4.627,0.713,15.377
K06891.01,FALSE POSITIVE,4.608901433,8.73393,378548.0,48.72,242.9,1007.0,0.386,2624.6,5938.0,4.605,0.755,15.322
K06892.01,CANDIDATE,17.5806026,4.17,138.8,1.87,104.96,816.0,0.879,8.4,5839.0,4.199,1.358,14.989
K06893.01,FALSE POSITIVE,3.326193904,2.08375,178470.0,14.72,17.41,521.0,0.001,502.0,3520.0,4.906,0.349,14.888
K07017.01,FALSE POSITIVE,12.823275455,5.32062,121991.0,44.29,72.0,743.0,0.93,2541.7,5973.0,4.562,0.826,15.626
K07018.01,FALSE POSITIVE,37.183276326,14.0996,221205.0,55.0,29.41,594.0,0.003,2648.4,5657.0,4.23,1.168,13.84
K07019.01,FALSE POSITIVE,5.065329723,4.90392,155614.0,60.35,705.6,1315.0,0.725,5497.0,6350.0,4.233,1.286,13.955
K07020.01,FALSE POSITIVE,0.957079167,3.85011,48673.6,72.76,8421.62,2441.0,1.135,3062.6,6367.0,4.133,1.468,13.484
K07021.01,FALSE POSITIVE,9.380632783,4.295,65832.8,46.72,120.99,846.0,1.084,1053.1,5926.0,4.519,0.913,15.435
K07022.01,FALSE POSITIVE,10.064687893,3.59854,10088.0,30.11,50.11,679.0,1.261,585.4,5185.0,4.571,0.705,14.674
K07023.01,CANDIDATE,2.71772323,3.22,70.3,0.72,375.05,1123.0,0.197,9.3,5135.0,4.464,0.874,14.52
K07024.01,FALSE POSITIVE,7.73591011,5.01919,315131.0,50.46,99.92,806.0,0.613,3786.7,5623.0,4.596,0.763,12.408
K07152.01,FALSE POSITIVE,3.359470825,2.14715,2707.8,129.93,8125.7,2421.0,1.281,504.1,6587.0,3.531,3.514,12.983
K07153.01,FALSE POSITIVE,20.729255112,7.53677,341973.0,53.87,24.47,567.0,0.575,2957.7,5256.0,4.502,0.802,14.807
K07154.01,FALSE POSITIVE,3.04459739,7.638,66.1,0.62,317.36,1076.0,0.385,18.2,5525.0,4.603,0.753,14.567
K07155.01,FALSE POSITIVE,3.796448299,11.5917,522879.0,232.39,10412.56,2577.0,0.249,1487.2,8117.0,3.748,3.07,14.005
K07155.02,FALSE POSITIVE,3.79654367,11.4071,70781.0,159.34,10412.56,2577.0,1.081,283.7,8117.0,3.748,3.07,14.005
K07156.01,FALSE POSITIVE,15.926990634,11.5142,394232.0,93.94,24.16,566.0,1.368,3458.3,5191.0,4.615,0.65,15.538
K07157.01,CANDIDATE,23.9830523,8.77,83.2,1.17,62.83,718.0,0.096,11.3,5696.0,4.178,1.292,13.863
K07158.01,FALSE POSITIVE,1.219049953,1.477,53.5,2.48,17862.9,2948.0,0.0517,10.1,5742.0,3.521,3.374,13.92
K07159.01,FALSE POSITIVE,0.64585177,1.97644,308504.0,51.1,543.24,1234.0,1.138,808.3,4399.0,4.788,0.463,15.33
K07283.01,CANDIDATE,134.413808,13.907,206.1,1.69,5.51,391.0,0.1857,12.5,6013.0,4.37,1.187,14.262
K07284.01,FALSE POSITIVE,1.70192371,3.0271,49833.0,40.15,1993.63,1704.0,0.906,351.1,5826.0,4.273,1.262,12.533
K07285.01,FALSE POSITIVE,1.20693963,6.881,20.0,0.97,15568.09,2847.0,0.701,24.3,7331.0,4.041,2.041,12.317
K07286.01,FALSE POSITIVE,3.008602107,4.34296,120272.0,56.15,768.47,1343.0,0.948,502.0,6033.0,4.398,1.026,13.053
K07287.01,FALSE POSITIVE,41.81145,2.208,302.0,1.4,12.88,483.0,0.0121,5.9,5593.0,4.478,0.812,15.017
K07288.01,FALSE POSITIVE,0.846291334,1.79962,190191.0,30.8,562.86,1243.0,0.779,1049.3,4627.0,4.721,0.526,15.994
K07289.01,FALSE POSITIVE,1.930451347,3.87956,53075.2,58.77,1637.68,1623.0,1.121,602.3,6154.0,4.399,1.168,13.017
K07290.01,FALSE POSITIVE,2.427967843,4.7847,126975.0,108.33,6328.22,2275.0,0.954,472.8,7652.0,4.104,1.921,10.367
K07894.01,CANDIDATE,347.97611,16.77,341.3,1.62,0.97,253.0,0.057,11.9,5995.0,4.536,0.878,14.648
K07417.01,FALSE POSITIVE,6.840305932,4.32742,124933.0,62.08,188.58,945.0,1.094,2025.7,5970.0,4.521,0.908,15.445
K07418.01,FALSE POSITIVE,1.032967155,1.17,127.3,21.22,304226.71,5990.0,0.025,8.3,5283.0,2.352,18.959,12.698
K07419.01,FALSE POSITIVE,2.489550708,2.84685,29838.9,36.91,636.43,1281.0,1.185,443.6,6018.0,4.569,0.794,13.669
K07420.01,FALSE POSITIVE,2.980479588,3.72527,375343.0,70.52,833.83,1370.0,0.479,1737.7,6065.0,4.377,1.047,14.647
K07421.01,FALSE POSITIVE,4.81712182,2.45699,35756.4,43.45,170.42,922.0,1.233,445.3,5419.0,4.581,0.795,15.973
K07422.01,FALSE POSITIVE,2.479948394,5.7219,150682.0,35.62,441.85,1169.0,0.67,489.6,5391.0,4.539,0.822,14.742
K07423.01,FALSE POSITIVE,1.58742695,2.66475,76162.0,37.64,3023.98,1893.0,0.718,1150.7,6440.0,4.313,1.241,13.296
K07424.01,FALSE POSITIVE,19.668404822,21.1764,352808.0,42.91,22.36,555.0,0.0,1834.5,5260.0,4.56,0.717,13.486
K04526.02,CANDIDATE,11.8187288,4.017,249.0,2.09,168.38,919.0,0.282,10.3,5803.0,4.211,1.328,15.271
K04535.02,CANDIDATE,5.78901936,3.102,110.3,0.78,122.75,849.0,0.1847,7.8,5289.0,4.546,0.748,14.791
K04562.02,FALSE POSITIVE,0.968065631,1.772,92.5,0.68,1157.58,1487.0,0.518,14.0,5367.0,4.639,0.687,15.247
K04598.02,FALSE POSITIVE,0.824181335,2.4864,224.7,18.2,3155.32,1912.0,1.174,40.2,5977.0,4.514,0.883,14.638
K04716.02,CANDIDATE,12.26708306,2.7,,,,,,,,,,12.322
K04766.02,FALSE POSITIVE,2.45261841,1.9,85.5,0.69,355.92,1108.0,0.3595,8.8,5216.0,4.564,0.751,15.223
K04838.02,CANDIDATE,6.33342309,3.46,123.3,7.62,36.11,625.0,1.101,7.5,4352.0,4.671,0.613,15.073
K04871.02,CANDIDATE,5.522479,2.666,33.1,0.76,650.66,1288.0,0.6606,8.6,6532.0,4.271,1.247,13.05
K04881.02,FALSE POSITIVE,0.706423768,1.0597,46.1,1.16,15425.08,2845.0,0.71,15.9,6514.0,4.09,1.585,12.892
K06368.01,CANDIDATE,9.4588054,3.66,270.0,1.78,187.04,943.0,0.365,8.6,6247.0,4.433,1.066,15.812
K06369.01,FALSE POSITIVE,25.9534494,6.001,528.9,2.06,22.3,554.0,0.6188,10.5,5591.0,4.559,0.86,15.79
K06370.01,FALSE POSITIVE,3.49550335,3.799,60.9,0.66,322.8,1081.0,0.0843,9.6,5582.0,4.551,0.85,14.248
K06371.01,FALSE POSITIVE,25.95193721,15.9897,399167.0,123.34,157.59,904.0,0.51,915.3,6569.0,4.008,1.729,9.277
K06372.01,CANDIDATE,71.008017,5.395,170.2,1.11,7.27,419.0,0.1788,6.6,5847.0,4.526,0.849,14.603
K06373.01,FALSE POSITIVE,31.024310431,7.63621,96480.3,93.29,88.89,783.0,1.009,4403.8,6011.0,3.998,1.741,12.512
K06374.01,FALSE POSITIVE,0.634131057,2.851,27.1,0.58,9062.53,2488.0,0.0891,11.7,6428.0,4.345,1.109,12.939
K06375.01,CANDIDATE,2.90805147,2.812,103.1,0.97,523.63,1220.0,0.771,8.3,5889.0,4.543,0.869,14.557
K06376.01,FALSE POSITIVE,1.992098705,4.03833,69414.0,45.85,1006.31,1435.0,1.069,1186.0,6024.0,4.523,0.9,14.985
K06496.01,FALSE POSITIVE,1.78752921,5.315,62.9,5.86,52997.01,3868.0,0.064,16.0,6286.0,3.056,7.342,11.8
K06497.01,FALSE POSITIVE,1.77555333,14.41,83.5,1.26,2402.56,1786.0,0.9299,14.1,6594.0,4.39,1.138,13.335
K06498.01,FALSE POSITIVE,5.462689263,3.2605,4184.6,36.25,260.14,1024.0,1.298,82.6,5929.0,4.479,0.888,13.266
K06499.01,FALSE POSITIVE,3.58966681,18.534,421.3,95.86,7969.78,2410.0,1.209,102.3,6564.0,3.515,3.837,13.391
K06500.01,FALSE POSITIVE,1.37347867,12.62,289.9,4.25,9313.26,2505.0,0.9848,27.2,6877.0,4.028,1.753,12.821
K06501.01,FALSE POSITIVE,1.00960235,7.847,31.9,1.94,16358.66,2885.0,0.992,12.5,6028.0,3.724,2.412,13.572
K06502.01,FALSE POSITIVE,1.060996585,2.6494,41142.0,64.99,3542.31,1968.0,1.141,339.5,5433.0,4.154,1.348,14.34
K06503.01,FALSE POSITIVE,2.735152701,0.1046,283.3,3.27,1875.08,1679.0,0.955,4.7,6333.0,4.198,1.523,13.911
K06626.01,FALSE POSITIVE,9.459993213,5.3012,237595.0,51.89,81.31,766.0,0.743,3164.4,5569.0,4.566,0.829,12.989
K06627.01,FALSE POSITIVE,1.208524388,1.8478,4759.6,26.71,647.48,1286.0,1.259,181.3,4963.0,4.63,0.701,15.349
K06628.01,FALSE POSITIVE,3.79187443,3.5521,230736.0,47.49,240.31,1004.0,0.798,1111.9,5622.0,4.619,0.723,13.764
K06629.01,FALSE POSITIVE,17.844323157,5.07999,222364.0,90.67,138.25,874.0,0.757,4456.6,5993.0,4.114,1.485,13.745
K06630.01,FALSE POSITIVE,34.6506368,10.287,502.5,12.35,476.15,1191.0,0.973,21.6,6681.0,3.465,4.185,12.954
K06631.01,CANDIDATE,2.56271232,2.163,29.4,0.48,443.49,1171.0,0.346,8.2,5190.0,4.446,0.899,13.273
K06632.01,FALSE POSITIVE,12.643303542,5.48853,236718.0,34.94,9.07,443.0,0.739,2907.6,3977.0,4.697,0.562,15.701
K06633.01,FALSE POSITIVE,1.36293943,10.32,54.4,31.28,11346.02,2630.0,1.13,15.8,6831.0,3.971,2.106,13.658
K07883.01,FALSE POSITIVE,185.103836,4.19,581.4,14.63,47.72,670.0,0.019,10.9,4992.0,2.921,6.226,13.623
K06761.01,FALSE POSITIVE,1.267693801,3.57993,333641.0,64.84,1572.85,1606.0,0.589,713.8,5446.0,4.388,0.961,13.62
K06762.01,CANDIDATE,15.08186,4.004,81.6,0.98,78.11,758.0,0.7171,7.1,5794.0,4.377,1.012,14.45
K06763.01,CANDIDATE,2.44693823,0.954,26.4,0.56,855.53,1379.0,0.611,9.0,5821.0,4.419,1.033,12.16
K06764.01,FALSE POSITIVE,7.002865192,5.90232,349695.0,75.09,486.09,1197.0,0.358,8168.6,6818.0,4.357,1.216,13.934
K06765.01,CANDIDATE,13.05609,3.498,170.8,1.3,103.85,814.0,0.097,10.8,6078.0,4.434,0.994,15.154
K06766.01,FALSE POSITIVE,0.85450941,3.723,13.7,0.35,3269.09,1928.0,0.4204,9.0,5922.0,4.454,0.921,12.812
K06767.01,FALSE POSITIVE,30.130130001,13.4919,280751.0,83.75,76.07,753.0,0.631,2583.7,6674.0,4.286,1.347,13.076
K06768.01,FALSE POSITIVE,7.0435762,15.76,,,567.89,,,,,,,12.484
K06769.01,FALSE POSITIVE,9.12208711,4.62417,58790.4,52.66,157.73,904.0,1.104,1599.1,5857.0,4.396,1.039,13.666
K07886.01,FALSE POSITIVE,366.71923,9.8,246.4,3.35,5.09,383.0,0.592,9.8,6295.0,3.907,2.049,13.302
K06894.01,FALSE POSITIVE,6.373454978,3.9377,6084.6,51.6,441.1,1169.0,1.284,258.1,5953.0,4.161,1.254,13.583
K06895.01,FALSE POSITIVE,1.075577069,4.11779,140584.0,69.11,4551.51,2094.0,0.886,1589.6,6011.0,4.217,1.267,13.893
K06896.01,FALSE POSITIVE,0.811390968,1.0114,139.9,14.74,153237.23,5043.0,0.345,19.2,4994.0,2.682,12.487,11.817
K06897.01,FALSE POSITIVE,14.6494599,2.883,221.0,1.0,25.65,574.0,0.175,7.4,5017.0,4.585,0.688,15.376
K06898.01,FALSE POSITIVE,321.00742,13.01,307.1,3.7,3.59,351.0,0.6639,11.1,5258.0,3.771,2.004,13.636
K06899.01,FALSE POSITIVE,27.81892382,8.3777,238224.0,50.0,32.75,610.0,0.606,156.8,6126.0,4.513,0.915,15.325
K06900.01,FALSE POSITIVE,8.467706136,4.05376,77323.6,43.98,120.02,844.0,1.054,976.0,5873.0,4.554,0.843,14.408
K06901.01,FALSE POSITIVE,24.70361995,6.9719,217538.0,30.13,10.99,464.0,0.206,268.7,5030.0,4.665,0.65,15.517
K07025.01,FALSE POSITIVE,5.1348689,48.69,115.8,16.17,276.25,1040.0,1.137,36.1,5515.0,4.357,1.001,14.49
K07026.01,FALSE POSITIVE,5.251918489,5.59653,296478.0,51.51,299.43,1060.0,0.317,6979.7,6099.0,4.511,0.919,14.912
K07027.01,FALSE POSITIVE,3.62944008,5.94104,130083.0,40.08,787.91,1351.0,0.253,5131.4,6284.0,4.355,1.093,12.789
K07028.01,FALSE POSITIVE,43.263305017,10.0915,359086.0,62.75,15.38,505.0,0.555,2415.6,5623.0,4.4,0.917,14.977
K07029.01,FALSE POSITIVE,6.042029838,8.0666,132864.0,23.94,66.7,729.0,0.689,312.5,5030.0,4.67,0.587,13.373
K07030.01,FALSE POSITIVE,2.892087553,3.16757,71631.0,47.55,531.42,1225.0,1.062,563.9,5622.0,4.443,0.924,15.599
K07031.01,FALSE POSITIVE,5.40597608,2.79,461.0,31.78,14885.1,2818.0,0.013,23.5,4840.0,2.56,15.355,12.504
K07032.01,CANDIDATE,3.64049242,1.194,42.1,0.61,393.32,1136.0,0.181,9.5,5745.0,4.503,0.936,12.646
K07033.01,FALSE POSITIVE,0.510804497,2.539,42.7,1.58,40925.32,3622.0,0.81,15.4,6596.0,3.913,2.176,11.513
K07160.01,FALSE POSITIVE,0.645850521,1.2082,54.9,0.69,3366.81,1941.0,0.476,16.8,5381.0,4.426,0.911,14.107
K07161.01,FALSE POSITIVE,18.84497113,4.9442,4143.4,5.35,21.89,552.0,0.895,79.8,5220.0,4.578,0.695,15.695
K07162.01,CANDIDATE,5.1581317,7.773,37.9,2.02,1720.62,1642.0,0.032,13.0,5155.0,3.511,3.355,13.031
K07163.01,FALSE POSITIVE,14.759477667,9.7746,357470.0,76.06,130.69,862.0,0.56,3813.5,6522.0,4.407,1.105,13.822
K07164.01,FALSE POSITIVE,10.476258265,7.77203,120206.0,54.13,318.44,1077.0,0.318,8251.5,6109.0,4.097,1.536,12.421
K07165.01,FALSE POSITIVE,1.588298157,4.37027,165034.0,120.0,13941.82,2773.0,0.855,1071.6,7742.0,4.024,2.094,12.186
K07166.01,FALSE POSITIVE,1.58826263,2.655,78.9,0.47,130.67,862.0,0.021,8.5,3931.0,4.717,0.544,15.455
K07167.01,FALSE POSITIVE,3.909314318,5.36124,97123.4,42.54,819.78,1364.0,0.776,1587.6,6425.0,4.341,1.143,14.618
K07168.01,FALSE POSITIVE,1.38385822,1.0,,,234049.39,,,,,,,14.367
K07891.01,FALSE POSITIVE,0.79708975,3.301,19.3,0.54,6174.2,2262.0,0.53,9.8,6056.0,4.271,1.196,13.391
K07291.01,CANDIDATE,25.9136674,10.498,109.7,3.37,205.72,966.0,0.982,16.1,6167.0,3.804,2.346,12.556
K07292.01,FALSE POSITIVE,8.5412411,3.654,298.8,1.4,81.55,767.0,0.793,10.7,5602.0,4.614,0.732,15.661
K07293.01,FALSE POSITIVE,1.013922622,1.6393,34957.0,31.98,883.9,1392.0,1.178,79.8,5110.0,4.618,0.647,15.856
K07294.01,FALSE POSITIVE,17.918743061,4.36387,118355.0,56.94,186.0,942.0,0.252,4696.8,5870.0,3.903,1.63,13.776
K07295.01,FALSE POSITIVE,2.287515702,10.0879,358575.0,86.76,2484.21,1801.0,0.346,3017.9,6773.0,4.306,1.391,13.99
K07296.01,FALSE POSITIVE,659.2907,22.106,338.1,4.66,2.53,322.0,0.982,27.0,6917.0,4.05,1.837,10.629
K07297.01,FALSE POSITIVE,24.847087207,7.28274,317670.0,52.38,24.75,569.0,0.52,6707.7,5644.0,4.55,0.854,14.608
K07298.01,FALSE POSITIVE,0.85574731,2.01,,,,,,,,,,15.482
K07299.01,FALSE POSITIVE,20.867855659,5.73122,82601.4,53.53,62.09,716.0,1.045,2768.6,6095.0,4.378,1.016,14.492
K07425.01,FALSE POSITIVE,3.401949837,16.5797,2477.0,14.32,4391.35,2076.0,0.958,304.0,7094.0,3.905,2.17,12.471
K07426.01,CANDIDATE,6.96197304,2.806,151.3,0.97,86.68,778.0,0.103,8.8,5008.0,4.506,0.814,15.352
K07427.01,CANDIDATE,7.8935324,3.444,47.6,0.78,289.79,1052.0,0.303,8.3,6306.0,4.346,1.109,13.954
K07428.01,FALSE POSITIVE,2.252822538,3.41062,269847.0,57.6,1078.82,1462.0,0.621,1575.9,6116.0,4.431,0.951,13.387
K07429.01,FALSE POSITIVE,2.25284817,3.069,60.0,8.61,3351.24,1940.0,1.043,8.8,6850.0,4.196,1.53,13.178
K07430.01,CANDIDATE,1.320499473,1.184,204.0,18.94,95168.65,4477.0,0.15,12.0,5172.0,2.693,13.454,11.466
K07431.01,FALSE POSITIVE,5.39525573,7.8377,104242.0,152.74,3721.55,1992.0,1.0,175.7,7216.0,3.768,2.804,10.143
K07432.01,CANDIDATE,13.1538409,11.56,104.6,1.03,74.8,750.0,0.39,10.6,5443.0,4.36,1.008,15.007
K05076.02,FALSE POSITIVE,0.939740093,3.682,106.5,34.87,635197.09,7200.0,0.5488,14.3,4297.0,1.663,33.474,10.147
K00460.02,CANDIDATE,36.0484798,5.763,127.6,1.24,24.28,566.0,0.294,8.5,5602.0,4.33,1.1,14.743
K05875.02,CANDIDATE,4.2742605,2.687,263.8,1.88,730.69,1326.0,0.089,11.4,6477.0,4.361,1.148,14.496
K06064.02,FALSE POSITIVE,265.299451,4.563,4946.0,7.1,1.25,270.0,0.88,34.3,5873.0,4.547,0.863,15.518
K06065.02,FALSE POSITIVE,265.310499,4.013,1530.0,4.69,1.81,296.0,0.913,11.6,6108.0,4.471,0.997,15.279
K06165.02,FALSE POSITIVE,35.4261827,4.393,317.6,153.72,5712.61,2217.0,1.004,7.1,4289.0,1.603,35.695,11.925
K06252.01,FALSE POSITIVE,8.460438928,4.73492,76412.9,36.62,98.6,804.0,1.061,1797.4,5951.0,4.638,0.702,14.813
K06253.01,CANDIDATE,27.556452,8.23,289.2,1.4,18.86,531.0,0.1438,6.7,5509.0,4.565,0.836,15.979
K06377.01,FALSE POSITIVE,4.318726936,2.67349,59429.0,29.74,334.31,1091.0,0.867,394.4,5896.0,4.518,0.916,15.69
K06378.01,FALSE POSITIVE,3.22598684,1.67,,,,,,,,,,13.43
K06379.01,FALSE POSITIVE,76.45315813,5.1822,9662.2,22.89,1.7,291.0,1.26,151.8,4831.0,4.713,0.54,15.312
K06380.01,FALSE POSITIVE,7.698431197,5.43677,42548.8,42.72,140.16,878.0,1.149,942.6,5774.0,4.508,0.876,15.451
K06381.01,FALSE POSITIVE,0.504296702,1.4145,5995.4,50.41,12445.73,2694.0,1.2942,231.8,6140.0,4.243,1.187,13.318
K06382.01,FALSE POSITIVE,5.194256813,7.25775,38851.4,41.77,1349.96,1546.0,0.378,2390.4,6100.0,3.895,2.086,12.739
K06383.01,FALSE POSITIVE,61.42252657,3.76585,337545.0,41.01,2.66,326.0,0.574,850.4,4867.0,4.687,0.613,14.951
K06384.01,CANDIDATE,566.28176,20.39,1200.0,2.79,0.4,203.0,0.2065,8.9,5829.0,4.575,0.802,15.992
K06385.01,FALSE POSITIVE,9.761172507,11.4007,205866.0,95.58,729.48,1325.0,0.343,3150.9,6468.0,3.893,2.048,13.773
K06503.02,FALSE POSITIVE,1.36513839,1.86,,,,,,,,,,13.911
K06504.01,FALSE POSITIVE,1.061008464,2.8029,408767.0,32.58,238.59,1002.0,0.477,997.7,4239.0,4.793,0.454,13.349
K06505.01,FALSE POSITIVE,1.36840167,4.58,,,,,,,,,,12.103
K06506.01,FALSE POSITIVE,5.8957069,56.84,129.7,32.41,238.37,1002.0,1.3087,24.1,5956.0,4.504,0.934,14.087
K06507.01,FALSE POSITIVE,1.67473779,5.67,,,16598.34,,,,,,,11.48
K06508.01,FALSE POSITIVE,1.039370613,1.0713,743.6,12.6,28690.6,3320.0,0.976,182.9,6429.0,3.615,3.137,13.028
K06509.01,FALSE POSITIVE,2.31169425,8.689,38.4,1.76,24113.62,3178.0,0.628,16.0,9451.0,3.97,2.679,13.234
K06510.01,FALSE POSITIVE,2.072177815,4.54864,293717.0,46.55,495.23,1204.0,0.641,590.7,5519.0,4.621,0.718,15.08
K06634.01,FALSE POSITIVE,3.34328534,27.29,166.8,64.0,4535.97,2094.0,1.21,79.5,6541.0,3.773,2.652,13.276
K06635.01,CANDIDATE,0.52740121,4.807,1316.0,1.49,263.23,1027.0,0.4309,31.1,3582.0,4.847,0.41,14.353
K06636.01,FALSE POSITIVE,0.905678252,1.249,70.4,0.78,3074.42,1901.0,0.357,11.1,6075.0,4.501,0.909,14.92
K06637.01,FALSE POSITIVE,0.905672916,1.0,110.4,0.76,1096.04,1468.0,0.033,12.1,4949.0,4.552,0.741,15.283
K06639.01,FALSE POSITIVE,0.790046373,4.9939,149304.0,56.93,9873.85,2541.0,0.65,174.5,6785.0,4.321,1.342,14.838
K06640.01,FALSE POSITIVE,1.804591904,3.85009,137295.0,80.87,3221.97,1923.0,0.879,1666.6,6271.0,4.178,1.515,13.877
K06641.01,CANDIDATE,1.400903699,0.883,136.5,1.16,2284.73,1764.0,0.196,9.8,6375.0,4.474,0.975,15.514
K06642.01,FALSE POSITIVE,1.14073528,2.394,13.5,0.68,24512.67,3190.0,0.768,7.8,8847.0,4.2,1.685,12.5
K06643.01,FALSE POSITIVE,3.31976683,4.523,48.0,0.7,626.66,1276.0,0.713,8.5,6100.0,4.438,0.94,14.644
K06770.01,FALSE POSITIVE,0.52880817,2.2865,57.7,1.84,37880.12,3558.0,0.432,38.8,6224.0,3.815,2.368,13.274
K06771.01,FALSE POSITIVE,0.700606479,0.993,23.5,1.22,28551.69,3312.0,0.37,9.0,6280.0,3.795,2.449,12.609
K06772.01,FALSE POSITIVE,9.469191607,9.55999,63501.9,49.17,1875.84,1679.0,0.627,4419.3,9454.0,4.244,1.832,13.292
K06773.01,FALSE POSITIVE,15.53753378,5.8262,209006.0,40.9,54.73,694.0,0.425,2807.8,5704.0,4.476,0.868,14.875
K06774.01,CANDIDATE,17.3816224,2.73456,59099.4,26.55,77.09,756.0,0.666,1149.7,6116.0,4.407,1.02,15.567
K06775.01,FALSE POSITIVE,2.172042913,8.0331,154381.0,100.79,5231.88,2169.0,0.881,583.6,7128.0,4.105,1.775,13.908
K06776.01,CANDIDATE,28.655498,8.58,173.6,1.45,44.37,658.0,0.079,10.1,6268.0,4.429,1.1,15.426
K06777.01,CANDIDATE,13.4450174,2.118,196.2,1.08,31.92,606.0,0.531,8.3,5003.0,4.553,0.759,15.256
K07887.01,FALSE POSITIVE,6.35216475,3.251,185.7,18.1,12523.45,2698.0,0.196,10.9,4820.0,2.471,13.654,11.673
K06902.01,FALSE POSITIVE,0.705174384,1.11196,375227.0,366.76,75.23,751.0,13.5485,222.8,3354.0,5.031,0.25,15.815
K06903.01,FALSE POSITIVE,38.058140058,8.82403,308873.0,94.1,69.39,736.0,0.63,3602.0,6894.0,4.25,1.419,12.178
K06904.01,CANDIDATE,26.1556767,1.542,295.0,1.28,14.92,501.0,0.166,7.0,5204.0,4.573,0.76,15.425
K06905.01,FALSE POSITIVE,4.800232532,3.57105,277001.0,48.67,184.84,941.0,0.669,893.6,5591.0,4.59,0.756,15.431
K06906.01,FALSE POSITIVE,1.74336627,10.405,451.0,140.49,4006.15,2029.0,1.855,20.8,6640.0,4.208,1.478,13.142
K06907.01,CANDIDATE,4.60687717,2.295,258.7,1.14,132.78,865.0,0.341,7.5,5110.0,4.582,0.711,15.93
K06908.01,FALSE POSITIVE,1.507100589,5.8097,497657.0,131.16,7555.78,2378.0,0.336,711.8,6919.0,4.099,1.748,14.15
K06909.01,FALSE POSITIVE,0.758355704,4.4135,9568.3,8.78,2292.94,1765.0,0.846,153.3,5629.0,4.586,0.783,15.617
K06910.01,FALSE POSITIVE,0.77258608,2.7,,,,,,,,,,15.214
K07034.01,FALSE POSITIVE,0.898837525,3.5342,399778.0,57.14,1609.86,1615.0,0.496,445.6,5284.0,4.518,0.807,15.3
K07035.01,FALSE POSITIVE,11.931131598,5.56983,300506.0,93.46,112.47,831.0,1.037,5606.7,6089.0,4.449,0.959,14.378
K07036.01,FALSE POSITIVE,11.93137992,3.639,122.1,0.56,7.0,415.0,0.412,14.7,3787.0,4.742,0.505,14.003
K07037.01,FALSE POSITIVE,27.533803402,3.96227,48152.7,50.02,85.95,777.0,0.908,5446.9,5925.0,4.052,1.611,12.921
K07038.01,FALSE POSITIVE,12.4964346,84.32,271.7,55.34,899.44,1397.0,1.17,141.5,6821.0,3.805,2.73,13.054
K07039.01,FALSE POSITIVE,1.352576807,5.49531,317484.0,161.02,15932.27,2866.0,0.616,1365.1,6881.0,3.831,2.406,13.106
K07040.01,CANDIDATE,502.20642,9.39,447.9,2.18,0.48,212.0,0.9802,7.1,6018.0,4.615,0.733,14.948
K07041.01,CANDIDATE,8.3613732,3.649,104.7,0.79,93.31,793.0,0.067,9.5,5470.0,4.509,0.777,15.122
K07042.01,FALSE POSITIVE,13.254134073,4.34991,44979.8,58.51,227.51,990.0,1.051,2281.0,6175.0,4.111,1.436,13.876
K07169.01,CANDIDATE,10.5113779,4.74,29.9,0.72,289.46,1052.0,0.198,8.8,6575.0,4.278,1.305,12.931
K07170.01,FALSE POSITIVE,1.922009494,3.101,6547.8,48.61,1534.66,1596.0,1.312,284.4,5880.0,4.296,1.087,14.738
K07171.01,FALSE POSITIVE,10.186578749,10.6304,340671.0,67.45,93.53,793.0,0.677,5867.8,5557.0,4.448,0.916,14.846
K07172.01,FALSE POSITIVE,32.003815635,4.31197,17120.2,180.25,201.25,960.0,1.226,711.4,5260.0,3.459,4.062,13.396
K07173.01,FALSE POSITIVE,1.250390814,3.7184,231167.0,101.37,7420.89,2367.0,0.73,2046.8,6297.0,4.006,1.663,12.64
K07174.01,CANDIDATE,1.58487898,1.791,42.9,0.37,187.91,943.0,0.417,9.3,4201.0,4.675,0.566,13.742
K07175.01,FALSE POSITIVE,9.2742685,13.39,,,134.36,,,,,,,12.997
K07176.01,FALSE POSITIVE,5.748815953,1.9216,11657.0,26.94,96.29,799.0,1.172,43.3,4961.0,4.545,0.753,15.311
K07300.01,FALSE POSITIVE,0.517573708,2.23102,87205.0,37.02,2827.01,1863.0,1.021,740.2,5427.0,4.633,0.7,15.777
K07301.01,CANDIDATE,20.9525604,3.986,232.9,1.19,14.2,495.0,0.74,9.8,4885.0,4.61,0.72,15.645
K07302.01,FALSE POSITIVE,24.70932686,5.0698,29265.0,25.1,45.33,662.0,0.928,284.7,6065.0,4.427,1.023,13.737
K07303.01,FALSE POSITIVE,13.68369259,4.22504,185514.0,30.6,38.37,635.0,0.089,3641.6,5359.0,4.566,0.708,11.544
K07304.01,FALSE POSITIVE,9.726748645,19.4093,393412.0,277.38,233.38,997.0,1.883,4414.3,5618.0,4.107,1.406,13.04
K07305.01,CANDIDATE,3.72920972,5.012,14.4,0.8,2035.92,1713.0,0.5232,9.6,6215.0,3.955,2.05,9.976
K07306.01,FALSE POSITIVE,0.691561191,5.23,1901.0,5.91,1074.31,1460.0,1.0183,3.4,4892.0,4.669,0.586,14.353
K07307.01,FALSE POSITIVE,1.35337091,2.2396,104562.0,26.69,1031.53,1444.0,0.579,303.0,5426.0,4.511,0.784,14.956
K07308.01,FALSE POSITIVE,1.854491777,5.14771,383431.0,63.08,1232.64,1511.0,0.285,1070.6,5843.0,4.413,0.99,13.344
K07433.01,FALSE POSITIVE,4.737713268,6.384,105259.0,29.25,143.54,882.0,0.8,476.7,5335.0,4.624,0.719,14.176
K07434.01,CANDIDATE,5.704593,1.149,129.9,0.95,154.92,900.0,0.285,8.5,5523.0,4.566,0.832,14.572
K07435.01,CANDIDATE,1.36752316,1.208,61.0,0.82,1899.59,1684.0,0.299,11.7,5836.0,4.417,1.048,13.861
K07436.01,FALSE POSITIVE,2.49777454,5.241,78.7,2.14,6214.34,2264.0,0.778,51.1,7117.0,3.964,2.211,12.321
K07437.01,CANDIDATE,1.9997244,1.976,85.1,0.84,870.41,1385.0,0.37,8.9,5838.0,4.529,0.897,15.512
K07438.01,FALSE POSITIVE,1.51264208,1.871,23842.0,36.72,801.0,1357.0,1.192,262.6,5258.0,4.508,0.811,15.724
K07439.01,FALSE POSITIVE,323.2575,17.26,286.8,2.01,1.73,293.0,0.034,20.0,5866.0,4.301,1.198,13.011
K07440.01,FALSE POSITIVE,0.984971822,1.64247,6683.5,56.1,6852.37,2321.0,1.274,279.1,6437.0,4.237,1.369,13.548
K06254.01,FALSE POSITIVE,567.71329,12.85,259.4,3.28,2.64,325.0,0.4247,6.6,6248.0,3.924,1.996,13.24
K06255.01,FALSE POSITIVE,9.31392071,0.971,163.7,1.25,144.19,884.0,0.1287,6.6,6032.0,4.485,0.973,14.574
K06256.01,CANDIDATE,14.137062,2.264,393.0,1.37,24.62,568.0,0.2133,7.5,4861.0,4.574,0.709,15.729
K06257.01,FALSE POSITIVE,2.32539968,16.791,288.1,9.76,9234.82,2501.0,1.004,79.9,7046.0,3.831,2.724,11.661
K06258.01,FALSE POSITIVE,0.764597756,1.119,16.6,0.72,12721.72,2708.0,0.345,12.0,6218.0,4.066,1.726,11.215
K06259.01,CANDIDATE,4.78113942,2.733,105.8,1.14,386.46,1130.0,0.118,9.6,5683.0,4.326,1.115,14.595
K06259.02,CANDIDATE,7.18864064,2.364,133.5,1.3,223.87,987.0,0.424,9.3,5683.0,4.326,1.115,14.595
K06260.01,FALSE POSITIVE,4.101595158,6.10362,366585.0,51.08,264.23,1028.0,0.394,3809.8,5610.0,4.533,0.808,14.162
K06261.01,FALSE POSITIVE,2.43574046,22.25,6223.0,24.62,4614.94,2102.0,0.997,74.6,7239.0,4.129,1.781,14.141
K06386.01,FALSE POSITIVE,2.756536015,1.5908,3590.8,57.46,1472.73,1580.0,1.239,100.1,5496.0,4.02,1.669,13.485
K06387.01,FALSE POSITIVE,13.99585365,5.0308,19681.0,368.42,493.55,1202.0,2.095,118.1,5638.0,3.597,2.703,12.12
K06388.01,FALSE POSITIVE,4.320850062,4.26661,75927.4,59.16,524.62,1221.0,1.087,1691.5,6098.0,4.384,1.083,13.928
K06389.01,FALSE POSITIVE,8.6532378,2.974,126.0,0.96,93.75,793.0,0.359,9.0,5561.0,4.561,0.854,14.815
K06390.01,FALSE POSITIVE,5.197420145,6.78534,91307.3,81.49,949.86,1416.0,1.025,4262.1,6248.0,4.05,1.528,13.961
K06391.01,FALSE POSITIVE,2.183517999,4.2703,1321.6,4633.66,2169685.72,9791.0,1.214,147.7,3198.0,0.047,162.725,11.296
K06392.01,FALSE POSITIVE,383.61248,12.263,619.3,2.3,0.9,248.0,0.4658,10.2,6011.0,4.522,0.902,14.481
K06393.01,FALSE POSITIVE,1.945914237,2.8712,9880.5,35.94,955.56,1417.0,1.273,299.2,5967.0,4.516,0.83,15.439
K06511.01,CANDIDATE,27.122801,5.255,234.7,1.46,29.38,594.0,0.3462,8.1,5878.0,4.512,0.945,15.747
K06512.01,FALSE POSITIVE,2.500560859,7.5902,20.4,0.48,1149.55,1486.0,0.104,4.5,6305.0,4.422,1.052,15.039
K06513.01,CANDIDATE,5.62241111,1.185,464.1,1.17,23.43,561.0,0.4026,8.5,3894.0,4.71,0.541,15.627
K06514.01,FALSE POSITIVE,1.25625738,9.726,15.2,1.32,35745.58,3507.0,0.8208,50.1,7450.0,3.68,3.063,11.857
K06515.01,FALSE POSITIVE,21.142458554,5.17846,73960.9,41.68,48.12,672.0,0.971,3830.9,6079.0,4.495,0.945,14.083
K06516.01,CANDIDATE,11.2901559,10.475,163.8,0.88,34.17,617.0,0.6285,8.6,5025.0,4.609,0.657,15.929
K06516.02,CANDIDATE,28.24753303,13.2,,,,,,,,,,15.929
K06517.01,FALSE POSITIVE,0.99519559,2.293,13.7,0.29,1642.44,1624.0,0.0372,7.4,5506.0,4.512,0.782,10.291
K06644.01,FALSE POSITIVE,25.150788449,7.72717,37582.6,39.12,52.23,686.0,1.025,1504.9,6015.0,4.329,1.101,15.048
K06645.01,FALSE POSITIVE,7.21636091,2.218,384.7,18.03,5009.17,2146.0,0.017,37.2,5029.0,2.909,9.476,10.916
K06646.01,CANDIDATE,7.1356633,1.789,255.5,1.38,75.39,751.0,0.735,9.8,4926.0,4.522,0.793,15.125
K06647.01,FALSE POSITIVE,12.591656377,5.53385,302584.0,49.21,40.23,642.0,0.629,3990.5,5293.0,4.604,0.756,14.832
K06648.01,FALSE POSITIVE,1.044408447,3.633,46.2,1.17,13421.48,2745.0,0.1512,15.1,7274.0,4.161,1.698,11.865
K06649.01,FALSE POSITIVE,0.97705114,2.33,20.1,0.77,9261.1,2501.0,0.603,7.4,6527.0,4.162,1.631,13.566
K06650.01,FALSE POSITIVE,5.407157086,5.8919,74653.3,125.96,3667.86,1984.0,1.062,2882.0,7617.0,3.856,2.439,11.3
K06651.01,FALSE POSITIVE,30.971766472,8.31171,228680.0,51.72,17.73,523.0,0.763,3245.9,5633.0,4.558,0.829,15.596
K06652.01,FALSE POSITIVE,5.06318803,13.8913,662677.0,302.18,160.52,908.0,3.4,1602.7,5375.0,4.531,0.752,15.001
K06778.01,FALSE POSITIVE,10.88242209,5.51934,206811.0,63.14,150.98,894.0,0.788,4284.2,6200.0,4.422,1.045,12.068
K06779.01,FALSE POSITIVE,1.926366998,3.98088,399528.0,53.63,497.84,1204.0,0.498,1093.2,5176.0,4.542,0.76,15.138
K06780.01,FALSE POSITIVE,2.325185422,7.2871,268.5,81.88,46102.7,3738.0,1.247,256.3,11076.0,3.989,2.896,10.052
K06781.01,CANDIDATE,14.5909249,1.591,146.9,0.93,35.34,622.0,0.3084,6.3,5214.0,4.527,0.766,14.953
K06782.01,FALSE POSITIVE,40.877841988,9.88456,256094.0,164.06,166.06,915.0,0.71,5260.3,6807.0,3.848,2.59,11.663
K06783.01,CANDIDATE,11.8496351,3.319,183.8,1.31,97.71,802.0,0.607,9.6,6032.0,4.508,0.929,15.472
K06784.01,FALSE POSITIVE,36.75892725,15.5723,261730.0,51.31,25.82,575.0,0.298,4263.6,6085.0,4.438,0.979,13.676
K06785.01,FALSE POSITIVE,0.536869783,4.164,221.7,1.81,11576.28,2645.0,0.5604,27.8,6495.0,4.379,1.168,14.801
K06786.01,CANDIDATE,455.62395,13.07,1112.1,3.0,0.64,228.0,0.335,14.0,5883.0,4.53,0.892,15.975
K06911.01,FALSE POSITIVE,0.843400322,1.7606,43.7,0.65,3371.24,1941.0,0.489,23.8,5982.0,4.493,0.96,13.018
K06912.01,FALSE POSITIVE,17.042155208,7.80412,55165.0,24.93,78.98,760.0,0.455,2046.2,6197.0,4.449,1.035,15.252
K06913.01,FALSE POSITIVE,0.874236216,2.352,58.4,3.46,344046.45,6177.0,0.2375,11.1,10894.0,3.667,4.378,13.752
K06913.02,CANDIDATE,1.75173647,5.122,68.4,3.86,136315.31,4900.0,0.6637,10.2,10894.0,3.667,4.378,13.752
K06914.01,FALSE POSITIVE,0.60886299,1.27896,2019.5,158.5,42225.89,3651.0,1.294,457.8,5022.0,3.311,4.167,13.886
K06915.01,FALSE POSITIVE,4.43529675,2.117,181.9,1.15,261.33,1026.0,0.353,9.6,5659.0,4.511,0.842,15.738
K06916.01,FALSE POSITIVE,0.88512187,3.349,136.0,1.05,1797.86,1659.0,0.766,9.9,5392.0,4.521,0.819,15.871
K06917.01,FALSE POSITIVE,1.734221252,2.4577,289817.0,42.06,363.79,1114.0,0.553,542.2,4765.0,4.584,0.702,15.726
K07043.01,FALSE POSITIVE,5.776764285,6.99715,153902.0,117.51,1336.82,1542.0,0.88,3033.4,6263.0,3.875,2.072,13.356
K07044.01,FALSE POSITIVE,1.26227317,3.30141,7342.5,369.2,48665.04,3790.0,1.247,1159.9,4927.0,2.882,9.356,11.516
K07045.01,FALSE POSITIVE,0.76757669,2.04757,157612.0,34.23,1294.42,1530.0,0.821,431.3,5182.0,4.635,0.627,14.952
K07046.01,FALSE POSITIVE,5.860377067,10.4634,361615.0,78.14,475.44,1191.0,0.526,3044.1,6267.0,4.284,1.158,13.955
K07047.01,FALSE POSITIVE,5.801881299,4.21133,34469.8,62.9,3784.87,2001.0,0.81,3642.0,7259.0,3.739,3.009,12.368
K07048.01,FALSE POSITIVE,4.00770453,5.50884,168776.0,92.08,1969.22,1699.0,0.835,1753.5,7162.0,4.185,1.631,13.251
K07049.01,FALSE POSITIVE,6.099032889,4.82208,55374.3,36.68,462.81,1183.0,0.891,2884.0,6356.0,4.297,1.141,13.745
K07050.01,FALSE POSITIVE,0.652956712,0.627,50.0,0.76,4984.96,2146.0,0.26,12.7,5812.0,4.419,1.055,13.506
K07177.01,FALSE POSITIVE,13.691790011,5.64674,97563.5,49.2,230.66,994.0,0.269,8326.3,6295.0,4.158,1.554,13.275
K07178.01,FALSE POSITIVE,21.570508432,13.8604,134176.0,63.68,171.91,923.0,0.388,8616.1,6322.0,4.003,1.692,12.462
K07179.01,CANDIDATE,407.14656,23.26,82.3,1.18,1.29,272.0,0.7466,8.2,5845.0,4.282,1.198,13.31
K07180.01,CANDIDATE,487.83894,32.77,453.3,3.94,1.88,298.0,0.1252,8.8,5421.0,3.882,1.877,13.728
K07181.01,FALSE POSITIVE,14.199840087,5.98531,214604.0,85.76,159.99,907.0,0.772,1408.6,5864.0,4.139,1.414,13.135
K07182.01,CANDIDATE,6.853888,2.561,653.8,1.74,33.32,613.0,0.469,8.2,4199.0,4.609,0.684,16.538
K07183.01,FALSE POSITIVE,2.136834989,4.34882,346183.0,66.59,948.25,1415.0,0.559,644.7,5753.0,4.42,0.989,14.902
K07184.01,FALSE POSITIVE,2.51690133,2.521,59.6,0.97,986.6,1430.0,0.093,10.0,5403.0,4.201,1.284,14.587
K00547.02,CANDIDATE,7.34672485,2.136,143.0,0.97,89.33,784.0,0.2525,10.1,5271.0,4.578,0.821,14.773
K07309.01,FALSE POSITIVE,9.296746368,6.88069,213838.0,400.4,1370.16,1552.0,1.623,4407.8,6461.0,3.67,2.884,13.211
K07310.01,FALSE POSITIVE,18.060078203,11.5759,58975.4,20.71,34.4,618.0,0.328,1797.6,5330.0,4.464,0.855,14.724
K07311.01,FALSE POSITIVE,18.74072534,5.19791,125477.0,35.61,62.46,717.0,0.203,2964.7,6122.0,4.471,0.996,15.861
K07312.01,FALSE POSITIVE,0.93371313,2.971,66.0,0.69,1724.34,1642.0,0.133,8.9,5436.0,4.548,0.869,15.788
K07313.01,FALSE POSITIVE,0.93373716,5.015,144.9,1.14,1811.1,1666.0,0.793,16.0,5390.0,4.479,0.852,15.926
K07314.01,FALSE POSITIVE,0.933735579,3.892,351.4,10.28,43890.28,3696.0,0.565,27.1,5016.0,3.013,5.344,13.505
K07315.01,FALSE POSITIVE,58.28819056,21.6014,156160.0,42.57,10.79,462.0,0.499,2927.4,5463.0,4.353,1.044,14.231
K07316.01,FALSE POSITIVE,3.989144446,20.7947,630524.0,60.26,233.19,996.0,0.252,2055.9,5538.0,4.555,0.719,14.404
K07317.01,FALSE POSITIVE,32.77897303,19.1378,410080.0,69.08,28.29,588.0,0.496,2126.1,6122.0,4.487,0.964,14.52
K07441.01,FALSE POSITIVE,28.487107336,3.77887,37662.9,116.84,202.98,963.0,1.175,658.2,6351.0,3.814,2.385,13.363
K07442.01,FALSE POSITIVE,8.61733907,4.05563,185861.0,51.79,94.74,796.0,0.825,1542.6,5387.0,4.482,0.87,15.257
K07443.01,FALSE POSITIVE,2.16146908,3.643,84.8,0.95,1155.45,1487.0,0.41,11.8,6047.0,4.422,1.013,15.535
K07444.01,FALSE POSITIVE,10.26782676,6.02685,247175.0,73.59,393.02,1136.0,0.277,5758.7,6664.0,4.176,1.44,13.691
K07445.01,CANDIDATE,6.933574,2.43,276.7,1.3,111.53,829.0,0.05,8.0,5510.0,4.584,0.793,15.804
K07446.01,FALSE POSITIVE,1.057335679,1.5795,47337.0,14.59,623.51,1276.0,0.262,476.0,4664.0,4.594,0.683,15.414
K07447.01,FALSE POSITIVE,1.149198426,4.1603,37721.0,42.03,1922.43,1690.0,1.167,164.2,5858.0,4.486,0.867,14.554
K07448.01,FALSE POSITIVE,2.50012775,28.2,49.9,1.66,3611.69,1977.0,0.9917,17.6,6923.0,4.12,1.664,11.27
K06262.01,CANDIDATE,0.673141323,0.921,229.5,1.29,2675.15,1834.0,0.1065,10.5,5461.0,4.552,0.858,15.771
K06263.01,CANDIDATE,8.60965352,2.218,63.2,3.33,1365.41,1550.0,0.213,9.9,5418.0,3.447,4.233,12.765
K06264.01,FALSE POSITIVE,1.40469182,6.26327,702439.0,217.25,6187.57,2263.0,0.597,2651.1,6230.0,4.043,1.863,13.821
K06265.01,FALSE POSITIVE,10.306982793,11.4277,341790.0,81.21,200.8,960.0,0.564,3691.9,5912.0,4.225,1.217,13.545
K06266.01,FALSE POSITIVE,1.109841858,8.11952,300713.0,177.78,17830.7,2944.0,0.12,2082.6,5788.0,3.607,3.211,14.52
K06267.01,CANDIDATE,13.8911152,5.062,204.9,1.12,48.8,674.0,0.168,10.3,5472.0,4.499,0.79,15.365
K06268.01,FALSE POSITIVE,7.234965722,7.0245,164848.0,34.03,119.12,843.0,0.548,671.3,5653.0,4.573,0.798,16.981
K06269.01,FALSE POSITIVE,7.45301717,3.685,551.5,37.37,10730.53,2595.0,0.035,18.3,4475.0,2.329,16.755,14.158
K06270.01,FALSE POSITIVE,2.442941283,4.1847,37338.0,48.18,788.17,1352.0,1.164,229.7,5780.0,4.438,1.0,
K06394.01,FALSE POSITIVE,3.684337918,2.1931,76.7,12.52,8964.2,2481.0,1.045,31.4,9609.0,4.149,2.108,10.483
K06395.01,FALSE POSITIVE,11.2570616,29.059,690235.0,162.84,619.07,1272.0,0.0,655.2,6915.0,4.012,1.875,12.538
K06396.01,FALSE POSITIVE,21.858963291,6.32492,117113.0,114.63,172.73,925.0,0.969,2951.2,5923.0,3.904,2.06,13.916
K06397.01,FALSE POSITIVE,1.461270059,16.467,3348.7,26.29,583.36,1253.0,1.288,131.0,5226.0,4.651,0.674,15.722
K06398.01,FALSE POSITIVE,9.4022333,2.79,316.0,23.61,6719.57,2309.0,0.019,9.8,4597.0,2.42,13.874,10.59
K06399.01,CANDIDATE,6.76890076,3.616,123.1,1.24,253.3,1017.0,0.15,10.8,5737.0,4.327,1.125,14.725
K06400.01,FALSE POSITIVE,9.543584955,3.72007,68184.5,77.97,401.55,1141.0,0.985,3442.2,5537.0,3.837,1.785,12.256
K06401.01,CANDIDATE,1.96134311,11.856,207.8,41.53,5197.02,2167.0,1.159,59.5,6221.0,3.935,2.198,13.749
K06518.01,FALSE POSITIVE,18.611957253,4.24721,124833.0,65.5,111.83,829.0,0.952,2671.7,6492.0,4.32,1.17,13.528
K06519.01,FALSE POSITIVE,0.73240662,4.33,329.0,3.65,24515.44,3191.0,0.8618,15.3,7392.0,4.135,1.772,11.396
K06520.01,FALSE POSITIVE,2.954598,24.79,337.8,89.95,5028.39,2148.0,1.3662,18.1,6955.0,3.885,2.161,12.734
K06521.01,FALSE POSITIVE,0.562006231,3.496,14.2,0.58,18708.86,2978.0,0.678,12.8,6609.0,4.17,1.455,9.807
K06522.01,FALSE POSITIVE,3.21559054,16.261,202.4,18.8,822.2,1366.0,1.153,87.1,6300.0,4.414,1.036,14.128
K06523.01,FALSE POSITIVE,1.547426532,16.1346,532.9,3.62,3587.69,1973.0,0.947,210.1,6612.0,4.303,1.264,13.755
K06524.01,FALSE POSITIVE,12.851722103,5.71731,42518.6,47.26,88.01,781.0,1.15,1537.8,5838.0,4.438,0.967,15.205
K06525.01,FALSE POSITIVE,4.2055797,19.4,100.5,1.8,773.19,1345.0,0.9883,71.7,6190.0,4.261,1.259,13.394
K06526.01,CANDIDATE,486.77832,15.29,370.8,9.3,6.6,409.0,0.1737,10.4,5039.0,3.295,4.95,13.892
K06653.01,CANDIDATE,28.2682167,1.355,197.0,1.22,18.12,526.0,0.5643,6.0,5496.0,4.564,0.838,14.927
K06654.01,FALSE POSITIVE,0.957476003,0.6624,450.7,2.47,4953.98,2138.0,0.327,20.2,6312.0,4.338,1.122,13.483
K06655.01,FALSE POSITIVE,1.559360638,5.4458,280066.0,94.2,5905.62,2234.0,0.647,419.9,7002.0,4.193,1.488,14.091
K06656.01,FALSE POSITIVE,0.57627248,1.75,,,31519.61,,,,,,,13.865
K06657.01,CANDIDATE,1.6037058,9.067,32.8,1.54,9138.09,2492.0,0.729,22.4,6400.0,3.877,2.512,13.7
K06658.01,FALSE POSITIVE,2.313367981,2.42645,13437.5,33.55,458.02,1180.0,1.247,733.6,5508.0,4.598,0.764,13.46
K06659.01,FALSE POSITIVE,76.01811375,13.4849,80671.0,63.58,42.65,652.0,0.788,604.3,6703.0,4.018,1.892,13.755
K06660.01,FALSE POSITIVE,0.82883944,1.83,,,,,,,,,,11.597
K07884.01,CANDIDATE,0.70965042,1.318,223.4,1.49,4086.46,2036.0,0.145,9.4,5618.0,4.373,1.002,15.444
K06787.01,FALSE POSITIVE,1.574063832,5.6357,1118.1,28.63,1622.84,1619.0,1.237,145.3,5951.0,4.411,0.962,14.636
K06788.01,FALSE POSITIVE,2.51989935,1.55,147.2,1.04,519.13,1217.0,0.4448,7.7,5646.0,4.549,0.841,15.604
K06789.01,FALSE POSITIVE,3.867613816,5.36467,340908.0,69.23,494.75,1203.0,0.553,1379.1,5780.0,4.364,1.046,15.244
K06790.01,FALSE POSITIVE,0.733726452,2.309,114.6,0.86,2891.64,1867.0,0.291,13.8,5855.0,4.578,0.797,15.77
K06791.01,FALSE POSITIVE,36.473115046,2.91005,161926.0,53.1,11.24,467.0,1.003,1899.1,5452.0,4.594,0.766,14.359
K06792.01,FALSE POSITIVE,4.238855579,5.2235,68002.0,38.01,280.82,1044.0,1.031,374.8,5655.0,4.482,0.804,14.858
K06793.01,CANDIDATE,3.62657392,1.791,98.5,0.79,250.0,1014.0,0.306,10.7,5416.0,4.579,0.8,14.835
K06794.01,FALSE POSITIVE,1.17033848,11.56,17.3,0.98,27090.0,3272.0,0.1381,13.4,8027.0,3.997,2.314,12.331
K06795.01,FALSE POSITIVE,7.841066931,5.47901,342094.0,56.33,139.18,876.0,0.579,3314.7,5973.0,4.562,0.829,15.144
K06918.01,CANDIDATE,0.902403563,1.7129,4759.5,6.17,1919.35,1688.0,0.8925,220.3,5776.0,4.599,0.755,14.596
K06919.01,CANDIDATE,8.7998722,1.153,270.3,1.09,26.18,577.0,0.344,7.4,4298.0,4.603,0.675,15.86
K06920.01,FALSE POSITIVE,4.292599454,4.73293,140032.0,64.04,715.83,1319.0,0.89,1329.6,6467.0,4.377,1.174,15.573
K06921.01,CANDIDATE,6.87778029,3.199,124.0,1.19,289.51,1052.0,0.08,10.1,6274.0,4.434,1.062,15.099
K06922.01,FALSE POSITIVE,2.113197701,3.46341,57315.5,50.13,2624.42,1825.0,0.909,1048.1,6215.0,4.138,1.463,13.774
K06923.01,FALSE POSITIVE,11.02822674,8.275,278035.0,75.47,264.14,1028.0,0.351,4680.2,6271.0,4.199,1.387,12.956
K06924.01,FALSE POSITIVE,70.37626987,6.4205,116050.0,40.43,4.59,373.0,0.944,759.7,5458.0,4.603,0.755,15.108
K06925.01,CANDIDATE,12.9489256,2.162,331.0,0.94,7.09,416.0,0.0847,7.2,3867.0,4.734,0.525,15.663
K07051.01,FALSE POSITIVE,0.772803664,1.368,290.2,1.11,826.03,1365.0,0.199,8.5,4535.0,4.607,0.668,15.856
K07052.01,FALSE POSITIVE,7.549299761,2.46338,44575.7,18.8,53.74,690.0,0.899,907.2,5085.0,4.679,0.634,14.608
K07053.01,FALSE POSITIVE,0.530972263,3.653,48.6,9.32,7495.0,2373.0,1.079,12.1,6185.0,4.472,0.991,15.016
K07054.01,FALSE POSITIVE,0.530967171,3.8102,378394.0,92.29,6728.14,2312.0,0.84,671.9,5951.0,4.439,0.991,10.292
K07055.01,FALSE POSITIVE,1.606163631,4.92516,144603.0,130.46,17727.93,2943.0,0.901,1662.0,8027.0,3.997,2.314,12.691
K07056.01,FALSE POSITIVE,42.032096076,11.6768,391261.0,79.17,35.34,622.0,0.519,2164.4,6618.0,4.393,1.117,12.694
K07057.01,FALSE POSITIVE,0.619303759,6.6038,74.5,4.71,25737.02,3232.0,1.013,3.5,7138.0,4.137,1.684,13.154
K07058.01,FALSE POSITIVE,22.470494368,7.39097,45979.0,19.12,17.04,518.0,0.86,2393.2,5315.0,4.636,0.697,12.723
K07889.01,CANDIDATE,130.235324,5.678,750.1,2.44,2.86,332.0,0.075,9.7,5616.0,4.529,0.903,15.991
K07185.01,FALSE POSITIVE,37.482223878,4.81451,28976.8,114.14,156.47,902.0,1.2,1262.3,6422.0,3.78,2.415,13.46
K07186.01,FALSE POSITIVE,3.71186243,1.032,53.9,0.95,922.9,1406.0,0.469,7.0,6302.0,4.299,1.258,13.787
K07187.01,FALSE POSITIVE,1.077358008,3.6713,311051.0,70.64,3242.53,1925.0,0.619,537.4,6100.0,4.397,1.064,14.146
K07188.01,FALSE POSITIVE,3.55643514,8.529,45.8,0.75,669.38,1297.0,0.146,13.4,5831.0,4.289,1.109,13.874
K07189.01,FALSE POSITIVE,0.5366497,2.887,105.4,0.92,4982.76,2142.0,0.042,10.6,5822.0,4.529,0.898,15.449
K07190.01,FALSE POSITIVE,1.12284501,0.95,,,42791.46,,,,,,,11.872
K07191.01,FALSE POSITIVE,1.480324075,3.20209,400007.0,47.81,701.93,1313.0,0.388,1095.9,5260.0,4.56,0.717,13.983
K07192.01,FALSE POSITIVE,12.08353781,7.90317,43086.6,50.33,696.82,1310.0,0.749,3799.5,6770.0,3.89,2.214,12.344
K07892.01,CONFIRMED,10.692115,4.657,408.4,2.71,244.47,1008.0,0.734,9.4,6474.0,4.311,1.242,14.294
K07318.01,FALSE POSITIVE,0.934926138,3.1925,131941.0,58.67,3455.76,1957.0,0.905,1149.3,5962.0,4.423,1.078,14.681
K07319.01,CANDIDATE,17.1677675,2.975,335.1,0.97,4.43,370.0,0.4828,7.4,3761.0,4.724,0.526,15.929
K07320.01,CANDIDATE,8.50207749,3.057,117.3,0.75,50.14,679.0,0.073,10.5,4889.0,4.57,0.715,14.755
K07321.01,FALSE POSITIVE,0.93374699,6.168,172.1,103.98,33070.3,3442.0,1.167,25.5,4909.0,3.136,5.272,13.327
K07322.01,FALSE POSITIVE,0.933759404,3.491,114.9,0.99,2289.8,1763.0,0.712,18.9,5766.0,4.514,0.866,15.619
K07323.01,FALSE POSITIVE,0.93373711,3.151,12.9,0.37,4422.99,2077.0,0.121,11.2,6300.0,4.391,1.025,12.72
K07324.01,FALSE POSITIVE,3.0082548,2.38,,,6114.15,,,,,,,13.907
K07325.01,FALSE POSITIVE,45.43324862,14.242,414352.0,77.25,18.46,529.0,0.489,1337.0,5731.0,4.359,1.08,14.774
K07326.01,FALSE POSITIVE,1.398890216,4.9641,66012.0,57.48,2389.78,1784.0,1.123,204.0,6134.0,4.378,1.051,14.855
K07449.01,CANDIDATE,1.322475635,5.307,997.3,14.03,342.59,1097.0,1.198,53.9,4668.0,4.7,0.548,14.335
K07450.01,FALSE POSITIVE,12.314402323,5.8903,393895.0,75.21,131.33,864.0,0.506,2540.6,6247.0,4.433,1.066,14.76
K07451.01,FALSE POSITIVE,0.691823991,5.965,165.9,1.23,2938.32,1878.0,0.3501,18.0,5226.0,4.404,0.962,15.247
K07452.01,FALSE POSITIVE,25.431861399,5.23771,46564.7,43.42,30.92,601.0,1.126,785.0,5754.0,4.458,0.9,14.164
K07453.01,FALSE POSITIVE,3.98855869,1.467,214.1,2.4,1036.21,1447.0,0.1671,10.5,5791.0,4.057,1.646,13.035
K07454.01,FALSE POSITIVE,20.413052415,4.4621,92672.5,35.03,47.14,668.0,0.777,1620.8,5941.0,4.487,0.963,14.874
K07455.01,CANDIDATE,3.773744,15.2,85.2,2.44,3791.11,2001.0,0.9606,5.7,7302.0,3.965,2.069,11.419
K07456.01,FALSE POSITIVE,0.527679032,1.395,84.1,0.79,4714.94,2115.0,0.284,14.8,5799.0,4.548,0.86,15.356
K07457.01,FALSE POSITIVE,0.527673075,1.3693,26.1,0.42,3535.35,1970.0,0.134,2.3,5367.0,4.514,0.828,9.694
K06271.01,FALSE POSITIVE,2.44295727,4.0656,15298.0,44.35,788.17,1352.0,1.242,85.5,5780.0,4.438,1.0,16.389
K06272.01,FALSE POSITIVE,3.31587688,3.152,185.6,1.27,342.77,1097.0,0.688,11.4,5385.0,4.476,0.875,15.539
K06273.01,FALSE POSITIVE,49.788613011,7.41807,219219.0,32.57,1.28,271.0,0.753,1566.8,3892.0,4.708,0.542,15.591
K06274.01,CANDIDATE,18.1772927,4.703,213.1,1.5,69.62,737.0,0.039,7.9,6158.0,4.455,1.026,15.324
K06275.01,FALSE POSITIVE,1.38607973,8.7,64.6,0.6,798.8,1356.0,0.0198,2.8,5261.0,4.562,0.768,14.132
K06276.01,CANDIDATE,3.09872834,1.89,248.0,0.64,26.6,579.0,0.133,10.1,3628.0,4.842,0.41,15.87
K06277.01,FALSE POSITIVE,0.648868342,2.82428,34769.5,72.32,16368.52,2882.0,1.172,477.0,6531.0,4.12,1.524,11.471
K06278.01,FALSE POSITIVE,5.088582739,7.6066,448.9,46.02,2400.3,1786.0,1.195,40.3,7514.0,4.052,1.955,13.18
K06402.01,FALSE POSITIVE,1.1611022,2.48,,,5175.96,,,,,,,15.742
K06403.01,FALSE POSITIVE,0.792023257,3.2604,176.6,0.81,678.05,1300.0,0.205,49.6,4447.0,4.632,0.625,14.498
K06404.01,FALSE POSITIVE,10.643743766,6.29783,436506.0,47.87,49.06,675.0,0.353,3167.9,5282.0,4.578,0.694,14.343
K06405.01,FALSE POSITIVE,1.7317958,2.924,60.6,1.19,2628.3,1825.0,0.445,10.5,5691.0,4.095,1.508,15.019
K06406.01,FALSE POSITIVE,8.65298599,1.549,313.8,1.36,68.48,734.0,0.529,12.4,5210.0,4.538,0.749,15.415
K06407.01,FALSE POSITIVE,1.19563447,5.3934,8245.0,14.94,3686.75,1988.0,0.861,105.8,5583.0,4.115,1.413,14.327
K06408.01,FALSE POSITIVE,0.550537628,1.216,72.0,1.93,71798.87,4181.0,0.516,4.9,8098.0,4.013,2.199,11.456
K06409.01,CANDIDATE,19.9310602,8.48,97.9,2.42,201.01,960.0,0.0766,14.2,5500.0,3.775,2.491,13.37
K06410.01,FALSE POSITIVE,2.53470797,20.143,328.2,50.25,4744.68,2117.0,1.187,99.5,6440.0,3.874,2.254,13.92
K06527.01,FALSE POSITIVE,0.530799654,3.487,318.5,2.92,21896.26,3102.0,0.0126,12.5,6534.0,4.128,1.622,12.328
K06528.01,FALSE POSITIVE,0.56818769,2.0,,,17741.94,,,,,,,11.941
K06529.01,FALSE POSITIVE,1.0094779,3.72,,,2573.87,,,,,,,13.965
K06530.01,FALSE POSITIVE,0.91057795,2.73,,,,,,,,,,11.965
K06531.01,FALSE POSITIVE,1.0429419,7.22,412.0,2.49,2448.03,1795.0,0.922,40.9,5780.0,4.438,1.0,11.51
K06532.01,CANDIDATE,0.813998812,0.675,183.4,1.36,3285.52,1933.0,0.045,13.7,5705.0,4.424,0.989,15.567
K06533.01,FALSE POSITIVE,6.12650913,15.43,2434.0,9.08,832.67,1370.0,0.919,3.1,6881.0,4.252,1.534,12.625
K06534.01,FALSE POSITIVE,0.720589427,4.329,70.0,1.95,56448.93,3927.0,0.64,1.7,8497.0,4.07,2.211,12.051
K06661.01,FALSE POSITIVE,0.573036404,1.3176,4174.5,9.97,7539.67,2376.0,0.9279,419.6,5745.0,4.29,1.196,13.302
K06662.01,FALSE POSITIVE,0.643171495,2.31285,41160.0,54.03,5486.36,2193.0,1.214,641.4,5899.0,4.387,0.989,15.147
K06663.01,FALSE POSITIVE,14.086776961,10.1279,106837.0,65.6,485.09,1197.0,0.603,1856.9,7138.0,4.062,1.89,12.271
K06664.01,CANDIDATE,14.7639145,3.14,162.5,0.93,37.74,632.0,0.016,7.7,5541.0,4.613,0.733,15.559
K06665.01,FALSE POSITIVE,1.872620976,1.7626,1530.6,31.43,1362.23,1550.0,1.242,181.9,6031.0,4.427,1.004,14.337
K06666.01,CANDIDATE,1.118510435,1.111,72.7,0.75,1898.51,1684.0,0.251,9.9,5918.0,4.544,0.865,14.796
K06667.01,FALSE POSITIVE,17.527826808,5.78491,347519.0,49.36,22.31,554.0,0.567,2450.1,5079.0,4.579,0.732,12.534
K06668.01,FALSE POSITIVE,27.467217305,4.17961,71766.5,38.87,18.22,527.0,1.076,1986.1,5503.0,4.536,0.742,13.182
K06796.01,FALSE POSITIVE,40.879068,6.562,499.2,3.35,19.12,533.0,0.988,12.2,6072.0,4.51,0.923,15.823
K06797.01,FALSE POSITIVE,0.566802325,1.842,288.4,1.4,3012.0,1889.0,0.3857,70.3,5233.0,4.489,0.824,14.905
K06798.01,CANDIDATE,2.64185268,1.76,149.8,3.56,4636.69,2104.0,0.199,7.9,5195.0,3.409,2.935,13.533
K06799.01,FALSE POSITIVE,0.634946497,2.40541,426554.0,52.75,1123.92,1475.0,0.442,541.4,4446.0,4.567,0.737,14.791
K06800.01,FALSE POSITIVE,5.077746556,3.1718,18836.7,54.93,622.32,1274.0,1.211,616.9,6174.0,4.235,1.271,12.847
K06801.01,FALSE POSITIVE,2.00383703,3.473,42.3,0.67,1256.78,1518.0,0.268,10.5,6045.0,4.439,1.028,14.467
K06802.01,FALSE POSITIVE,5.321224925,7.48973,98872.1,40.62,199.25,958.0,1.003,1203.4,5787.0,4.544,0.758,15.013
K06803.01,FALSE POSITIVE,2.340534383,4.43017,241360.0,69.55,1476.77,1581.0,0.71,881.5,6300.0,4.349,1.136,14.39
K06926.01,FALSE POSITIVE,0.580724809,1.82,64.2,0.75,5418.89,2191.0,0.292,16.9,5989.0,4.492,0.933,14.569
K06927.01,FALSE POSITIVE,501.07647447,3.21,,,,,,,,,,14.795
K06928.01,FALSE POSITIVE,1.72933255,3.631,29.7,0.69,2196.53,1745.0,0.586,17.1,5921.0,4.22,1.211,13.07
K06929.01,FALSE POSITIVE,1.729338354,6.8524,140158.0,139.36,5838.68,2230.0,0.887,379.7,5587.0,3.754,2.553,11.679
K06930.01,FALSE POSITIVE,0.567493852,1.35349,7984.0,65.47,19665.18,3024.0,1.275,1219.8,6370.0,4.053,1.548,13.205
K06931.01,CANDIDATE,2.54031121,1.83,173.3,1.2,611.31,1268.0,0.295,10.1,5778.0,4.531,0.911,15.921
K06932.01,FALSE POSITIVE,2.105238039,5.23595,94675.0,75.1,3523.25,1966.0,0.83,1071.9,5947.0,3.943,1.885,13.796
K06933.01,FALSE POSITIVE,7.226944171,23.0124,682175.0,237.79,457.25,1179.0,1.233,3076.6,6270.0,4.199,1.36,13.27
K07059.01,FALSE POSITIVE,31.973311701,13.2105,75053.7,272.44,652.01,1289.0,1.35,1554.1,7854.0,3.669,3.462,8.5
K07060.01,FALSE POSITIVE,1.64125844,4.51,,,698.68,,,,,,,14.97
K07061.01,CANDIDATE,1.371587993,12.901,456.1,4.91,8016.36,2413.0,0.9829,43.3,7045.0,4.154,1.604,13.104
K07062.01,FALSE POSITIVE,20.849919614,13.7687,313094.0,2912.48,345.25,1099.0,13.715,1614.7,7355.0,4.042,1.984,13.04
K07063.01,FALSE POSITIVE,15.120212531,3.50007,24616.5,33.11,31.61,605.0,1.199,928.2,5232.0,4.554,0.725,15.166
K07064.01,FALSE POSITIVE,3.481657589,4.75315,347012.0,78.24,1151.7,1485.0,0.245,7428.7,6225.0,4.191,1.291,13.396
K07065.01,FALSE POSITIVE,0.739769962,1.95901,20729.3,82.29,19590.61,3013.0,1.212,726.2,6465.0,3.947,1.847,11.634
K07066.01,FALSE POSITIVE,6.570421193,4.4698,60118.0,33.99,189.25,946.0,0.939,712.6,5812.0,4.484,0.908,15.299
K07067.01,FALSE POSITIVE,0.541405029,2.7481,327656.0,125.64,12266.51,2679.0,0.641,541.2,5096.0,3.889,1.782,14.771
K07193.01,FALSE POSITIVE,2.17814186,1.988,127.7,0.92,447.79,1174.0,0.012,11.2,5101.0,4.506,0.84,15.458
K07194.01,FALSE POSITIVE,10.54884842,1.17,,,,,,,,,,14.184
K07195.01,CANDIDATE,5.89773974,2.243,77.9,1.0,414.11,1150.0,0.1566,8.1,6300.0,4.371,1.126,14.742
K07196.01,FALSE POSITIVE,0.609662423,4.24033,140917.0,110.14,51214.99,3834.0,0.799,3250.1,7498.0,3.964,2.274,12.216
K07197.01,CANDIDATE,1.74145041,1.712,370.6,1.46,547.5,1234.0,0.33,10.9,5238.0,4.598,0.764,16.269
K07198.01,FALSE POSITIVE,0.953299962,1.69478,2236.6,35.67,3850.25,2011.0,1.267,298.0,6183.0,4.407,1.02,14.538
K07199.01,CANDIDATE,20.2944118,0.357,453.9,774.73,41.69,648.0,8.7053,5.6,5865.0,4.518,0.918,15.919
K07200.01,FALSE POSITIVE,2.745640575,3.04508,45264.7,47.22,673.9,1300.0,1.117,918.0,5780.0,4.438,1.0,15.945
K07327.01,CANDIDATE,17.9908273,1.436,660.0,1.88,20.29,541.0,0.129,10.9,4918.0,4.546,0.752,15.864
K07328.01,FALSE POSITIVE,12.180721266,4.15602,414950.0,63.25,71.88,742.0,0.479,1809.8,5750.0,4.538,0.882,15.386
K07329.01,FALSE POSITIVE,50.467024395,8.96181,103144.0,52.88,17.63,523.0,0.973,1435.1,6137.0,4.448,1.012,14.884
K07330.01,CANDIDATE,198.11309,15.59,53.3,1.09,5.96,399.0,0.1542,8.3,6163.0,4.144,1.486,11.909
K07331.01,FALSE POSITIVE,0.84986054,1.3875,6571.5,67.45,6185.9,2260.0,1.26,100.1,5164.0,3.949,1.676,14.319
K07332.01,FALSE POSITIVE,0.933728196,3.441,67.7,0.85,3826.49,2006.0,0.015,13.3,6170.0,4.43,1.032,15.317
K07333.01,FALSE POSITIVE,2.03742712,3.939,36.0,0.9,2550.21,1812.0,0.791,11.4,6356.0,4.215,1.358,13.929
K07334.01,FALSE POSITIVE,5.274819905,4.6688,108965.0,100.89,1733.91,1646.0,0.99,902.5,7247.0,4.111,1.834,12.465
K07458.01,FALSE POSITIVE,0.527678272,2.33166,247744.0,75.31,9989.53,2551.0,0.385,706.1,5321.0,4.069,1.475,10.834
K07459.01,FALSE POSITIVE,3.55027051,1.879,212.7,1.15,272.61,1036.0,0.022,7.6,5497.0,4.581,0.8,15.81
K07460.01,CANDIDATE,5.70509519,1.58,283.6,1.58,189.8,947.0,0.469,9.2,5455.0,4.448,0.927,15.597
K07461.01,FALSE POSITIVE,65.4317194,12.2384,153407.0,59.22,13.58,490.0,0.885,1146.6,6201.0,4.431,1.04,15.54
K07462.01,FALSE POSITIVE,1.718649321,3.94095,190567.0,39.08,1194.16,1499.0,0.421,833.4,6071.0,4.541,0.865,13.51
K07463.01,FALSE POSITIVE,7.2949175,41.04,182.8,11.67,79.99,763.0,1.132,18.9,5289.0,4.614,0.731,15.848
K07464.01,FALSE POSITIVE,7.2935801,40.02,124.5,17.41,173.44,925.0,1.157,26.6,5900.0,4.509,0.951,14.973
K07465.01,FALSE POSITIVE,42.9261364,2.578,378.4,1.84,13.65,490.0,0.2964,8.6,5628.0,4.503,0.953,15.395
K06279.01,FALSE POSITIVE,1.89129338,5.677,33.8,0.42,416.87,1152.0,0.373,15.1,4986.0,4.558,0.733,13.558
K06280.01,FALSE POSITIVE,1.89124453,5.08,31.0,1.19,5537.41,2200.0,0.734,19.4,5850.0,3.72,1.977,12.76
K06281.01,FALSE POSITIVE,1.89134201,4.674,128.9,0.92,729.42,1325.0,0.2376,8.9,5658.0,4.567,0.815,15.799
K06282.01,FALSE POSITIVE,87.87826191,12.8138,339056.0,110.85,18.65,530.0,0.585,1974.6,5784.0,3.985,1.642,12.744
K06283.01,FALSE POSITIVE,15.926632768,7.42888,271858.0,57.95,47.68,670.0,0.672,2278.9,5496.0,4.471,0.917,14.88
K06284.01,FALSE POSITIVE,0.958116585,2.3496,2374.1,49.16,6312.99,2271.0,1.275,296.0,6032.0,4.147,1.365,12.735
K06285.01,FALSE POSITIVE,39.841522897,8.79024,143685.0,116.52,80.93,765.0,0.902,4421.6,6078.0,3.946,2.07,12.003
K06286.01,FALSE POSITIVE,1.891268461,8.24958,641910.0,399.93,153163.32,5047.0,0.183,4211.8,11287.0,3.642,4.662,10.672
K06287.01,FALSE POSITIVE,1.89114441,8.724,49.9,6.57,177.97,932.0,1.088,16.7,4267.0,4.637,0.627,13.814
K06411.01,FALSE POSITIVE,61.25964956,12.1777,233258.0,54.72,9.45,447.0,0.741,880.3,5912.0,4.532,0.889,15.518
K06412.01,FALSE POSITIVE,0.872359598,3.74512,267053.0,67.08,4703.58,2112.0,0.686,1063.2,6240.0,4.391,1.048,14.742
K06413.01,FALSE POSITIVE,374.318792,5.96,1541400.0,243.21,0.79,241.0,0.8507,10.3,5997.0,4.572,0.815,15.369
K06414.01,FALSE POSITIVE,5.627911313,7.08223,434329.0,81.61,438.81,1167.0,0.464,2890.7,6280.0,4.361,1.115,13.858
K06415.01,FALSE POSITIVE,0.62927655,0.9698,839.5,4.64,4624.3,2102.0,0.98,30.9,5628.0,4.388,0.976,14.027
K06416.01,FALSE POSITIVE,1.22578134,2.235,99376.0,53.32,1973.12,1701.0,0.985,86.8,5780.0,4.438,1.0,17.431
K06417.01,FALSE POSITIVE,0.751408792,2.2974,17481.0,41.48,3241.36,1926.0,1.242,267.3,5697.0,4.46,0.903,15.596
K06418.01,FALSE POSITIVE,0.866344816,1.9188,233.6,6.85,38575.44,3569.0,0.318,46.5,4936.0,3.055,4.527,12.945
K06419.01,FALSE POSITIVE,2.24294107,2.532,39.4,0.75,1763.55,1654.0,0.23,12.1,6082.0,4.195,1.184,13.182
K06535.01,FALSE POSITIVE,0.950487062,2.9283,11.5,1.35,75637.15,4231.0,0.907,15.4,8107.0,3.698,3.385,11.633
K06536.01,FALSE POSITIVE,5.579631021,3.38646,118321.0,90.32,356.56,1108.0,1.323,1268.7,6188.0,4.427,1.022,15.473
K06537.01,FALSE POSITIVE,21.37831102,21.7174,80571.0,97.23,300.32,1062.0,0.257,852.2,4905.0,3.3,3.484,13.998
K06538.01,CANDIDATE,129.847318,13.057,198.4,1.45,5.22,385.0,0.004,11.1,6133.0,4.427,1.032,14.52
K06539.01,FALSE POSITIVE,0.541396363,2.384,181.0,2.04,24909.05,3204.0,0.0783,20.4,7118.0,4.212,1.489,12.509
K06540.01,FALSE POSITIVE,0.550509602,1.1836,123.5,5.02,56796.99,3938.0,0.386,24.0,4891.0,3.169,4.529,13.355
K06541.01,FALSE POSITIVE,2.404293523,4.4649,8150.9,888.7,71976.93,4178.0,1.364,471.2,4697.0,2.204,17.032,13.094
K06542.01,CANDIDATE,0.8867443,3.16,,,,,,,,,,11.27
K06669.01,FALSE POSITIVE,25.836831272,6.32201,145045.0,50.72,28.08,587.0,0.899,3016.9,5691.0,4.477,0.897,13.347
K06670.01,FALSE POSITIVE,0.94895231,3.952,57.7,2.51,33931.93,3464.0,0.738,18.1,6661.0,3.666,3.067,12.669
K06671.01,FALSE POSITIVE,11.702203927,2.75173,28998.7,57.95,560.24,1240.0,0.967,2184.7,6148.0,3.793,2.133,13.393
K06672.01,CANDIDATE,2.28494301,1.01,161.8,1.0,458.39,1180.0,0.013,10.6,5396.0,4.571,0.789,15.181
K06673.01,FALSE POSITIVE,3.722775537,14.3309,107594.0,90.36,2125.53,1731.0,0.626,864.9,5425.0,3.678,2.592,12.746
K06674.01,FALSE POSITIVE,1.245342215,4.40308,234086.0,90.34,7120.27,2341.0,0.728,1178.5,6967.0,4.25,1.476,12.142
K06675.01,FALSE POSITIVE,0.604755462,1.3741,334.5,1.29,1534.24,1598.0,0.039,40.3,4842.0,4.616,0.726,15.553
K06676.01,CANDIDATE,439.21978,9.392,342.3,1.81,1.18,266.0,0.2863,10.3,6553.0,4.479,0.962,13.993
K06677.01,FALSE POSITIVE,8.144135648,8.88876,87880.8,56.52,1169.67,1491.0,0.222,6113.7,7605.0,4.123,1.862,13.96
K06804.01,FALSE POSITIVE,0.566795196,2.18,14.8,0.35,4277.24,2066.0,0.227,13.1,5680.0,4.516,0.908,12.818
K06805.01,FALSE POSITIVE,0.566798827,3.662,34.9,0.52,4154.8,2045.0,0.25,21.9,5548.0,4.473,0.889,13.656
K06806.01,FALSE POSITIVE,0.56678012,3.257,27.6,0.49,4352.1,2073.0,0.492,13.5,5674.0,4.506,0.911,14.311
K06807.01,FALSE POSITIVE,0.566800113,3.315,104.0,0.58,455.05,1180.0,0.751,18.1,3844.0,4.721,0.526,15.765
K06808.01,FALSE POSITIVE,0.56679293,3.814,101.1,0.86,4264.42,2064.0,0.18,22.1,5812.0,4.551,0.853,15.787
K06809.01,FALSE POSITIVE,0.566809491,3.156,69.5,0.55,1790.3,1656.0,0.484,21.0,4987.0,4.611,0.654,14.873
K06810.01,FALSE POSITIVE,0.566799218,4.227,18.2,0.79,23364.03,3153.0,0.6858,19.2,6108.0,3.893,1.753,11.983
K06811.01,FALSE POSITIVE,0.566797404,4.109,69.4,0.64,2993.84,1890.0,0.119,18.8,5313.0,4.51,0.784,15.354
K06934.01,CANDIDATE,22.2548897,13.454,83.8,2.16,154.4,899.0,0.239,11.8,5349.0,3.76,2.388,14.156
K06935.01,FALSE POSITIVE,4.719336335,2.83787,12367.1,91.91,2078.32,1722.0,1.269,632.4,6792.0,3.971,2.058,12.672
K06936.01,FALSE POSITIVE,1.258274109,1.92467,14159.9,25.98,502.19,1207.0,1.244,669.1,4937.0,4.669,0.587,15.179
K06937.01,FALSE POSITIVE,8.966610607,4.01883,59618.5,56.94,274.04,1038.0,1.101,2049.1,6480.0,4.351,1.132,13.478
K06938.01,FALSE POSITIVE,15.32763411,6.0662,17749.0,291.01,1108.58,1472.0,1.204,117.0,4830.0,2.987,6.784,12.672
K06939.01,FALSE POSITIVE,2.10413487,4.2269,321239.0,67.03,963.4,1421.0,0.611,86.4,5780.0,4.438,1.0,19.485
K06940.01,FALSE POSITIVE,6.767341062,4.49213,244952.0,52.84,178.98,933.0,0.724,3356.8,5926.0,4.513,0.843,14.143
K06941.01,FALSE POSITIVE,1.92730001,18.812,6177.1,45.99,1605.97,1614.0,1.285,351.1,6057.0,4.352,1.11,13.943
K07068.01,FALSE POSITIVE,48.79936881,8.80873,324547.0,67.36,17.9,525.0,0.622,1151.6,6170.0,4.472,0.992,15.05
K07069.01,CANDIDATE,1.01485981,1.65,243.0,1.61,3274.72,1928.0,0.185,8.4,6158.0,4.453,1.024,15.572
K07070.01,FALSE POSITIVE,5.882036054,5.16326,238518.0,119.09,363.01,1114.0,1.183,2168.4,5837.0,4.282,1.187,13.781
K07071.01,FALSE POSITIVE,4.059428737,5.26926,245217.0,67.38,1059.83,1455.0,0.216,5461.0,6610.0,4.281,1.33,13.374
K07072.01,CANDIDATE,15.3902613,3.431,76.8,4.39,1069.24,1459.0,0.231,9.4,5649.0,3.282,4.994,13.808
K07073.01,CANDIDATE,279.036565,31.92,395.2,30.25,2.58,323.0,1.198,31.7,6072.0,4.285,1.273,13.054
K07074.01,CANDIDATE,26.8552365,2.185,194.2,1.49,34.48,618.0,0.825,6.7,6045.0,4.494,0.955,14.958
K07075.01,FALSE POSITIVE,19.35954117,12.8464,386979.0,101.44,186.12,942.0,0.328,3590.2,6198.0,3.96,1.567,14.257
K07076.01,CANDIDATE,16.2347636,4.2,115.5,1.28,124.25,852.0,0.046,10.7,6478.0,4.371,1.188,14.299
K07201.01,FALSE POSITIVE,1.287097944,1.94,106.1,0.89,1678.58,1631.0,0.382,12.3,5906.0,4.494,0.852,15.506
K07202.01,FALSE POSITIVE,3.5565617,6.691,68.0,0.52,143.89,883.0,0.262,10.0,4964.0,4.628,0.633,15.191
K07203.01,FALSE POSITIVE,3.55646511,4.72,46.1,0.56,317.0,1076.0,0.344,7.8,5475.0,4.479,0.818,14.609
K07204.01,FALSE POSITIVE,3.661895766,35.6374,35477.1,374.78,2012.26,1708.0,2.959,291.7,6793.0,4.101,1.589,13.658
K07205.01,CANDIDATE,2.3518268,5.797,576.6,39.82,1313.37,1535.0,1.23,24.5,5445.0,4.14,1.426,14.106
K07206.01,FALSE POSITIVE,2.35195525,5.98883,212828.0,59.62,1876.0,1678.0,0.511,1819.1,6550.0,4.324,1.225,12.23
K07207.01,FALSE POSITIVE,1.882438182,3.50695,344205.0,74.77,2589.75,1818.0,0.395,2051.3,6322.0,4.211,1.213,13.68
K07208.01,CANDIDATE,3.57944367,1.869,117.2,0.87,253.89,1018.0,0.3976,8.5,5341.0,4.546,0.801,15.56
K07209.01,CANDIDATE,8.2553499,3.959,54.5,3.28,1079.27,1462.0,0.918,10.0,5403.0,3.559,3.6,13.816
K07335.01,FALSE POSITIVE,5.682410334,5.33373,220418.0,72.9,401.43,1141.0,0.761,2041.6,5897.0,4.278,1.196,14.3
K07336.01,FALSE POSITIVE,2.199069234,6.30646,225250.0,118.99,4632.97,2104.0,0.762,5915.4,6613.0,4.014,1.925,13.245
K07337.01,FALSE POSITIVE,1.481655821,3.4913,59134.0,59.19,3314.58,1935.0,1.103,554.4,6478.0,4.307,1.174,13.873
K07338.01,FALSE POSITIVE,0.93370968,3.356,62.2,0.38,131.85,865.0,0.848,9.2,3615.0,4.839,0.42,15.431
K07339.01,CANDIDATE,10.6982275,3.198,246.0,1.73,168.88,919.0,0.032,9.1,6277.0,4.417,1.097,15.833
K07340.01,FALSE POSITIVE,1.388509353,2.84811,37637.5,52.43,2679.88,1836.0,1.145,454.6,6075.0,4.315,1.13,12.309
K07341.01,FALSE POSITIVE,9.089355023,6.4006,101478.0,68.91,1233.59,1511.0,0.647,756.4,7675.0,4.051,2.015,13.015
K07342.01,FALSE POSITIVE,0.94808587,8.03,229.8,37.72,30040.23,3359.0,1.105,145.3,6875.0,3.798,2.856,11.601
K07466.01,FALSE POSITIVE,10.368552685,4.37878,153233.0,61.14,120.48,845.0,0.978,3170.1,5855.0,4.418,0.944,14.545
K07467.01,CANDIDATE,7.20558084,2.997,58.0,1.33,582.45,1253.0,0.5196,8.7,6002.0,4.025,1.693,13.553
K07468.01,FALSE POSITIVE,13.8602646,74.26,481.1,19.71,53.56,690.0,1.204,72.3,5667.0,4.535,0.796,14.756
K07469.01,FALSE POSITIVE,13.639480425,3.12422,81103.0,44.0,50.51,680.0,1.033,664.1,5461.0,4.517,0.846,15.852
K07470.01,CANDIDATE,392.50115,9.88,391.2,1.9,0.6,225.0,0.1835,8.9,5128.0,4.388,0.988,13.87
K07471.01,CANDIDATE,5.29655591,3.93,135.4,1.3,421.14,1156.0,0.37,9.3,6268.0,4.429,1.1,15.591
K07472.01,FALSE POSITIVE,6.882686062,5.47323,373662.0,60.49,169.85,921.0,0.399,2842.2,5704.0,4.483,0.948,15.749
K07473.01,FALSE POSITIVE,1.407937865,1.585,50793.0,19.09,457.02,1179.0,0.759,137.3,4627.0,4.564,0.741,14.614
K06288.01,FALSE POSITIVE,1.89117723,6.986,176.2,164.49,36995.02,3536.0,1.207,17.4,5086.0,2.66,6.86,15.003
K06289.01,FALSE POSITIVE,52.884577,7.892,11969.0,48.13,22.44,555.0,1.272,72.6,6483.0,4.42,1.078,15.694
K06290.01,FALSE POSITIVE,1.429439352,2.424,3367.1,54.36,4417.56,2079.0,1.298,292.0,6491.0,4.223,1.371,12.335
K06291.01,CANDIDATE,8.8324193,2.252,74.1,0.98,234.99,999.0,0.185,8.1,6060.0,4.29,1.133,13.303
K06292.01,FALSE POSITIVE,2.821328194,5.02692,64776.0,40.0,2520.03,1807.0,0.537,1227.3,6701.0,4.121,1.506,13.116
K06293.01,CANDIDATE,5.88836941,1.05,119.9,1.21,379.27,1125.0,0.249,8.3,6243.0,4.39,1.084,14.199
K06294.01,FALSE POSITIVE,11.961308501,4.6414,310679.0,51.58,55.37,696.0,0.616,1907.8,5564.0,4.587,0.785,15.308
K06295.01,FALSE POSITIVE,204.280255,37.2,10579.0,8.99,0.73,236.0,0.875,35.1,4907.0,4.582,0.727,15.615
K06420.01,FALSE POSITIVE,0.572079631,2.27811,127786.0,29.45,2036.56,1716.0,0.793,578.2,5233.0,4.625,0.639,14.235
K06421.01,FALSE POSITIVE,0.822314545,3.3374,32.7,0.54,3227.02,1922.0,0.447,3.8,5709.0,4.409,0.938,13.23
K06422.01,FALSE POSITIVE,31.005392846,3.073,560314.0,141.82,51.25,682.0,0.305,1236.1,5023.0,3.9,1.784,14.991
K06423.01,FALSE POSITIVE,2.189097,5.768,3001.0,13.92,41.37,647.0,1.246,13.5,3624.0,4.848,0.406,15.999
K06424.01,FALSE POSITIVE,17.51191534,5.678,728.8,52.64,6014.16,2246.0,0.008,41.0,4029.0,1.786,20.888,9.242
K06425.01,CANDIDATE,521.10826,18.36,244.7,1.5,0.68,231.0,0.3485,8.7,5942.0,4.432,0.947,14.163
K06426.01,FALSE POSITIVE,41.3701638,29.254,6907.1,59.95,389.15,1133.0,0.653,91.3,4764.0,2.777,6.883,12.799
K06427.01,FALSE POSITIVE,1.306220168,5.14519,481370.0,83.16,4556.14,2095.0,0.352,2019.4,6600.0,4.238,1.124,13.242
K06428.01,FALSE POSITIVE,631.632,16.13,295.1,1.56,0.38,201.0,0.4544,8.6,5689.0,4.493,0.894,14.358
K06543.01,FALSE POSITIVE,0.756511623,2.81832,41596.1,77.4,9947.96,2549.0,1.216,845.0,6343.0,4.199,1.417,13.448
K06544.01,FALSE POSITIVE,10.845286549,4.3876,7473.8,319.52,1893.11,1682.0,1.307,416.1,5096.0,3.094,7.023,12.923
K06545.01,FALSE POSITIVE,32.45541269,7.3736,136386.0,23.48,5.55,392.0,0.726,180.9,4869.0,4.71,0.543,15.208
K06546.01,CANDIDATE,3.39401963,2.984,98.4,1.03,689.16,1306.0,0.166,10.0,6181.0,4.431,1.029,15.42
K06547.01,FALSE POSITIVE,5.917085496,23.7545,563292.0,75.86,241.42,1005.0,0.095,1331.5,5661.0,4.383,0.987,14.352
K06548.01,FALSE POSITIVE,0.958871144,2.74361,232350.0,45.91,2174.51,1743.0,0.533,1191.2,5530.0,4.425,0.892,14.164
K06549.01,FALSE POSITIVE,0.5402463,13.93,1148.0,6.2,26335.17,3249.0,0.9411,1.6,7296.0,4.249,1.498,13.681
K06550.01,FALSE POSITIVE,1.288046428,3.637,32.3,2.18,17822.99,2945.0,0.219,20.3,5216.0,3.287,3.871,12.479
K06678.01,FALSE POSITIVE,4.200206781,5.21948,82364.4,105.07,2150.58,1737.0,1.07,943.7,6873.0,4.051,1.923,12.843
K06679.01,FALSE POSITIVE,6.091954982,3.60482,36700.0,26.96,272.7,1036.0,0.953,1508.7,6063.0,4.424,0.913,14.847
K06680.01,CANDIDATE,5.52507406,2.565,61.5,0.8,263.79,1028.0,0.152,9.8,5600.0,4.378,1.037,13.692
K06681.01,FALSE POSITIVE,485.52409,11.04,4147.0,6149.09,0.31,191.0,71.3346,10.8,5227.0,4.584,0.8,14.425
K06682.01,FALSE POSITIVE,0.76647343,2.46345,199901.0,42.33,1654.36,1628.0,0.766,545.0,5297.0,4.594,0.722,15.572
K06683.01,FALSE POSITIVE,5.2439783,10.1,93.5,1.03,307.32,1068.0,0.82,13.1,6029.0,4.481,0.956,14.967
K06684.01,FALSE POSITIVE,5.2436639,10.53,93.5,0.88,296.41,1059.0,0.66,10.4,6212.0,4.537,0.862,15.789
K06685.01,FALSE POSITIVE,5.2438269,8.235,128.6,0.76,72.18,743.0,0.228,11.3,4634.0,4.597,0.689,15.914
K06812.01,FALSE POSITIVE,0.56678702,3.074,7.5,0.27,7279.54,2356.0,0.0063,11.2,6045.0,4.375,0.999,11.786
K06813.01,FALSE POSITIVE,2.19642864,4.933,99.5,0.79,477.24,1193.0,0.004,11.8,5376.0,4.576,0.806,15.811
K06814.01,FALSE POSITIVE,2.19635512,9.65516,266552.0,82.04,2448.43,1793.0,0.702,2132.0,6438.0,4.182,1.273,13.685
K06815.01,FALSE POSITIVE,26.718417546,8.14155,72975.7,66.69,65.88,727.0,1.069,2173.1,5957.0,4.168,1.286,13.144
K06816.01,FALSE POSITIVE,0.615787196,3.067,110.6,3.5,53910.99,3886.0,0.7452,23.9,6315.0,3.603,3.075,13.921
K06817.01,FALSE POSITIVE,548.08441,17.66,560.0,2.35,0.58,222.0,0.1531,7.4,5780.0,4.438,1.0,9.233
K06818.01,FALSE POSITIVE,2.213964145,6.7598,123355.0,57.06,3030.64,1891.0,0.634,951.4,6256.0,4.037,1.514,11.267
K06819.01,CANDIDATE,3.226232203,0.4022,36.3,1.01,1627.1,1620.0,0.145,9.9,6534.0,4.203,1.437,11.429
K06942.01,FALSE POSITIVE,1.025534511,3.52048,110948.0,43.68,3066.26,1896.0,0.883,3769.0,6267.0,4.487,0.919,14.541
K06943.01,FALSE POSITIVE,7.64941291,6.56935,236246.0,53.4,287.83,1050.0,0.231,9054.7,6387.0,4.398,1.076,13.398
K06944.01,FALSE POSITIVE,13.174807933,3.37392,71070.9,51.06,102.2,811.0,1.065,1812.6,6067.0,4.433,0.997,14.098
K06945.01,FALSE POSITIVE,0.655094658,6.159,372.0,26.41,5290.98,2173.0,1.22,59.5,6063.0,4.476,1.012,15.543
K06946.01,FALSE POSITIVE,3.33287187,7.13,,,,,,,,,,12.614
K06947.01,FALSE POSITIVE,0.692239369,2.91121,62962.0,67.05,10725.15,2594.0,1.074,469.2,6163.0,4.137,1.358,12.958
K06948.01,FALSE POSITIVE,17.030857558,4.24308,77832.4,73.8,115.15,836.0,1.047,1947.8,5575.0,4.066,1.423,14.461
K06949.01,CANDIDATE,2.352446342,1.6802,32.5,1.24,5269.29,2173.0,0.755,7.2,6749.0,3.941,2.003,12.047
K07077.01,FALSE POSITIVE,43.797829003,7.70289,415020.0,93.43,47.15,668.0,0.489,1375.1,6860.0,4.326,1.292,13.478
K07078.01,FALSE POSITIVE,4.254417651,6.55436,294547.0,133.79,806.64,1360.0,1.165,2074.5,6292.0,4.256,1.235,13.438
K07079.01,FALSE POSITIVE,18.778162159,8.1018,488408.0,127.57,238.5,1002.0,0.357,3788.7,6794.0,4.102,1.71,13.944
K07080.01,FALSE POSITIVE,1.25451792,2.64,,,,,,,,,,12.525
K07081.01,FALSE POSITIVE,1.575710265,6.83787,173954.0,246.75,11307.3,2630.0,0.83,1975.1,5017.0,3.35,4.293,12.392
K07082.01,FALSE POSITIVE,2.534740757,4.85013,364349.0,52.52,541.27,1230.0,0.51,675.7,5810.0,4.56,0.781,13.798
K07083.01,FALSE POSITIVE,37.59406667,8.9943,28617.7,43.08,22.2,554.0,1.197,485.8,5941.0,4.426,0.917,15.632
K07084.01,FALSE POSITIVE,3.6972959,21.335,19.7,1.07,1438.97,1571.0,0.995,23.6,6313.0,4.12,1.594,11.956
K07085.01,FALSE POSITIVE,6.855624762,3.02199,70873.0,33.93,224.32,987.0,0.877,1397.7,6109.0,4.476,0.931,14.767
K07210.01,FALSE POSITIVE,80.7060641,6.8899,11851.5,15.47,7.96,428.0,0.956,268.1,6053.0,4.494,0.949,15.395
K07210.02,FALSE POSITIVE,2.17814513,2.321,136.0,1.22,981.63,1428.0,0.78,13.8,6053.0,4.494,0.949,15.395
K07211.01,FALSE POSITIVE,1.089077111,3.8834,304072.0,77.59,4147.85,2045.0,0.63,476.6,6126.0,4.285,1.176,9.177
K07212.01,FALSE POSITIVE,1.089057762,1.637,37.4,0.44,917.78,1404.0,0.185,9.2,5096.0,4.582,0.737,14.122
K07213.01,FALSE POSITIVE,0.379412331,1.561,594.0,1.59,1724.34,1643.0,0.243,20.2,4331.0,4.62,0.666,14.785
K07214.01,FALSE POSITIVE,0.585940879,4.6979,1943.6,26.57,2897.54,1873.0,1.254,189.9,5459.0,4.583,0.797,15.912
K07215.01,CANDIDATE,3.90735046,2.896,109.3,0.83,243.14,1007.0,0.088,10.0,5497.0,4.577,0.809,15.283
K07216.01,FALSE POSITIVE,0.646523404,3.917,25.2,0.85,23676.16,3163.0,0.494,14.2,7257.0,4.185,1.631,12.884
K07343.01,FALSE POSITIVE,0.626431697,2.0171,37224.0,34.05,2003.98,1709.0,1.145,174.0,5134.0,4.56,0.721,15.594
K07344.01,FALSE POSITIVE,2.696354974,5.39585,245988.0,80.71,2560.78,1815.0,0.324,2717.0,6472.0,4.08,1.579,11.009
K07345.01,CANDIDATE,377.501257,11.98,541.4,2.16,0.81,242.0,0.033,13.9,5751.0,4.508,0.94,15.044
K07346.01,FALSE POSITIVE,14.762889172,6.52705,79329.6,53.72,78.43,759.0,1.046,1779.1,5691.0,4.354,1.031,15.095
K07347.01,FALSE POSITIVE,4.5638537,13.05,71.9,2.97,1305.08,1533.0,0.9866,16.8,5446.0,3.793,2.39,13.984
K07348.01,FALSE POSITIVE,1.463775066,0.953,45.1,1.2,6722.29,2308.0,0.719,12.7,6781.0,4.125,1.651,13.169
K07349.01,FALSE POSITIVE,8.098754149,5.62354,56616.3,123.02,452.03,1176.0,1.467,5402.0,6328.0,4.16,1.45,11.587
K07350.01,FALSE POSITIVE,0.587938916,1.40211,7339.5,29.98,2476.75,1800.0,1.257,563.0,5237.0,4.543,0.74,12.735
K07895.01,FALSE POSITIVE,246.87131,10.69,433.6,2.02,1.97,302.0,0.327,6.9,6168.0,4.488,0.96,15.884
K07474.01,FALSE POSITIVE,0.71957289,1.79,,,145.63,,,,,,,12.902
K07475.01,FALSE POSITIVE,1.559090282,4.95211,226981.0,129.87,16893.61,2905.0,0.375,1315.5,7279.0,3.856,2.624,13.575
K07476.01,FALSE POSITIVE,1.81993557,2.43,109.1,0.66,159.62,907.0,0.768,10.1,4205.0,4.668,0.578,15.435
K07477.01,FALSE POSITIVE,0.612888148,2.822,43.1,0.93,14401.76,2796.0,0.534,15.9,6720.0,4.276,1.368,13.725
K07478.01,FALSE POSITIVE,15.541358818,2.44433,10308.2,149.19,448.22,1174.0,1.25,773.4,5092.0,3.42,3.54,12.658
K07479.01,CANDIDATE,7.1969168,4.525,47.1,1.1,388.54,1132.0,0.502,10.4,5530.0,4.045,1.575,13.44
K07480.01,FALSE POSITIVE,12.8177012,3.465,75.6,1.21,235.16,999.0,0.0006,8.0,6290.0,4.151,1.385,13.505
K07481.01,FALSE POSITIVE,2.274628199,4.52648,103972.0,104.26,4536.51,2092.0,0.986,2047.9,6389.0,3.914,1.947,11.152
K07896.01,FALSE POSITIVE,85.338393,8.5,633.0,11.4,71.36,741.0,0.004,27.9,4850.0,3.134,4.696,12.881
K06296.01,FALSE POSITIVE,5.499941793,11.3096,47751.3,59.94,2942.15,1878.0,0.531,814.1,7079.0,3.827,2.634,13.37
K06297.01,FALSE POSITIVE,2.629870555,6.606,101310.0,34.05,659.45,1291.0,0.705,1026.0,5566.0,4.382,0.967,14.043
K06298.01,FALSE POSITIVE,1.97362159,3.29,,,1767.45,,,,,,,13.954
K06299.01,CANDIDATE,0.947554749,1.097,65.4,0.67,1680.03,1633.0,0.058,12.4,5508.0,4.569,0.84,13.853
K06300.01,FALSE POSITIVE,6.62761199,6.15281,227141.0,82.03,496.41,1204.0,0.753,4355.5,6316.0,4.231,1.333,13.558
K06301.01,CANDIDATE,50.271927,6.073,574.5,2.94,28.51,589.0,0.205,9.3,6520.0,4.375,1.215,15.923
K06302.01,FALSE POSITIVE,28.597880332,7.71925,85951.6,74.25,250.21,1014.0,0.356,2526.2,6590.0,3.787,2.474,13.119
K06303.01,FALSE POSITIVE,30.476518853,10.2264,326626.0,71.42,28.96,592.0,0.6,1347.9,5527.0,4.315,1.073,13.901
K06429.01,FALSE POSITIVE,252.1638623,23.92,103788.0,50.74,0.81,242.0,1.149,864.5,5432.0,4.608,0.745,15.793
K06430.01,FALSE POSITIVE,2.23416013,2.12,,,2156.64,,,,,,,13.411
K06431.01,FALSE POSITIVE,22.271198511,4.58598,179042.0,39.79,16.62,515.0,0.775,2141.3,5068.0,4.556,0.73,15.362
K06432.01,FALSE POSITIVE,73.894163515,9.48995,213900.0,39.18,5.61,392.0,0.27,3902.3,5442.0,4.469,0.841,15.329
K06433.01,FALSE POSITIVE,1.124033822,5.5728,247561.0,98.04,9953.28,2547.0,0.719,792.9,7141.0,4.208,1.563,13.016
K06434.01,FALSE POSITIVE,2.796661168,3.3781,2363.8,47.68,1797.72,1661.0,1.276,251.4,6331.0,4.146,1.326,13.742
K06435.01,FALSE POSITIVE,15.288709179,5.00366,512474.0,54.56,15.84,509.0,0.372,1758.7,4464.0,4.577,0.719,15.993
K06436.01,FALSE POSITIVE,1.83592242,5.9942,30745.9,46.3,1195.13,1501.0,1.189,1378.9,5930.0,4.472,0.976,13.134
K06437.01,FALSE POSITIVE,1.15495063,2.31,,,340.77,,,,,,,14.785
K07879.01,CANDIDATE,128.208643,2.745,212.2,6.15,93.05,792.0,0.811,8.9,7128.0,3.52,3.811,11.036
K06551.01,FALSE POSITIVE,1.516372183,1.239,93.8,1.06,1911.54,1686.0,0.596,8.8,6142.0,4.456,1.046,15.16
K06552.01,FALSE POSITIVE,8.784575777,5.3022,262984.0,104.57,1380.83,1555.0,0.5,4761.5,8144.0,4.139,1.914,12.444
K06553.01,FALSE POSITIVE,1.949700508,4.35014,38119.2,56.11,2048.37,1716.0,1.153,2271.0,6469.0,4.385,1.193,11.419
K06554.01,FALSE POSITIVE,9.948701373,3.2922,2749.5,29.19,57.93,704.0,1.277,103.1,5152.0,4.517,0.786,15.456
K06555.01,FALSE POSITIVE,3.457078812,5.24058,315517.0,86.12,1560.4,1603.0,0.317,6009.0,6526.0,4.182,1.482,13.585
K06556.01,FALSE POSITIVE,3.735993484,17.4877,617987.0,571.07,4283.18,2063.0,0.993,1587.7,5467.0,3.432,4.055,13.93
K06557.01,CANDIDATE,6.63448023,3.603,71.2,1.04,453.27,1177.0,0.116,10.3,6463.0,4.313,1.225,13.805
K06558.01,FALSE POSITIVE,12.4239677,16.01,162.4,0.87,31.93,606.0,0.007,12.8,4995.0,4.58,0.698,15.706
K06559.01,FALSE POSITIVE,0.639721284,2.69771,465918.0,46.59,1220.53,1505.0,0.404,1012.9,4794.0,4.633,0.625,14.767
K06686.01,FALSE POSITIVE,1.25338826,3.828,44.7,0.64,1750.61,1651.0,0.469,14.8,5869.0,4.513,0.942,13.907
K06687.01,CANDIDATE,1.002591901,1.247,143.2,0.87,884.21,1391.0,0.312,11.1,4893.0,4.574,0.739,15.79
K06688.01,FALSE POSITIVE,1.620813697,5.9968,121323.0,43.95,2127.67,1733.0,0.636,680.4,5757.0,4.209,1.177,13.242
K06689.01,CANDIDATE,3.37116682,4.708,71.4,0.98,656.3,1291.0,0.318,9.8,5653.0,4.288,1.163,15.03
K06690.01,FALSE POSITIVE,5.2434664,18.47,119.4,2.83,113.05,831.0,1.016,10.7,5047.0,4.574,0.766,14.901
K06691.01,FALSE POSITIVE,5.2439542,9.82,143.8,0.81,86.51,778.0,0.223,14.2,4920.0,4.636,0.691,15.924
K06692.01,FALSE POSITIVE,5.2441517,9.69,90.1,0.91,293.68,1056.0,0.557,10.5,6060.0,4.509,0.925,15.862
K06693.01,FALSE POSITIVE,5.2443332,11.268,29.9,0.58,291.25,1054.0,0.775,13.5,5952.0,4.489,0.971,13.636
K06820.01,FALSE POSITIVE,20.726069913,6.47393,118864.0,51.9,43.93,657.0,0.989,1216.8,6011.0,4.522,0.902,14.069
K06821.01,FALSE POSITIVE,0.566801447,2.352,16.2,0.57,11321.32,2633.0,0.615,13.8,5966.0,4.184,1.349,12.766
K06822.01,FALSE POSITIVE,0.566794934,4.399,68.9,1.15,8648.94,2457.0,0.974,21.7,6395.0,4.436,1.049,14.944
K06823.01,FALSE POSITIVE,0.566800287,3.487,73.9,0.88,6188.18,2260.0,0.648,23.3,6075.0,4.486,0.969,15.124
K06824.01,FALSE POSITIVE,0.566791946,2.77,125.7,1.54,5129.25,2160.0,0.982,14.1,5836.0,4.5,0.97,15.915
K06825.01,FALSE POSITIVE,0.566790294,3.641,64.0,0.89,8244.38,2432.0,0.393,22.6,6100.0,4.358,1.093,14.897
K06826.01,FALSE POSITIVE,0.566799725,4.097,46.7,0.77,6460.25,2289.0,0.33,12.5,5576.0,4.297,1.132,14.53
K06827.01,FALSE POSITIVE,0.566801325,4.176,92.1,1.07,7585.82,2383.0,0.77,26.4,6273.0,4.454,1.021,15.42
K06950.01,FALSE POSITIVE,14.854415674,5.13753,77410.4,29.77,95.83,798.0,0.57,2822.1,6214.0,4.444,1.022,14.558
K06951.01,FALSE POSITIVE,38.47674409,5.10744,173168.0,33.8,10.85,463.0,0.458,3487.8,5294.0,4.507,0.79,14.579
K06952.01,FALSE POSITIVE,10.643110689,88.1118,316.3,31.72,274.67,1038.0,1.179,153.7,5930.0,4.084,1.473,13.615
K06953.01,FALSE POSITIVE,1.587485742,7.7489,246568.0,41.52,1070.86,1460.0,0.259,996.8,5863.0,4.566,0.821,14.364
K06954.01,CANDIDATE,6.613671,4.211,32.8,0.91,607.33,1266.0,0.096,10.2,6056.0,4.071,1.597,13.109
K06955.01,FALSE POSITIVE,1.79621807,10.16,47.0,1.54,8937.14,2480.0,0.72,42.0,7117.0,3.988,2.09,12.895
K06956.01,FALSE POSITIVE,20.2594232,19.27,82.6,1.23,116.05,837.0,0.707,23.7,6602.0,4.301,1.269,13.618
K06957.01,CANDIDATE,1.48062814,2.898,62.5,0.76,1770.63,1653.0,0.479,10.3,6187.0,4.499,0.937,15.189
K06958.01,FALSE POSITIVE,1.489442254,5.51392,417901.0,115.45,6938.66,2328.0,0.455,2309.2,6962.0,4.148,1.62,13.99
K07086.01,FALSE POSITIVE,1.12679793,12.079,227.2,21.07,1514.63,1590.0,1.215,21.1,5662.0,4.56,0.84,14.618
K07087.01,FALSE POSITIVE,0.998217563,3.90851,87567.2,88.64,14421.97,2795.0,1.003,3979.1,6980.0,4.06,1.755,12.457
K07088.01,CANDIDATE,2.68814059,1.12,145.2,0.92,392.64,1135.0,0.532,9.1,5636.0,4.613,0.734,15.563
K07089.01,FALSE POSITIVE,0.58640848,2.616,61.3,0.48,1029.91,1444.0,0.352,23.6,4556.0,4.676,0.615,14.28
K07090.01,FALSE POSITIVE,33.46947449,11.8874,164608.0,127.38,211.38,972.0,0.315,1255.2,5934.0,3.581,3.075,13.714
K07091.01,FALSE POSITIVE,1.827558898,4.72808,314683.0,118.28,5331.71,2178.0,0.093,920.8,5977.0,3.854,2.077,13.661
K07092.01,FALSE POSITIVE,62.519211,2.523,277.6,1.9,17.29,520.0,0.081,6.7,6343.0,4.411,1.137,15.453
K07093.01,CANDIDATE,97.991569,4.665,126.8,1.41,11.21,467.0,0.711,9.0,6499.0,4.378,1.169,13.65
K07890.01,FALSE POSITIVE,349.85525,5.42,842.0,2.63,0.94,251.0,0.485,7.9,5941.0,4.533,0.885,15.902
K07217.01,FALSE POSITIVE,2.488812012,5.94523,131002.0,83.26,2776.19,1852.0,0.931,3290.5,6499.0,4.084,1.497,11.576
K07218.01,FALSE POSITIVE,0.51811818,0.3969,99.0,1.09,7376.27,2360.0,0.021,7.8,6240.0,4.502,0.929,14.89
K07219.01,FALSE POSITIVE,542.52829,11.06,75.2,1.07,1.19,266.0,0.3252,11.2,6099.0,4.204,1.212,11.253
K07220.01,CANDIDATE,1.057080807,1.82,60.6,0.97,2518.85,1805.0,0.966,11.3,6000.0,4.487,0.946,15.102
K07221.01,FALSE POSITIVE,11.567974732,5.96595,416030.0,45.65,36.66,628.0,0.458,2341.5,5290.0,4.669,0.648,15.217
K07222.01,FALSE POSITIVE,21.294733865,7.60143,123177.0,71.55,83.71,771.0,0.957,2674.6,6039.0,4.242,1.278,13.731
K07223.01,CANDIDATE,317.062416,7.438,442.9,1.59,0.54,218.0,0.673,9.8,5366.0,4.625,0.715,14.634
K07224.01,CANDIDATE,13.4959496,2.085,253.6,1.62,89.25,784.0,0.2136,7.3,5962.0,4.464,1.019,15.669
K07225.01,FALSE POSITIVE,0.855763492,3.64361,131660.0,72.82,8674.28,2464.0,0.917,598.4,6679.0,4.286,1.326,13.788
K07351.01,FALSE POSITIVE,2.045166206,6.84312,263637.0,131.41,8125.86,2422.0,0.661,1488.6,7128.0,3.95,2.135,11.704
K07352.01,FALSE POSITIVE,2.41349123,11.29,57.0,2.11,7197.15,2348.0,0.728,38.1,6628.0,3.783,2.595,13.253
K07353.01,FALSE POSITIVE,0.447820618,0.4199,58.3,1.42,23149.06,3141.0,0.317,28.4,5927.0,3.988,1.607,12.77
K07354.01,CANDIDATE,43.2675604,8.331,69.1,1.61,45.99,664.0,0.818,10.0,5747.0,4.018,1.729,13.468
K07355.01,FALSE POSITIVE,1.23133063,3.7,78.9,0.54,311.53,1072.0,0.051,17.6,4237.0,4.63,0.631,14.875
K07356.01,FALSE POSITIVE,0.61566096,2.669,13.9,0.84,33790.36,3459.0,0.161,8.5,6619.0,3.89,2.23,13.74
K07357.01,FALSE POSITIVE,1.23140522,3.338,51.3,0.81,2252.47,1756.0,0.412,10.8,5600.0,4.32,1.118,15.149
K07358.01,CANDIDATE,11.3251153,2.126,297.2,1.26,48.78,674.0,0.352,7.0,5334.0,4.574,0.727,15.995
K07897.01,FALSE POSITIVE,31.9714488,8.52,42.9,0.87,48.92,674.0,0.34,9.2,5846.0,4.169,1.323,13.04
K07482.01,FALSE POSITIVE,9.762550001,4.87531,41579.9,68.93,843.46,1375.0,1.006,827.0,7199.0,4.055,1.95,12.25
K07483.01,CANDIDATE,16.9163386,2.521,64.2,0.68,41.74,648.0,0.6327,6.3,5628.0,4.513,0.81,13.132
K07484.01,CANDIDATE,37.0200232,1.421,581.0,2.14,15.66,507.0,0.308,6.6,5685.0,4.537,0.886,15.424
K07485.01,FALSE POSITIVE,2.521265,2.69,36.5,1.16,4175.66,2049.0,0.463,5.9,6306.0,3.828,1.874,12.227
K07486.01,FALSE POSITIVE,5.674353343,4.17722,36484.5,51.63,290.75,1053.0,1.167,1098.3,5594.0,4.303,1.071,14.215
K07487.01,FALSE POSITIVE,0.734426335,2.7415,99056.0,51.42,4660.36,2106.0,0.971,429.7,6108.0,4.471,0.997,13.47
K07488.01,FALSE POSITIVE,0.734426409,1.569,94.1,0.98,5800.4,2223.0,0.039,10.4,6406.0,4.458,1.005,15.588
K07489.01,CANDIDATE,0.565713361,0.954,86.4,0.81,3197.67,1917.0,0.23,11.6,5220.0,4.48,0.881,14.722
K06304.01,FALSE POSITIVE,13.782522208,8.27762,248937.0,41.84,31.69,605.0,0.718,1524.1,5246.0,4.604,0.668,12.809
K06305.01,FALSE POSITIVE,1.89121656,5.14,66.8,0.73,997.34,1434.0,0.404,10.7,5741.0,4.438,0.884,15.203
K06306.01,FALSE POSITIVE,3.693702974,3.37146,25208.0,62.55,1054.1,1453.0,1.19,568.7,6309.0,4.265,1.396,14.469
K06307.01,FALSE POSITIVE,10.265613245,5.67553,150465.0,61.45,236.6,1000.0,0.667,5640.0,5865.0,4.169,1.423,10.885
K06308.01,FALSE POSITIVE,2.163569702,7.60963,54518.0,85.64,3760.06,1996.0,1.116,1513.2,6425.0,4.04,1.718,12.155
K06309.01,FALSE POSITIVE,0.730956716,2.097,27.8,0.57,5431.8,2192.0,0.129,11.2,6028.0,4.371,1.078,13.707
K06310.01,FALSE POSITIVE,7.04715073,1.434,282.5,1.54,178.49,932.0,0.272,9.8,5941.0,4.519,0.911,15.583
K06311.01,FALSE POSITIVE,7.047106212,3.16223,69626.0,119.64,2744.25,1846.0,1.077,548.5,8162.0,3.973,2.321,9.002
K06438.01,FALSE POSITIVE,0.961292561,4.64294,325530.0,92.55,7160.97,2344.0,0.579,1703.0,6300.0,4.188,1.404,12.221
K06439.01,FALSE POSITIVE,63.68192888,12.6047,341717.0,71.45,13.15,486.0,0.583,963.5,5979.0,4.386,1.054,14.995
K06441.01,FALSE POSITIVE,9.455586047,8.42272,115171.0,178.47,3576.17,1972.0,0.791,1876.9,7221.0,3.488,4.24,11.554
K06442.01,FALSE POSITIVE,1.246585716,4.62051,406770.0,81.28,3709.26,1992.0,0.427,2165.3,6440.0,4.369,1.183,14.283
K06443.01,FALSE POSITIVE,0.898932836,2.437,61.1,1.51,9056.7,2489.0,0.565,22.3,5712.0,3.959,1.872,14.173
K06444.01,FALSE POSITIVE,3.45423296,2.965,149.8,0.95,71.74,743.0,0.893,10.2,4186.0,4.662,0.635,15.726
K06445.01,FALSE POSITIVE,7.304451735,4.09326,143628.0,59.02,177.19,931.0,1.013,2096.8,6024.0,4.523,0.9,14.989
K06446.01,FALSE POSITIVE,1.181046137,2.6923,52609.0,37.78,878.27,1389.0,1.165,324.4,5229.0,4.58,0.692,15.725
K06560.01,FALSE POSITIVE,0.68396452,1.3,,,,,,,,,,12.939
K06561.01,FALSE POSITIVE,2.025580416,4.48448,44998.1,43.23,4618.62,2102.0,0.434,987.8,6348.0,3.996,1.99,12.777
K06562.01,FALSE POSITIVE,58.64379,24.44,182.1,1.05,8.59,437.0,0.226,12.0,5833.0,4.537,0.775,14.935
K06563.01,FALSE POSITIVE,20.28281916,36.048,2797.5,22.46,401.55,1141.0,0.719,306.7,5043.0,3.284,3.956,11.777
K06564.01,FALSE POSITIVE,4.931365987,14.7088,255953.0,139.59,2239.55,1755.0,0.686,772.7,6562.0,3.835,2.263,13.254
K06565.01,FALSE POSITIVE,4.331392455,3.7278,200403.0,38.82,288.51,1051.0,0.306,1234.3,5655.0,4.472,0.854,12.612
K06566.01,FALSE POSITIVE,345.1846728,6.5468,29988.7,44.91,1.03,257.0,1.179,687.5,5712.0,4.424,0.971,14.023
K06567.01,FALSE POSITIVE,9.58405667,6.82752,119630.0,99.66,510.85,1212.0,0.798,2595.9,5605.0,3.813,2.275,13.094
K06694.01,FALSE POSITIVE,5.2436612,11.39,88.3,1.1,574.76,1249.0,0.436,14.5,6598.0,4.387,1.145,15.479
K06695.01,FALSE POSITIVE,3.7789374,10.767,56.0,0.48,129.06,860.0,0.6778,15.1,5017.0,4.653,0.605,13.548
K06696.01,FALSE POSITIVE,1.88984957,19.45,249668.0,73.04,526.5,1221.0,1.182,401.5,5328.0,4.571,0.716,13.035
K06697.01,CANDIDATE,82.97062172,8.22,,,,,,,,,,13.678
K06698.01,CANDIDATE,5.22422449,4.56,,,29.83,,,,,,,11.446
K06699.01,FALSE POSITIVE,2.49904083,2.651,128.2,1.04,592.18,1258.0,0.01,8.1,5525.0,4.458,0.93,15.671
K06700.01,FALSE POSITIVE,1.99567242,3.58,18.0,0.75,4939.44,2137.0,0.564,14.2,6773.0,4.063,1.69,11.945
K06701.01,FALSE POSITIVE,0.89879279,1.031,26.6,0.57,4765.1,2116.0,0.249,5.7,6224.0,4.373,1.096,11.203
K06702.01,FALSE POSITIVE,16.434352831,5.15682,45699.5,25.25,91.8,789.0,0.572,2171.4,5963.0,4.322,1.134,13.814
K06828.01,FALSE POSITIVE,0.566793818,4.929,100.3,1.17,3972.65,2027.0,0.985,18.3,5707.0,4.538,0.828,15.67
K06829.01,FALSE POSITIVE,0.566797474,2.708,98.8,1.04,6276.39,2270.0,0.575,12.3,6046.0,4.478,1.007,15.916
K06830.01,FALSE POSITIVE,1.585673651,3.20763,44116.4,50.53,1740.78,1648.0,1.148,717.5,6117.0,4.457,1.025,15.634
K06831.01,FALSE POSITIVE,14.797219157,7.61037,252699.0,47.71,90.8,787.0,0.157,7795.3,6343.0,4.495,0.931,14.185
K06832.01,FALSE POSITIVE,6.49066214,3.47128,195090.0,33.46,35.28,621.0,0.798,1680.0,4448.0,4.684,0.563,15.507
K06833.01,FALSE POSITIVE,7.11879848,4.11282,107665.0,41.17,106.52,819.0,0.983,1483.2,5578.0,4.601,0.754,15.758
K06834.01,FALSE POSITIVE,6.99510404,1.7556,71.8,216.92,744614.96,7492.0,0.77,6.3,3681.0,0.25,229.908,12.843
K06835.01,CANDIDATE,22.50053441,7.44,,,,,,,,,,13.903
K06959.01,FALSE POSITIVE,2.897829967,3.17788,163091.0,54.35,1054.79,1454.0,0.756,1305.8,6318.0,4.366,1.077,13.648
K06960.01,CANDIDATE,4.88698386,1.127,125.4,1.2,389.31,1133.0,0.661,10.1,6152.0,4.464,1.009,13.873
K06961.01,FALSE POSITIVE,0.706428634,1.75182,372128.0,47.64,951.77,1416.0,0.393,1066.7,4429.0,4.569,0.736,15.159
K06962.01,FALSE POSITIVE,10.8632531,37.68,188.2,19.93,98.04,802.0,1.187,25.4,5896.0,4.516,0.914,15.429
K06963.01,FALSE POSITIVE,1.46842648,6.6666,150998.0,40.3,1402.93,1559.0,0.633,622.8,5539.0,4.381,0.959,13.283
K06964.01,FALSE POSITIVE,4.305917719,5.61993,361389.0,71.49,607.76,1266.0,0.549,6104.8,6502.0,4.44,1.037,12.817
K06965.01,FALSE POSITIVE,1.28659726,3.53,,,6865.96,,,,,,,11.308
K06966.01,CANDIDATE,8.47484677,2.067,217.8,1.35,87.55,780.0,0.872,9.7,5564.0,4.587,0.785,15.381
K06967.01,FALSE POSITIVE,2.535389624,2.902,418.1,16.24,362.73,1113.0,1.189,27.3,5488.0,4.629,0.706,15.561
K07094.01,CANDIDATE,13.56092626,2.53,,,,,,,,,,15.561
K07095.01,FALSE POSITIVE,1.627538928,5.583,39.0,1.42,9504.13,2520.0,0.769,29.9,6854.0,3.934,2.088,12.76
K07096.01,FALSE POSITIVE,1.506503686,5.02151,477104.0,178.15,26341.29,3250.0,0.401,3289.1,8751.0,4.026,2.352,13.249
K07097.01,FALSE POSITIVE,1.679585725,7.34648,101786.0,28.99,209.45,970.0,0.97,1884.3,4462.0,4.7,0.554,12.833
K07098.01,FALSE POSITIVE,5.40346248,7.6494,261346.0,108.46,1398.38,1559.0,0.521,2851.3,6350.0,3.921,1.984,13.615
K07099.01,CANDIDATE,34.0357766,3.849,386.6,1.05,3.06,337.0,0.6983,9.6,4367.0,4.739,0.501,15.534
K07100.01,FALSE POSITIVE,0.824851807,1.93637,30099.2,78.0,9801.46,2539.0,1.185,642.2,5658.0,3.903,1.654,12.372
K07101.01,FALSE POSITIVE,0.82484293,1.383,618.6,97.92,1040816.86,8138.0,0.03,10.0,4148.0,1.458,41.424,12.721
K07102.01,FALSE POSITIVE,4.4473549,18.99,203.6,1.52,195.56,954.0,0.98,25.9,5531.0,4.597,0.764,15.989
K07226.01,CANDIDATE,42.48452259,4.16,,,,,,,,,,14.824
K07227.01,FALSE POSITIVE,7.51509713,2.62,187.1,1.23,51.99,685.0,0.934,10.1,4867.0,4.63,0.696,15.52
K07228.01,FALSE POSITIVE,7.51514595,3.54486,117463.0,35.8,118.99,842.0,0.84,1676.8,5624.0,4.516,0.777,13.711
K07229.01,FALSE POSITIVE,19.230038188,7.04412,266180.0,186.53,810.65,1361.0,0.694,7232.1,7703.0,3.844,2.916,12.241
K07230.01,FALSE POSITIVE,21.120005744,2.05573,13054.3,31.2,141.75,880.0,0.986,443.9,6195.0,4.069,1.598,11.51
K07231.01,FALSE POSITIVE,0.82206761,3.8281,26189.8,91.21,17747.85,2941.0,1.216,486.3,6531.0,3.962,1.921,13.388
K07231.02,CANDIDATE,4.74701479,2.464,3622.0,13333.5,1708.72,1640.0,64.5159,10.1,6531.0,3.962,1.921,13.388
K07232.01,CANDIDATE,1.96682825,1.645,214.3,1.18,638.54,1283.0,0.415,9.5,5595.0,4.581,0.796,15.612
K07233.01,FALSE POSITIVE,45.035589512,9.8341,404836.0,82.4,30.66,600.0,0.499,1763.5,6484.0,4.386,1.153,14.529
K07359.01,CANDIDATE,4.237447181,0.3792,350.1,2.26,446.38,1172.0,0.187,11.1,5993.0,4.425,0.993,15.504
K07360.01,CANDIDATE,4.0953585,44.35,226.8,7.76,1884.15,1680.0,1.0194,60.2,6839.0,4.094,1.7,13.543
K07361.01,CANDIDATE,0.92623983,1.267,411.4,1.16,504.34,1208.0,0.058,9.1,4494.0,4.692,0.591,16.28
K07362.01,FALSE POSITIVE,3.10197712,7.083,124.6,2.64,6009.05,2246.0,0.984,63.3,8709.0,4.232,1.797,12.075
K07363.01,FALSE POSITIVE,2.618414643,4.99923,200864.0,109.33,10502.8,2582.0,0.356,3260.0,8143.0,3.96,2.361,11.727
K07364.01,FALSE POSITIVE,2.61844178,3.203,45.1,2.16,4044.74,2033.0,0.182,12.7,5088.0,3.502,3.293,12.388
K07365.01,FALSE POSITIVE,19.407958161,6.09676,142059.0,44.96,37.92,633.0,0.905,2506.6,5702.0,4.485,0.799,15.521
K07366.01,FALSE POSITIVE,0.933747375,5.974,198.9,8.93,3820.18,2003.0,1.063,35.9,6224.0,4.454,1.024,14.74
K07490.01,FALSE POSITIVE,37.910213899,3.11152,103474.0,29.45,3.89,358.0,0.963,1065.9,4623.0,4.686,0.56,14.43
K07491.01,FALSE POSITIVE,3.74785307,3.444,145.9,9.04,8389.62,2440.0,0.217,17.0,4929.0,3.001,7.7,13.846
K07492.01,FALSE POSITIVE,3.747835042,5.28519,188923.0,141.7,12482.82,2697.0,0.547,6016.2,8529.0,3.769,3.065,9.532
K07493.01,FALSE POSITIVE,0.94754848,1.7347,11348.0,224.79,35.37,622.0,11.1936,44.7,3246.0,5.087,0.2,13.497
K07494.01,FALSE POSITIVE,1.75643185,2.397,51.6,0.58,821.36,1366.0,0.115,9.6,5696.0,4.57,0.812,14.529
K07495.01,FALSE POSITIVE,1.756466865,4.7781,188219.0,87.4,2652.65,1831.0,0.824,541.9,5726.0,4.077,1.465,10.46
K07496.01,FALSE POSITIVE,33.159475806,9.01353,222167.0,146.47,307.53,1068.0,0.768,3733.6,7967.0,4.001,2.379,11.562
K07497.01,FALSE POSITIVE,46.14869106,19.092,349630.0,114.2,41.46,647.0,0.002,1021.3,5383.0,3.908,1.935,12.387
K07498.01,FALSE POSITIVE,60.2976774,14.2561,315892.0,63.57,12.63,481.0,0.596,1215.8,5995.0,4.434,0.977,15.68
K00126.02,CANDIDATE,0.875197345,0.052,0.0,0.73,9497.39,2518.0,1.004,0.0,5855.0,3.999,1.796,13.109
K01106.03,CANDIDATE,13.2298203,3.566,157.8,1.5,126.84,856.0,0.435,10.0,6049.0,4.353,1.176,14.818
K01110.02,CANDIDATE,3.71840884,3.611,77.2,0.84,464.19,1184.0,0.192,9.6,5982.0,4.493,0.96,14.794
K06312.01,FALSE POSITIVE,1.703347524,3.3039,504406.0,47.62,495.27,1202.0,0.223,1288.0,5325.0,4.657,0.648,12.524
K06313.01,FALSE POSITIVE,1.70332915,1.663,98.5,0.86,965.03,1420.0,0.307,8.9,5749.0,4.547,0.864,15.191
K06314.01,FALSE POSITIVE,20.413812,5.806,496.4,16.5,27.84,586.0,1.158,11.6,5514.0,4.569,0.826,15.38
K06315.01,CANDIDATE,5.32737192,2.226,107.7,0.7,88.33,782.0,0.3554,6.8,4905.0,4.593,0.679,14.44
K06316.01,FALSE POSITIVE,67.41958542,7.645,182171.0,49.46,11.48,470.0,0.72,836.0,6071.0,4.425,0.962,13.924
K06317.01,FALSE POSITIVE,7.363572395,5.7545,129696.0,82.22,649.25,1287.0,0.922,224.9,6793.0,4.208,1.508,13.102
K06318.01,CANDIDATE,5.90260586,1.832,337.7,1.26,78.58,759.0,0.1049,8.2,4960.0,4.627,0.707,15.734
K06319.01,FALSE POSITIVE,33.693201537,7.44219,508772.0,68.86,17.07,518.0,0.379,1618.4,5427.0,4.448,0.899,14.898
K06320.01,CANDIDATE,22.80265,19.34,53.1,2.36,281.59,1045.0,0.1018,11.8,5011.0,3.321,3.324,13.124
K06447.01,FALSE POSITIVE,1.120997701,11.243,145.6,66.58,60096.61,3992.0,1.114,58.1,6720.0,3.373,4.845,12.964
K06448.01,FALSE POSITIVE,1.874967748,10.0159,31525.9,378.99,91765.97,4440.0,0.817,1566.6,4588.0,2.232,18.328,10.805
K06449.01,CANDIDATE,29.9315174,2.53,353.0,1.58,16.9,517.0,0.5986,5.6,5551.0,4.57,0.809,15.671
K06450.01,CANDIDATE,0.602277579,2.38,34.6,0.78,12545.82,2699.0,0.7502,26.7,6510.0,4.256,1.228,12.361
K06451.01,FALSE POSITIVE,2.40440112,5.49,27.1,0.42,447.52,1172.0,0.669,16.7,5433.0,4.55,0.769,12.632
K06452.01,FALSE POSITIVE,21.926779,10.05,198.6,1.26,34.52,618.0,0.542,10.5,5853.0,4.544,0.868,15.407
K06453.01,FALSE POSITIVE,25.706001174,10.969,464960.0,67.11,26.55,579.0,0.43,2008.1,5642.0,4.498,0.903,13.592
K06454.01,CANDIDATE,27.2173855,3.268,155.9,1.34,46.8,667.0,0.6516,6.7,6263.0,4.404,1.019,15.0
K06455.01,FALSE POSITIVE,501.90703,12.43,306.9,1.83,0.99,254.0,0.0805,10.3,6316.0,4.413,1.036,14.131
K06568.01,CANDIDATE,6.27651592,1.973,166.0,0.65,18.89,532.0,0.172,8.9,3914.0,4.748,0.515,15.516
K06569.01,FALSE POSITIVE,3.115304946,4.88748,149524.0,61.66,918.39,1404.0,0.89,1398.8,6367.0,4.419,1.087,14.154
K06570.01,CANDIDATE,16.214474,4.149,161.7,3.53,587.82,1256.0,0.6311,9.4,6801.0,3.833,2.637,10.896
K06571.01,FALSE POSITIVE,12.422524,13.55,33.9,0.86,354.37,1107.0,0.566,6.7,7225.0,4.281,1.414,13.087
K06572.01,FALSE POSITIVE,12.4269264,21.826,126.6,1.66,159.5,906.0,0.04,28.3,5349.0,4.044,1.505,13.994
K06573.01,FALSE POSITIVE,12.4261809,29.09,92.2,1.88,214.85,976.0,0.98,39.0,5948.0,4.106,1.432,13.219
K06574.01,FALSE POSITIVE,0.61810542,6.666,12264.0,39.52,3735.52,1994.0,1.2326,118.7,5371.0,4.403,0.949,14.684
K06575.01,FALSE POSITIVE,1.06995136,1.322,54.8,0.9,3730.45,1991.0,0.176,10.8,5869.0,4.274,1.221,14.174
K06703.01,FALSE POSITIVE,2.158398259,8.1633,93038.0,101.02,2649.52,1829.0,0.996,217.0,5210.0,3.778,1.946,13.024
K06704.01,FALSE POSITIVE,359.534371,24.205,5732.0,64333.8,13.7,491.0,100.806,96.0,5087.0,3.183,5.899,13.925
K06705.01,CANDIDATE,0.9951412,5.588,101.7,0.22,15.69,509.0,0.998,17.6,3325.0,5.364,0.109,15.673
K06706.01,FALSE POSITIVE,534.86668,8.19,565.0,4.3,2.74,328.0,0.113,8.3,6668.0,4.074,1.791,13.845
K06707.01,CANDIDATE,43.535891,4.712,576.6,1.86,9.19,444.0,0.258,13.9,5481.0,4.592,0.778,15.857
K06708.01,FALSE POSITIVE,1.39797542,9.06,43.2,0.49,709.8,1316.0,0.077,15.5,5074.0,4.536,0.761,12.763
K06709.01,FALSE POSITIVE,2.2127498,3.054,22.7,0.68,2494.14,1801.0,0.229,9.3,6195.0,4.106,1.405,13.386
K06710.01,FALSE POSITIVE,0.776976021,1.95401,21245.0,48.15,4459.03,2083.0,1.222,1582.9,5999.0,4.423,1.042,12.723
K06836.01,FALSE POSITIVE,2.25353739,5.74622,182828.0,96.65,4215.56,2056.0,0.82,904.8,6951.0,4.119,1.662,13.451
K06837.01,FALSE POSITIVE,17.99646148,4.65638,62755.2,114.45,240.38,1004.0,1.091,1951.8,5684.0,3.788,2.249,11.511
K06838.01,FALSE POSITIVE,1.386249249,2.99104,47187.6,78.6,4939.8,2137.0,1.135,560.0,6226.0,4.135,1.594,11.766
K06839.01,FALSE POSITIVE,0.53482911,0.996,704.0,0.54,75.82,753.0,0.3597,9.8,3229.0,5.08,0.201,16.67
K06840.01,FALSE POSITIVE,0.566799833,5.543,198.0,1.27,3084.6,1900.0,0.851,54.0,5488.0,4.584,0.789,15.524
K06841.01,FALSE POSITIVE,0.566795728,2.79,18.9,0.64,13656.59,2755.0,0.653,12.4,6130.0,4.151,1.393,13.379
K06842.01,FALSE POSITIVE,14.665759784,3.65814,336981.0,67.17,60.89,712.0,0.576,1143.6,5385.0,4.369,1.002,15.213
K06843.01,FALSE POSITIVE,0.566780836,4.937,60.9,0.75,5608.62,2204.0,0.005,18.7,5949.0,4.493,0.962,15.328
K07888.01,CANDIDATE,4.7368156,2.84,35.3,0.6,395.05,1137.0,0.218,6.9,6088.0,4.456,1.011,13.922
K06968.01,FALSE POSITIVE,15.44605962,4.5963,330907.0,52.93,57.04,701.0,0.3,2025.2,5838.0,4.529,0.897,15.488
K06969.01,FALSE POSITIVE,1.790518325,3.34624,61541.9,32.19,2761.65,1850.0,0.643,2493.3,6586.0,4.319,1.219,12.45
K06970.01,CANDIDATE,40.7698541,2.997,239.8,1.87,27.73,585.0,0.202,8.8,5884.0,4.306,1.21,14.908
K06971.01,CANDIDATE,129.222771,7.272,445.3,2.01,1.63,288.0,0.867,12.0,4934.0,4.515,0.809,14.784
K06972.01,FALSE POSITIVE,1.03905082,3.035,43.8,0.87,6581.45,2297.0,0.4522,9.9,6558.0,4.239,1.28,13.835
K06973.01,FALSE POSITIVE,0.503201954,0.167,43.0,2.99,37526.28,3550.0,0.3279,8.0,6157.0,3.827,2.306,11.626
K06974.01,FALSE POSITIVE,7.140373046,7.07032,205256.0,61.56,388.56,1132.0,0.309,3250.0,5945.0,4.168,1.333,13.232
K06975.01,FALSE POSITIVE,53.647084859,19.9499,219095.0,142.04,75.91,753.0,0.432,3272.4,5261.0,3.506,2.943,12.479
K07103.01,FALSE POSITIVE,2.496328637,2.73115,20527.0,112.28,6804.42,2317.0,1.199,1412.4,6757.0,3.842,2.615,11.211
K07104.01,FALSE POSITIVE,16.31328124,4.45731,71589.0,30.85,73.51,747.0,0.768,982.3,6008.0,4.44,1.006,14.524
K07105.01,FALSE POSITIVE,1.721313779,3.54768,534625.0,83.69,1658.35,1627.0,0.315,742.8,5960.0,4.371,1.073,15.187
K07106.01,CANDIDATE,5.01880305,1.823,98.7,1.08,455.98,1178.0,0.172,10.3,6220.0,4.398,1.083,14.541
K07107.01,FALSE POSITIVE,1.50650745,2.622,27.8,1.13,9242.43,2498.0,0.677,14.4,6839.0,4.003,2.02,12.491
K07108.01,FALSE POSITIVE,8.209514329,4.14104,141387.0,149.52,834.79,1371.0,1.079,6579.3,6258.0,3.882,2.111,12.121
K07109.01,FALSE POSITIVE,3.431126546,2.7986,40248.0,47.48,580.05,1251.0,1.161,308.5,5815.0,4.349,0.969,13.681
K07110.01,FALSE POSITIVE,1.583334941,4.4854,177074.0,52.0,1362.14,1548.0,0.781,368.8,5846.0,4.472,0.953,14.932
K07111.01,CANDIDATE,23.59919017,2.05,,,,,,,,,,15.365
K07234.01,FALSE POSITIVE,8.429438192,3.94306,456346.0,49.49,27.16,582.0,0.428,3072.5,4268.0,4.602,0.68,14.117
K07235.01,CANDIDATE,299.70688,15.39,230.7,1.15,0.75,237.0,0.1196,8.6,5606.0,4.597,0.76,14.713
K07236.01,CANDIDATE,14.461834,7.156,80.2,1.05,89.86,785.0,0.065,9.0,5457.0,4.239,1.196,14.75
K07237.01,FALSE POSITIVE,7.9320191,8.18,125.1,1.04,102.05,811.0,0.5896,8.8,5219.0,4.441,0.905,15.223
K07238.01,FALSE POSITIVE,1.374249107,5.3181,136655.0,96.85,13078.76,2725.0,0.771,520.3,7053.0,3.958,2.121,13.549
K07239.01,FALSE POSITIVE,8.4804737,6.157,337.0,1.85,176.51,930.0,0.33,14.5,6092.0,4.471,0.998,15.79
K07240.01,FALSE POSITIVE,0.94242156,1.89,,,,,,,,,,13.806
K07241.01,FALSE POSITIVE,4.994773558,4.48893,259761.0,62.69,604.21,1264.0,0.416,5742.0,6253.0,4.271,1.181,13.038
K07367.01,FALSE POSITIVE,1.105094098,4.38191,730498.0,267.59,47811.67,3771.0,0.161,3732.8,8011.0,3.773,2.927,13.651
K07368.01,CONFIRMED,6.842939,2.8,,,99.24,,,,,,,12.92
K07369.01,FALSE POSITIVE,0.8170226,2.974,167696.0,57.56,3416.07,1947.0,0.843,240.1,5780.0,4.438,1.0,17.206
K07370.01,CANDIDATE,4.48538145,2.297,168.1,0.96,202.75,962.0,0.1296,8.2,5654.0,4.607,0.737,15.457
K07371.01,FALSE POSITIVE,19.40669392,5.27765,464521.0,57.97,30.05,597.0,0.424,1496.8,5622.0,4.588,0.778,13.564
K07372.01,FALSE POSITIVE,7.143708297,5.83451,202685.0,44.78,187.0,943.0,0.162,2368.6,5655.0,4.386,0.992,14.17
K07373.01,FALSE POSITIVE,0.952377862,4.0869,2122.3,28.44,2023.36,1713.0,1.248,390.8,5662.0,4.524,0.863,14.713
K07374.01,FALSE POSITIVE,3.521050679,3.5323,4879.8,256.2,8306.9,2434.0,1.266,337.2,5149.0,3.109,6.619,13.942
K07375.01,CANDIDATE,4.84847245,0.874,554.7,1.51,46.85,667.0,0.191,11.4,4137.0,4.625,0.647,14.849
K07499.01,FALSE POSITIVE,1.941635737,2.46683,69814.1,59.71,2109.03,1728.0,1.071,1243.7,6525.0,4.381,1.161,13.898
K07500.01,FALSE POSITIVE,0.539445498,2.2821,25302.2,68.65,18153.51,2959.0,1.214,511.4,6486.0,4.174,1.456,13.698
K07501.01,FALSE POSITIVE,20.7106853,42.737,1003.0,89.55,570.64,1246.0,1.252,154.4,6956.0,3.738,2.888,11.308
K07502.01,FALSE POSITIVE,2.521245368,4.24027,418375.0,56.59,560.57,1241.0,0.231,1495.4,5605.0,4.486,0.854,13.231
K07503.01,FALSE POSITIVE,2.52122764,2.249,127.3,0.91,453.48,1177.0,0.298,8.9,5546.0,4.575,0.81,15.301
K07504.01,FALSE POSITIVE,2.5212708,2.706,163.3,0.81,238.81,1003.0,0.3286,7.8,5110.0,4.674,0.637,15.894
K07505.01,FALSE POSITIVE,8.202869679,7.29811,345937.0,110.46,474.09,1190.0,0.561,6499.9,6060.0,4.059,1.643,13.878
K07506.01,CANDIDATE,11.8436119,6.044,199.3,1.41,111.98,830.0,0.067,10.4,6077.0,4.471,0.999,15.193
K07507.01,FALSE POSITIVE,3.442714533,3.36034,60039.0,47.02,423.13,1157.0,1.142,964.8,5819.0,4.501,0.861,15.715
K01126.02,FALSE POSITIVE,475.91706,22.86,967.3,28.22,0.56,221.0,1.222,15.3,5334.0,4.372,1.004,15.259
K01347.02,FALSE POSITIVE,0.858285844,1.799,43.4,0.9,6321.2,2274.0,0.3323,10.8,5945.0,4.196,1.346,14.808
K01427.02,CANDIDATE,4.88446644,2.057,221.0,0.84,26.5,579.0,0.776,9.1,3883.0,4.725,0.517,15.84
K01574.04,CANDIDATE,8.9772888,4.72,97.5,1.79,362.75,1113.0,0.702,10.3,5597.0,3.963,1.699,14.6
K01602.02,CANDIDATE,3.03359398,4.026,95.6,1.55,1294.06,1529.0,0.023,12.3,5557.0,4.037,1.616,14.943
K01681.04,CANDIDATE,21.9139549,3.271,584.4,10.39,2.01,303.0,1.2,11.8,3638.0,4.844,0.42,15.855
K01803.03,FALSE POSITIVE,6.238315363,2.501,82.9,0.7,73.27,746.0,0.707,5.3,4914.0,4.61,0.724,13.26
K01840.02,CANDIDATE,9.3888216,4.154,192.7,20.91,202.91,963.0,1.14,9.6,5846.0,4.278,1.24,14.915
K06321.01,FALSE POSITIVE,2.115510941,7.2877,415163.0,191.42,12609.03,2701.0,0.492,1351.5,7563.0,3.883,2.638,12.119
K06322.01,FALSE POSITIVE,1.015044104,10.994,158.2,1.98,3627.61,1979.0,0.984,33.6,5910.0,4.318,1.124,14.956
K06323.01,FALSE POSITIVE,3.711013336,3.31024,24989.1,55.69,1003.75,1436.0,1.192,757.0,6338.0,4.256,1.247,12.084
K06324.01,FALSE POSITIVE,2.97606298,4.124,72.2,5.65,11065.06,2615.0,0.363,17.8,5321.0,3.158,6.669,13.498
K06325.01,FALSE POSITIVE,2.97586085,4.513,105.9,0.85,392.05,1135.0,0.117,9.1,5481.0,4.508,0.835,15.669
K06326.01,FALSE POSITIVE,14.658013949,3.03316,129645.0,121.59,126.35,855.0,1.141,3361.5,5146.0,3.986,1.626,13.391
K06327.01,FALSE POSITIVE,18.839487435,5.62797,182722.0,45.2,68.54,734.0,0.421,2003.1,6208.0,4.454,1.024,15.291
K06328.01,FALSE POSITIVE,0.555973803,1.271,75.3,1.9,20544.64,3049.0,0.563,23.3,5445.0,3.776,2.117,13.755
K06456.01,FALSE POSITIVE,4.426344495,5.84235,276139.0,78.3,709.74,1316.0,0.668,732.5,6228.0,4.277,1.226,13.501
K06457.01,FALSE POSITIVE,0.957823876,3.7232,104692.0,110.91,11612.14,2649.0,0.992,454.1,5908.0,3.865,2.033,13.988
K06458.01,FALSE POSITIVE,5.024768971,3.82433,53046.4,42.15,425.9,1159.0,1.038,696.5,6322.0,4.444,0.989,14.355
K06459.01,FALSE POSITIVE,30.960216668,15.4308,340408.0,62.08,18.3,527.0,0.58,4578.3,5291.0,4.423,0.926,12.45
K06460.01,FALSE POSITIVE,2.470283788,7.8391,193828.0,157.82,11792.22,2657.0,0.804,967.7,7823.0,3.885,2.675,11.108
K06461.01,FALSE POSITIVE,1.23516416,4.713,64.6,0.92,2861.14,1866.0,0.678,13.0,6249.0,4.428,1.076,15.005
K06462.01,FALSE POSITIVE,1.23513471,5.44,42.8,0.7,2172.96,1743.0,0.716,12.0,5930.0,4.436,0.997,14.712
K06463.01,FALSE POSITIVE,0.8903331,2.643,134.1,20.96,251387.46,5714.0,0.322,10.8,4981.0,2.437,18.374,13.915
K06464.01,FALSE POSITIVE,20.000242814,5.0042,13137.9,21.57,73.09,746.0,1.004,796.5,6373.0,4.438,1.047,13.718
K06576.01,FALSE POSITIVE,10.217121652,4.35647,205223.0,81.1,230.53,994.0,0.786,3617.5,5931.0,4.196,1.349,13.752
K06577.01,FALSE POSITIVE,0.618060842,1.892,25.1,0.51,2791.09,1854.0,0.944,9.6,5339.0,4.503,0.793,13.426
K06578.01,FALSE POSITIVE,0.759764419,5.72501,393266.0,138.54,12833.03,2715.0,0.545,1728.1,5807.0,3.93,1.909,11.378
K06579.01,CANDIDATE,2.6528082,2.297,153.1,1.17,633.57,1280.0,0.434,9.8,5778.0,4.48,0.935,15.668
K06580.01,FALSE POSITIVE,21.539269242,5.32432,143753.0,53.0,48.89,674.0,0.908,2642.2,6136.0,4.487,0.933,14.293
K06581.01,FALSE POSITIVE,5.270733213,2.7822,293637.0,37.93,54.59,693.0,0.428,553.0,4348.0,4.601,0.678,15.953
K06582.01,CANDIDATE,2.43135542,1.401,123.6,1.07,965.4,1422.0,0.12,9.3,6231.0,4.488,0.955,15.225
K06583.01,FALSE POSITIVE,12.4232158,17.67,261.5,1.3,51.91,685.0,0.245,23.6,5497.0,4.577,0.809,15.639
K06711.01,FALSE POSITIVE,4.3206933,50.68,147.9,1.66,499.09,1205.0,0.973,35.7,6225.0,4.45,1.031,15.604
K06712.01,FALSE POSITIVE,16.486796364,7.06797,48942.8,46.92,290.46,1053.0,0.309,3181.5,6020.0,3.86,2.097,13.645
K06713.01,FALSE POSITIVE,5.7768734,5.762,71.0,3.13,905.0,1399.0,0.994,10.1,5473.0,3.796,2.162,13.712
K06714.01,FALSE POSITIVE,20.148807707,8.52557,526949.0,68.52,37.55,631.0,0.215,3487.5,5547.0,4.447,0.918,14.904
K06715.01,FALSE POSITIVE,0.687772143,2.56725,40368.3,46.27,4569.67,2097.0,1.166,679.8,5885.0,4.413,0.933,14.726
K06716.01,FALSE POSITIVE,0.843651274,2.80468,305452.0,39.98,1371.12,1553.0,0.405,1509.3,5220.0,4.578,0.695,13.826
K06717.01,FALSE POSITIVE,1.142946648,3.40234,412554.0,43.5,660.96,1293.0,0.479,1054.4,5058.0,4.651,0.608,14.454
K06718.01,FALSE POSITIVE,7.217010987,4.4215,78713.8,89.71,341.36,1096.0,1.287,1307.0,6047.0,4.246,1.211,13.272
K07885.01,FALSE POSITIVE,9.72869627,5.628,252.2,42.47,379.75,1126.0,1.274,19.1,6881.0,4.301,1.351,13.542
K06844.01,FALSE POSITIVE,0.566791802,2.2,49.3,0.66,4113.39,2040.0,0.679,15.6,5691.0,4.544,0.887,14.702
K06845.01,FALSE POSITIVE,2.245738777,8.61629,483487.0,99.05,2156.25,1737.0,0.397,2121.8,6508.0,4.287,1.312,13.432
K06846.01,FALSE POSITIVE,2.24572117,3.88,48.2,0.74,1131.64,1479.0,0.596,13.6,6158.0,4.455,1.026,14.244
K06847.01,FALSE POSITIVE,0.566801906,1.626,89.7,0.55,774.11,1344.0,0.155,27.0,4208.0,4.662,0.583,12.663
K06848.01,FALSE POSITIVE,2.316171991,4.03025,251484.0,49.53,651.03,1288.0,0.7,2338.3,5932.0,4.58,0.795,13.969
K06849.01,CANDIDATE,12.54474243,1.24,263.1,1.88,117.9,840.0,0.185,10.8,5767.0,4.316,1.159,15.082
K06850.01,FALSE POSITIVE,0.56680208,1.22,,,392.81,,,,,,,13.072
K06851.01,FALSE POSITIVE,0.566810701,6.19,200.0,1.49,3220.92,1921.0,0.982,45.9,5593.0,4.584,0.752,15.644
K06852.01,FALSE POSITIVE,0.566813319,3.752,129.1,23.19,6742.52,2313.0,1.196,17.0,6108.0,4.466,1.03,15.972
K06976.01,FALSE POSITIVE,28.787257509,13.953,49618.4,91.26,210.02,971.0,0.559,1292.0,5154.0,3.461,3.981,12.85
K06977.01,FALSE POSITIVE,0.835315046,2.45449,16876.4,30.54,1160.98,1490.0,1.224,939.5,5009.0,4.584,0.69,15.314
K06978.01,CANDIDATE,3.07551068,1.683,46.1,0.84,879.95,1389.0,0.005,10.1,5763.0,4.256,1.242,13.359
K06979.01,FALSE POSITIVE,26.0164225,4.1768,41109.0,61.04,76.63,755.0,1.147,285.4,6287.0,4.231,1.28,15.032
K06980.01,CANDIDATE,6.29340543,3.024,96.4,1.08,312.61,1072.0,0.431,8.7,6214.0,4.442,1.076,15.186
K06981.01,FALSE POSITIVE,593.19521,25.65,227.3,1.63,0.71,234.0,0.6192,7.1,6103.0,4.391,1.03,14.733
K06982.01,FALSE POSITIVE,0.706430188,1.301,50.8,0.41,1116.9,1473.0,0.288,11.0,5037.0,4.689,0.568,14.001
K06983.01,CANDIDATE,7.7021729,3.987,74.6,0.85,147.24,888.0,0.509,9.5,5618.0,4.449,0.969,14.32
K07112.01,FALSE POSITIVE,0.78430061,2.952,254.7,1.14,1416.91,1566.0,0.659,20.5,5176.0,4.589,0.681,15.156
K07113.01,FALSE POSITIVE,2.665875491,7.59461,161389.0,67.43,1199.89,1502.0,0.878,2274.7,6234.0,4.351,1.159,12.156
K07114.01,FALSE POSITIVE,2.6658312,5.771,40.8,0.99,1807.48,1663.0,0.864,12.4,6276.0,4.17,1.353,13.562
K07115.01,FALSE POSITIVE,1.5765874,15.18,29.2,15.68,17781.51,2946.0,1.04,27.9,6742.0,3.688,3.138,12.232
K07116.01,CANDIDATE,2.52557582,2.32,35.4,0.62,818.81,1364.0,0.372,10.7,5821.0,4.421,1.036,13.564
K07117.01,CANDIDATE,8.2927558,4.784,103.3,1.01,174.36,927.0,0.6346,8.4,6146.0,4.497,0.943,15.382
K07117.02,CANDIDATE,22.786522,2.197,228.3,1.45,45.26,661.0,0.3817,7.9,6146.0,4.497,0.943,15.382
K07118.01,FALSE POSITIVE,28.027891356,17.3269,243231.0,31.3,8.86,440.0,0.6493,2829.0,5231.0,4.721,0.544,14.594
K07242.01,FALSE POSITIVE,2.028512246,5.00309,121562.0,50.28,1333.24,1542.0,0.871,1545.8,6105.0,4.412,1.025,13.281
K07243.01,FALSE POSITIVE,1.33256167,3.743,59.5,0.63,727.84,1326.0,0.402,13.0,4895.0,4.502,0.828,14.877
K07244.01,FALSE POSITIVE,1.332567821,3.4844,31.0,0.96,7802.17,2395.0,0.413,5.0,6600.0,4.047,1.681,13.191
K07245.01,FALSE POSITIVE,1.332545609,3.997,278.2,28.37,157611.61,5080.0,0.582,31.4,5154.0,2.435,16.486,13.504
K07246.01,FALSE POSITIVE,1.33256256,3.088,174.9,16.03,99175.88,4529.0,0.137,11.9,4601.0,2.321,12.581,12.295
K07247.01,FALSE POSITIVE,1.33258981,3.987,78.4,0.67,832.33,1369.0,0.223,16.1,5309.0,4.595,0.763,14.818
K07248.01,FALSE POSITIVE,1.33258375,4.081,60.9,0.84,2096.92,1727.0,0.746,16.4,6108.0,4.471,0.997,14.835
K07249.01,FALSE POSITIVE,8.9648813,61.23,454.5,28.97,276.3,1040.0,1.208,109.9,6543.0,4.382,1.159,12.039
K07376.01,CANDIDATE,1.284241817,1.965,166.5,1.18,1643.57,1623.0,0.029,13.3,5849.0,4.517,0.919,15.674
K07377.01,FALSE POSITIVE,2.161583501,4.0537,50163.0,29.61,1741.01,1646.0,0.715,239.2,5888.0,4.167,1.219,13.945
K07378.01,CONFIRMED,8.7396758,3.866,1431.0,3.29,26.17,577.0,0.957,15.6,4406.0,4.643,0.628,16.324
K07379.01,FALSE POSITIVE,0.535493486,2.57,54.0,1.42,24045.87,3181.0,0.566,5.1,6328.0,4.035,1.864,13.39
K07380.01,CANDIDATE,15.9474242,1.127,191.7,1.21,47.65,670.0,0.1178,6.5,5472.0,4.44,0.877,14.801
K07381.01,FALSE POSITIVE,24.261683827,7.1617,192283.0,58.48,44.55,659.0,0.814,5083.9,6151.0,4.473,0.983,12.325
K07382.01,FALSE POSITIVE,32.532521502,13.3991,83468.4,24.35,19.39,535.0,0.237,1595.1,5845.0,4.558,0.838,15.354
K07383.01,CANDIDATE,50.0122,3.426,210.4,1.2,8.23,432.0,0.484,8.3,5357.0,4.503,0.814,15.174
K07508.01,FALSE POSITIVE,4.627775175,3.4079,5675.1,32.62,275.68,1039.0,1.248,197.5,5845.0,4.541,0.874,14.69
K07509.01,FALSE POSITIVE,28.7850347,2.102,102.9,2.5,229.66,993.0,0.2978,6.2,6581.0,3.824,2.42,13.57
K07510.01,CANDIDATE,5.60682001,2.714,150.7,1.04,186.43,942.0,0.156,9.9,5699.0,4.553,0.853,15.289
K07511.01,FALSE POSITIVE,6.096030635,18.4531,901661.0,406.97,3246.2,1925.0,0.642,4885.3,7598.0,3.867,2.692,13.533
K07512.01,FALSE POSITIVE,31.953038766,8.0461,17703.4,47.96,131.55,864.0,0.907,1364.9,5524.0,3.693,2.734,13.032
K07513.01,FALSE POSITIVE,5.9371708,4.954,157.1,1.17,188.41,945.0,0.4778,10.1,5475.0,4.426,0.923,15.379
K07514.01,FALSE POSITIVE,0.577844035,4.291,320.4,18.93,3647.63,1980.0,1.194,94.0,5693.0,4.57,0.816,13.766
K07515.01,FALSE POSITIVE,2.630090609,13.6817,516932.0,83.5,1371.02,1551.0,0.285,1694.6,6315.0,4.292,1.108,14.187
K07516.01,FALSE POSITIVE,43.204596783,15.0402,202488.0,43.15,17.15,519.0,0.399,4750.2,6003.0,4.507,0.932,14.291
K01957.02,FALSE POSITIVE,1.75147897,7.89,76.7,1.8,7086.5,2340.0,0.008,68.2,6823.0,4.04,2.037,12.655
K02050.02,CANDIDATE,3.17796408,0.542,47.7,0.74,270.25,1034.0,0.901,6.0,5061.0,4.488,0.841,12.218
K02103.02,CANDIDATE,3.66520844,3.308,65.8,0.82,439.57,1168.0,0.045,10.3,5579.0,4.389,1.029,14.736
K02199.02,CANDIDATE,3.05293416,2.155,227.5,1.18,284.82,1047.0,0.328,10.1,5311.0,4.588,0.788,15.901
K02232.02,CANDIDATE,12.834857,2.092,293.9,1.73,76.96,755.0,0.278,9.4,5492.0,4.389,1.016,15.331
K02321.02,CANDIDATE,36.2530992,4.73,152.1,1.43,27.17,582.0,0.721,8.3,6002.0,4.424,1.081,14.71
K02421.02,CANDIDATE,4.02321842,2.162,81.2,0.48,73.5,747.0,0.396,9.8,4671.0,4.721,0.528,14.363
K02439.02,CANDIDATE,7.5017934,4.271,134.8,1.32,283.25,1046.0,0.286,9.8,6321.0,4.417,1.125,15.438
K02449.02,CANDIDATE,0.912351255,1.072,111.8,1.46,2705.58,1840.0,0.956,9.1,5481.0,4.369,1.036,15.114
K06329.01,CANDIDATE,12.4701111,3.616,89.7,2.06,313.87,1074.0,0.569,9.3,5623.0,3.877,2.109,14.024
K06330.01,FALSE POSITIVE,3.495457889,6.9796,114625.0,84.49,4186.71,2051.0,0.965,724.0,8529.0,4.249,1.558,13.444
K06331.01,CANDIDATE,5.8229815,2.8,281.6,1.36,165.12,914.0,0.395,8.1,5704.0,4.575,0.804,15.902
K06332.01,FALSE POSITIVE,4.01668015,2.2828,38007.0,22.11,252.13,1016.0,0.911,87.9,5448.0,4.497,0.794,15.371
K06333.01,FALSE POSITIVE,1.89134156,5.891,68.4,0.99,1856.23,1673.0,0.739,10.3,6387.0,4.41,1.105,15.343
K06334.01,FALSE POSITIVE,2.881100027,9.43866,662832.0,446.29,17809.19,2946.0,0.829,3316.5,8104.0,3.675,3.369,13.636
K06335.01,FALSE POSITIVE,0.806277023,7.275,70.8,0.89,4119.09,2046.0,0.697,37.9,6122.0,4.471,0.996,13.614
K06336.01,FALSE POSITIVE,0.513482156,2.732,91.6,0.83,4335.56,2072.0,0.004,12.6,5495.0,4.495,0.882,15.63
K06464.02,FALSE POSITIVE,225.66716,16.6,342.9,1.94,2.82,331.0,0.3037,11.7,6363.0,4.444,1.035,13.718
K06465.01,FALSE POSITIVE,4.24748886,3.053,121.0,1.01,319.94,1079.0,0.242,10.0,5807.0,4.524,0.922,15.146
K06466.01,FALSE POSITIVE,1.000012952,1.221,36.0,2.12,15781.19,2858.0,0.097,11.9,5176.0,3.534,3.605,11.942
K06467.01,FALSE POSITIVE,0.878803439,2.74503,410723.0,51.97,775.9,1347.0,0.467,524.8,4524.0,4.566,0.737,15.929
K06468.01,FALSE POSITIVE,1.560158562,3.4248,240156.0,45.91,530.79,1223.0,0.712,459.9,4926.0,4.548,0.749,13.871
K06469.01,FALSE POSITIVE,34.188302705,3.01179,118440.0,74.5,44.91,660.0,0.957,2594.9,5757.0,4.134,1.345,12.869
K06470.01,FALSE POSITIVE,8.65303996,1.091,497.0,1.88,80.51,764.0,0.369,14.7,5301.0,4.528,0.84,15.639
K06471.01,FALSE POSITIVE,8.65311903,1.273,206.8,0.85,13.95,493.0,0.701,8.9,3929.0,4.705,0.55,15.109
K06584.01,FALSE POSITIVE,12.4253812,19.781,115.3,1.14,108.46,823.0,0.1583,26.8,5925.0,4.412,1.066,13.854
K06585.01,FALSE POSITIVE,12.42555999,28.083,2964.8,4.72,30.49,599.0,0.9066,122.0,4922.0,4.576,0.704,15.902
K06586.01,FALSE POSITIVE,12.4257442,29.122,936.0,8.43,1369.63,1551.0,0.963,49.6,8691.0,4.072,2.193,12.625
K06587.01,FALSE POSITIVE,12.4254241,24.98,378.9,2.17,76.9,755.0,0.938,36.0,5853.0,4.529,0.895,15.71
K06588.01,FALSE POSITIVE,2.991884392,7.5583,123880.0,40.11,1154.88,1486.0,0.496,1280.3,6596.0,4.4,1.094,13.28
K06589.01,FALSE POSITIVE,1.795273026,7.3232,125416.0,55.26,1714.88,1642.0,0.935,877.8,6363.0,4.456,1.012,14.889
K06590.01,FALSE POSITIVE,0.755109271,2.619,23.2,0.47,3494.52,1961.0,0.4041,12.9,5606.0,4.39,0.962,13.292
K06591.01,FALSE POSITIVE,0.755101141,3.371,76.7,0.19,50.92,680.0,0.523,13.4,3256.0,5.071,0.207,15.237
K06719.01,FALSE POSITIVE,1.75251585,3.489,125.9,1.02,1035.27,1447.0,0.738,14.2,5952.0,4.554,0.844,13.978
K06720.01,FALSE POSITIVE,1.752450163,3.0255,55.5,0.79,1372.36,1552.0,0.728,3.4,5779.0,4.364,0.99,13.294
K06721.01,FALSE POSITIVE,8.27923132,2.355,164.9,1.08,104.49,815.0,0.187,10.9,5631.0,4.557,0.847,15.197
K06722.01,FALSE POSITIVE,2.212877035,4.66961,376200.0,69.18,1221.98,1507.0,0.518,2731.0,6153.0,4.405,1.0,14.28
K06723.01,FALSE POSITIVE,0.845097627,1.873,86.5,0.78,1496.92,1584.0,0.717,10.7,5252.0,4.593,0.783,15.685
K06724.01,FALSE POSITIVE,17.445640466,6.08966,334158.0,63.46,51.15,682.0,0.588,4093.9,5759.0,4.481,0.945,11.23
K06725.01,FALSE POSITIVE,14.313157391,8.90236,21566.9,34.98,404.48,1144.0,0.004,4262.9,5750.0,3.703,2.379,13.254
K06726.01,FALSE POSITIVE,0.676990194,1.69459,20505.9,37.5,3192.15,1919.0,1.223,997.0,5813.0,4.568,0.816,15.553
K06727.01,FALSE POSITIVE,0.515875396,1.21,1773.0,7.22,24441.1,3189.0,0.95,9.1,7229.0,4.278,1.38,13.591
K06853.01,FALSE POSITIVE,2.83401711,5.938,84.2,0.93,859.57,1381.0,0.2794,11.5,6247.0,4.458,1.002,15.036
K06854.01,FALSE POSITIVE,0.566803996,3.399,141.6,0.64,786.1,1350.0,0.123,23.4,4373.0,4.722,0.544,15.989
K06855.01,FALSE POSITIVE,0.56681118,2.06,,,,,,,,,,11.58
K06856.01,FALSE POSITIVE,0.566799927,4.71,145.1,0.77,1738.27,1649.0,0.188,28.9,5092.0,4.671,0.645,15.888
K06857.01,FALSE POSITIVE,0.566786121,3.404,81.8,0.79,3678.65,1984.0,0.591,14.0,5603.0,4.556,0.846,15.768
K06858.01,FALSE POSITIVE,0.56679797,4.503,72.6,0.65,2467.38,1799.0,0.176,14.0,5230.0,4.594,0.777,15.877
K06859.01,FALSE POSITIVE,0.566802891,1.861,49.2,1.29,22107.66,3111.0,0.628,14.4,6487.0,4.08,1.748,12.982
K06860.01,CANDIDATE,0.576732089,1.856,35.4,0.43,1316.33,1537.0,0.518,9.1,4524.0,4.576,0.717,13.291
K06984.01,FALSE POSITIVE,1.01884975,3.233,30.9,0.47,2238.64,1754.0,0.2737,14.8,6068.0,4.568,0.829,13.948
K06985.01,CANDIDATE,10.9279755,2.486,71.5,0.81,114.42,834.0,0.0956,7.3,6045.0,4.494,0.955,14.347
K06986.01,FALSE POSITIVE,32.440339204,4.50984,287602.0,44.56,9.52,448.0,0.645,2177.0,5081.0,4.578,0.696,15.854
K06987.01,FALSE POSITIVE,0.552141897,4.985,105.6,10.04,5602.43,2206.0,1.091,42.8,5952.0,4.486,0.904,13.866
K06988.01,FALSE POSITIVE,2.62387291,4.61248,232468.0,74.23,2430.91,1790.0,0.49,2607.6,6728.0,4.206,1.46,13.7
K06989.01,FALSE POSITIVE,0.75509861,2.6423,60334.0,60.74,7285.15,2359.0,1.091,385.4,6038.0,4.206,1.213,13.441
K06990.01,FALSE POSITIVE,3.671661096,4.29947,129243.0,105.82,3539.43,1967.0,0.923,3152.6,7343.0,4.02,1.94,12.814
K06991.01,FALSE POSITIVE,22.673145675,6.6324,65410.8,30.92,51.67,684.0,0.605,912.0,5619.0,4.269,1.153,14.274
K07119.01,FALSE POSITIVE,0.50948306,3.14,74.6,1.22,19778.63,3024.0,0.3535,8.0,6344.0,4.091,1.39,13.545
K07120.01,FALSE POSITIVE,17.329965871,8.43812,252721.0,42.58,21.34,548.0,0.705,1938.7,5079.0,4.588,0.683,15.2
K07121.01,FALSE POSITIVE,1.890227354,3.855,112262.0,42.05,551.66,1236.0,0.957,252.0,5356.0,4.589,0.78,15.569
K07122.01,FALSE POSITIVE,1.387206724,3.82527,151432.0,103.41,11126.98,2619.0,0.856,1752.6,7207.0,4.06,1.894,11.658
K07123.01,FALSE POSITIVE,1.38718209,2.595,45.5,0.68,2011.41,1707.0,0.28,7.2,6122.0,4.471,0.996,14.718
K07124.01,FALSE POSITIVE,35.026564845,2.90121,120249.0,34.88,13.56,489.0,0.777,1607.2,5546.0,4.575,0.81,15.496
K07125.01,CANDIDATE,7.918267,3.478,83.7,0.93,195.36,953.0,0.219,8.4,5966.0,4.418,1.016,14.758
K07126.01,FALSE POSITIVE,3.138580493,4.16343,233337.0,59.24,635.61,1281.0,0.619,2387.8,5593.0,4.311,1.083,13.63
K07250.01,FALSE POSITIVE,9.26147679,1.77,,,,,,,,,,14.874
K07251.01,FALSE POSITIVE,581.0723,15.81,1364.2,161858.0,39.36,639.0,88.7243,15.9,5026.0,2.504,16.891,12.282
K07252.01,CANDIDATE,10.2170589,2.259,121.3,1.17,176.34,929.0,0.132,7.9,6211.0,4.384,1.054,14.455
K07253.01,FALSE POSITIVE,3.50474265,8.2852,88625.0,200.24,12355.55,2689.0,1.049,977.2,7624.0,3.622,3.682,10.862
K07254.01,FALSE POSITIVE,2.14344093,3.9741,133317.0,28.69,269.48,1033.0,0.686,645.9,4817.0,4.624,0.7,14.945
K07255.01,CANDIDATE,86.95432088,12.11,,,,,,,,,,14.248
K07256.01,FALSE POSITIVE,9.058487716,4.14334,127971.0,20.51,21.15,547.0,0.213,2098.9,4340.0,4.671,0.573,15.507
K07257.01,FALSE POSITIVE,2.856085147,4.5776,173843.0,88.52,2164.0,1739.0,0.841,422.1,6604.0,4.178,1.526,14.045
K07384.01,FALSE POSITIVE,0.876941133,1.296,73.5,0.85,3332.14,1938.0,0.386,12.3,6018.0,4.485,0.975,14.978
K07385.01,FALSE POSITIVE,39.238141571,6.07183,439208.0,90.93,43.69,656.0,0.459,969.3,6599.0,4.35,1.234,12.153
K07386.01,FALSE POSITIVE,53.7406575,47.2475,116722.0,25.44,5.93,398.0,0.386,3568.1,5288.0,4.577,0.737,13.756
K07387.01,FALSE POSITIVE,7.436016459,4.16284,106527.0,31.39,207.61,968.0,0.433,742.1,6214.0,4.501,0.933,14.546
K07388.01,FALSE POSITIVE,0.750737313,1.712,38.8,0.48,1558.69,1603.0,0.463,13.4,5151.0,4.602,0.761,12.306
K07389.01,CANDIDATE,27.5837778,1.516,202.5,11.03,739.57,1330.0,0.0221,8.5,5092.0,2.945,7.913,12.148
K07390.01,FALSE POSITIVE,14.361021578,13.2895,459877.0,45.9,29.44,594.0,0.003,2599.0,5229.0,4.607,0.668,14.419
K07391.01,FALSE POSITIVE,2.570431263,5.49699,76826.0,50.18,936.9,1411.0,1.054,822.9,6244.0,4.473,0.971,13.43
K07392.01,FALSE POSITIVE,6.64024496,6.03491,224329.0,74.4,364.44,1114.0,0.756,2941.0,6085.0,4.293,1.215,13.881
K07517.01,FALSE POSITIVE,14.844240386,6.83577,83412.4,28.97,101.98,810.0,0.275,4542.8,6161.0,4.367,0.988,14.415
K07518.01,FALSE POSITIVE,4.42158021,10.4532,61032.0,188.89,10243.23,2565.0,1.146,370.6,8026.0,3.65,3.461,11.425
K07519.01,FALSE POSITIVE,25.321698729,4.45367,119590.0,56.62,43.39,655.0,0.954,673.3,6109.0,4.455,1.029,15.128
K07520.01,CANDIDATE,3.14735789,3.643,51.8,3.45,5635.4,2209.0,0.03,9.3,5189.0,3.352,4.93,14.386
K07521.01,FALSE POSITIVE,37.878483588,10.5972,222232.0,46.42,15.19,503.0,0.763,1157.6,5985.0,4.603,0.758,13.265
K07522.01,FALSE POSITIVE,10.116144515,2.70314,58143.5,17.21,21.56,549.0,0.879,1144.8,4717.0,4.737,0.519,15.52
K07523.01,FALSE POSITIVE,0.684496369,2.263,28.4,1.12,17099.5,2913.0,0.501,16.3,5800.0,3.866,2.053,13.181
K07524.01,FALSE POSITIVE,1.953285321,1.67598,1520.3,151.56,17363.68,2927.0,1.312,237.7,6450.0,3.501,3.928,13.077
K07898.01,FALSE POSITIVE,1.012174295,4.6617,323029.0,114.4,13215.77,2737.0,0.596,596.0,6987.0,4.096,1.716,14.712
K02523.02,CANDIDATE,2.61090223,1.976,222.5,1.8,724.16,1323.0,0.813,10.7,5514.0,4.345,1.071,15.829
K02564.02,CANDIDATE,17.6637979,6.194,67.9,2.98,455.65,1178.0,0.695,9.7,5734.0,3.591,3.405,14.074
K02623.02,CANDIDATE,4.02664625,3.771,30.0,0.68,715.51,1318.0,0.094,8.9,6187.0,4.341,1.238,13.383
K02636.02,CANDIDATE,5.1777226,8.275,41.7,0.63,287.44,1050.0,0.025,6.1,5854.0,4.469,0.979,12.32
K00283.03,CANDIDATE,9.48814747,1.163,47.9,0.73,126.75,856.0,0.5693,11.1,5680.0,4.414,1.016,11.525
K02756.02,CANDIDATE,5.06993245,3.241,93.6,0.92,291.11,1053.0,0.3584,11.6,5957.0,4.506,0.937,14.758
K02896.02,FALSE POSITIVE,346.36642,14.94,148.2,1.57,2.3,314.0,0.45,14.3,6327.0,4.276,1.259,11.899
K02918.02,FALSE POSITIVE,0.51554111,0.87,,,,,,,,,,15.786
K06337.01,FALSE POSITIVE,0.892061734,2.24307,75590.0,46.75,2090.54,1724.0,1.079,398.1,5561.0,4.512,0.855,13.815
K06338.01,FALSE POSITIVE,3.471399214,5.07707,92284.9,89.62,1390.76,1558.0,1.014,3230.4,6026.0,4.101,1.689,12.161
K06339.01,FALSE POSITIVE,4.176929219,5.2003,70355.0,31.35,183.08,938.0,0.984,187.0,5462.0,4.628,0.708,15.22
K06340.01,FALSE POSITIVE,6.3762199,2.24,,,168.45,,,,,,,15.822
K06341.01,CANDIDATE,9.78184193,2.3,,,,,,,,,,15.198
K06342.01,CANDIDATE,8.1770751,4.608,44.3,0.83,365.09,1115.0,0.456,10.6,6501.0,4.281,1.209,12.419
K06343.01,CANDIDATE,569.45051,9.63,425.4,1.96,0.61,225.0,0.001,8.2,6117.0,4.496,0.947,14.542
K06344.01,FALSE POSITIVE,0.823014905,3.5426,850.5,22.17,1136.75,1482.0,1.247,130.5,4975.0,4.614,0.724,14.221
K06472.01,FALSE POSITIVE,0.796815149,1.0727,55.9,10.23,212663.45,5480.0,0.524,4.8,4897.0,2.464,13.499,11.971
K06473.01,FALSE POSITIVE,26.951237675,8.27486,86749.2,146.33,324.38,1082.0,1.04,1451.7,6675.0,3.748,2.747,11.957
K06474.01,FALSE POSITIVE,18.11208877,6.7828,116633.0,96.62,307.27,1068.0,0.982,217.7,7323.0,4.167,1.722,13.627
K06475.01,CANDIDATE,4.84505985,2.078,298.4,1.54,64.57,723.0,0.903,10.7,4337.0,4.581,0.714,13.731
K06476.01,FALSE POSITIVE,4.408295716,3.62479,37964.0,35.68,186.23,942.0,1.159,386.1,5496.0,4.607,0.743,14.984
K06477.01,FALSE POSITIVE,8.665259912,3.1088,1840.6,82.42,852.84,1378.0,1.269,181.4,6071.0,3.796,2.389,13.852
K06478.01,FALSE POSITIVE,4.726086185,4.39793,181820.0,41.38,267.96,1032.0,0.651,1564.3,5873.0,4.547,0.863,15.181
K06479.01,FALSE POSITIVE,8.643550046,3.1273,67298.6,38.21,87.16,779.0,1.076,849.3,5679.0,4.605,0.747,15.414
K07880.01,CANDIDATE,623.70774,6.688,250.9,1.81,1.05,258.0,0.003,10.2,6626.0,4.347,1.132,13.379
K06592.01,FALSE POSITIVE,1.51945182,2.95,13.7,0.5,3080.82,1901.0,0.599,9.6,6168.0,4.25,1.307,12.585
K06593.01,FALSE POSITIVE,0.759755409,2.734,70.0,0.91,4773.08,2121.0,0.455,15.9,6090.0,4.447,1.071,15.259
K06594.01,FALSE POSITIVE,5.082523739,5.04732,276277.0,61.88,606.33,1266.0,0.269,5286.2,6507.0,4.343,1.145,13.508
K06595.01,FALSE POSITIVE,1.02547271,1.996,27.0,0.94,11800.82,2657.0,0.651,10.9,6862.0,4.114,1.712,12.407
K06596.01,FALSE POSITIVE,1.025465924,3.71841,152685.0,106.84,12744.17,2710.0,0.88,1120.8,6700.0,4.041,1.883,13.821
K06597.01,FALSE POSITIVE,74.985292949,6.23451,105346.0,49.22,7.69,425.0,0.987,1754.8,5955.0,4.52,0.91,14.851
K06598.01,CANDIDATE,10.95210361,1.5,,,,,,,,,,11.969
K06599.01,FALSE POSITIVE,25.762056721,14.8694,447716.0,74.87,31.48,604.0,0.445,3469.5,5539.0,4.393,1.027,14.231
K06600.01,CANDIDATE,2.70581614,6.56,46.9,0.69,799.75,1356.0,0.6199,41.8,5992.0,4.42,0.961,10.715
K06728.01,FALSE POSITIVE,1.195516859,6.17216,513813.0,75.54,2045.19,1715.0,0.327,1153.4,5780.0,4.438,1.0,13.908
K06729.01,FALSE POSITIVE,1.995728294,6.43532,251876.0,45.2,928.82,1409.0,0.465,1496.5,5807.0,4.455,0.861,13.748
K06730.01,FALSE POSITIVE,10.768391927,12.5252,107382.0,52.8,209.25,970.0,0.001,2085.7,5226.0,3.97,1.643,12.88
K06731.01,CANDIDATE,3.84615171,2.24,137.1,1.14,487.47,1199.0,0.153,9.3,6106.0,4.487,0.966,15.256
K06732.01,FALSE POSITIVE,0.733724504,2.208,45.9,0.96,10830.96,2601.0,0.257,21.4,6175.0,4.099,1.405,13.436
K06733.01,CANDIDATE,1.28940823,3.652,32.1,2.48,22119.66,3112.0,0.628,10.3,5826.0,3.465,4.189,13.897
K06734.01,CANDIDATE,498.27269,8.92,534.0,2.12,0.5,214.0,0.0481,6.6,5618.0,4.514,0.932,15.477
K06735.01,FALSE POSITIVE,5.08840787,4.77204,386682.0,55.3,181.75,937.0,0.513,3095.0,5618.0,4.583,0.791,15.353
K06736.01,FALSE POSITIVE,18.527824075,5.88678,76231.1,64.66,322.19,1080.0,0.171,5547.2,6154.0,3.793,2.321,12.893
K06861.01,FALSE POSITIVE,12.155241119,6.84353,85531.5,34.62,91.2,788.0,0.825,1767.8,5761.0,4.413,0.932,13.964
K06862.01,CANDIDATE,11.0495766,2.13,102.8,0.83,70.24,738.0,0.218,5.7,5533.0,4.505,0.819,14.804
K06863.01,CONFIRMED,4.48559215,0.8161,2265.0,0.95,4.2,365.0,0.442,15.0,3236.0,5.097,0.193,15.737
K06864.01,FALSE POSITIVE,0.566789763,4.008,25.4,0.4,3662.84,1984.0,0.6376,15.4,5799.0,4.6,0.758,13.767
K06865.01,FALSE POSITIVE,0.566811926,4.181,82.6,0.91,6584.06,2293.0,0.681,22.5,6165.0,4.474,0.942,15.444
K06866.01,FALSE POSITIVE,2.525386934,3.71613,124878.0,67.24,1982.55,1701.0,0.934,1003.0,6826.0,4.337,1.233,14.34
K06867.01,FALSE POSITIVE,0.566801506,1.738,29.5,0.62,10156.53,2557.0,0.369,19.2,6398.0,4.358,1.111,11.656
K06868.01,FALSE POSITIVE,0.566803738,1.8481,100.6,1.13,8516.13,2450.0,0.6755,33.1,6300.0,4.404,1.057,14.313
K06992.01,FALSE POSITIVE,1.69421771,4.161,91.1,0.74,621.89,1274.0,0.734,15.0,5402.0,4.591,0.717,15.041
K06993.01,CANDIDATE,13.8086331,3.613,207.1,1.09,44.5,659.0,0.029,9.0,5515.0,4.568,0.761,15.567
K06994.01,CANDIDATE,4.25907841,4.513,28.1,0.7,583.12,1253.0,0.362,11.5,5560.0,4.173,1.316,12.832
K06995.01,FALSE POSITIVE,2.739477089,3.18229,32096.1,50.48,1120.19,1475.0,1.189,593.6,6469.0,4.431,1.056,13.636
K06996.01,FALSE POSITIVE,1.307761491,2.22271,13941.0,29.17,671.75,1298.0,1.237,531.5,5112.0,4.596,0.673,14.932
K06997.01,FALSE POSITIVE,4.028671454,8.12253,113967.0,52.42,1169.87,1492.0,0.294,2152.8,6327.0,4.168,1.528,13.775
K06998.01,FALSE POSITIVE,2.30118753,7.8216,87537.0,140.23,14194.09,2783.0,1.033,404.8,7970.0,3.871,2.652,13.489
K06999.01,FALSE POSITIVE,0.449249224,4.7565,419437.0,95.83,17801.78,2941.0,0.494,1194.9,6338.0,4.239,1.299,15.282
K07127.01,FALSE POSITIVE,0.687004402,3.829,93.7,2.89,36888.8,3535.0,0.689,45.0,6240.0,3.684,2.803,13.316
K07128.01,FALSE POSITIVE,0.91839938,4.479,152.1,1.0,1389.28,1558.0,0.519,16.8,5222.0,4.556,0.795,15.908
K07129.01,CANDIDATE,64.1983721,0.934,248.2,1.74,15.49,506.0,0.347,6.8,6088.0,4.329,1.077,13.839
K07130.01,FALSE POSITIVE,0.94356284,5.721,13.4,0.76,23945.42,3176.0,0.569,16.0,7693.0,4.083,1.984,12.749
K07131.01,FALSE POSITIVE,2.243569483,4.14769,66328.2,21.11,817.05,1364.0,0.381,1107.7,6081.0,4.526,0.801,14.965
K07132.01,FALSE POSITIVE,8.258181993,3.9122,311858.0,58.19,101.33,809.0,0.61,2981.6,5306.0,4.445,0.888,13.448
K07133.01,CANDIDATE,82.78482,7.52,190.4,2.16,14.88,501.0,0.682,8.4,5749.0,4.123,1.48,14.909
K07134.01,FALSE POSITIVE,1.81139053,8.64,77.5,14.47,1092.69,1466.0,1.137,12.5,5941.0,4.519,0.911,15.372
K07258.01,CANDIDATE,2.4376438,1.587,27.1,0.79,1909.13,1686.0,0.112,8.8,5927.0,4.117,1.53,12.66
K07259.01,CANDIDATE,0.721522907,1.4521,22528.0,11.04,1115.99,1475.0,0.831,815.3,4893.0,4.634,0.625,15.069
K07260.01,FALSE POSITIVE,7.09520543,3.69044,232683.0,50.23,103.28,813.0,0.778,1959.2,5481.0,4.592,0.778,15.137
K07261.01,FALSE POSITIVE,0.651731691,2.4602,20524.2,71.9,10815.86,2604.0,1.255,347.5,5791.0,4.052,1.472,13.879
K07262.01,FALSE POSITIVE,0.50818743,3.433,54.9,1.26,27312.92,3274.0,0.779,29.1,7141.0,4.243,1.56,13.313
K07263.01,FALSE POSITIVE,2.73398963,1.52,,,25373.9,,,,,,,11.727
K07264.01,CANDIDATE,19.1644498,3.553,63.8,1.83,225.26,988.0,0.525,8.9,5877.0,3.86,2.234,13.314
K07265.01,FALSE POSITIVE,40.069674617,9.3564,41865.1,27.38,28.2,588.0,0.767,1304.8,5911.0,4.321,1.207,14.458
K07893.01,FALSE POSITIVE,55.884827,2.283,497.6,2.11,8.7,438.0,0.752,7.7,5668.0,4.545,0.868,15.873
K07393.01,FALSE POSITIVE,3.75938475,1.188,133.1,3.1,1868.97,1677.0,0.505,11.3,4976.0,3.534,2.638,12.917
K07394.01,FALSE POSITIVE,10.6840477,3.515,81901.0,26.43,9.21,444.0,1.012,395.3,3887.0,4.743,0.523,15.774
K07395.01,FALSE POSITIVE,2.00280845,1.22,,,15763.18,,,,,,,11.696
K07396.01,FALSE POSITIVE,10.67459836,3.82706,16676.0,68.58,325.55,1083.0,1.255,1845.6,6496.0,4.212,1.485,10.81
K07397.01,FALSE POSITIVE,2.305097141,1.9378,5880.0,89.22,13581.41,2753.0,1.286,133.4,8851.0,4.085,2.178,13.866
K07398.01,FALSE POSITIVE,0.974477904,2.69834,8846.9,618.37,172916.96,5205.0,1.252,801.7,5210.0,2.631,15.004,10.282
K07399.01,FALSE POSITIVE,18.525917446,5.9056,455661.0,64.42,34.58,618.0,0.415,2246.9,5492.0,4.533,0.887,15.124
K07400.01,CANDIDATE,4.15736472,2.217,200.7,1.09,178.03,931.0,0.226,11.2,5183.0,4.558,0.782,15.517
K07525.01,FALSE POSITIVE,0.502454299,2.31547,37454.3,43.95,7025.25,2336.0,1.17,873.6,6134.0,4.498,0.901,13.532
K07526.01,FALSE POSITIVE,27.308150159,4.43906,388005.0,47.06,17.75,523.0,0.167,820.9,5541.0,4.574,0.739,15.529
K07527.01,FALSE POSITIVE,1.262742487,1.7433,15911.0,134.45,9925.41,2548.0,1.213,60.8,5273.0,3.621,3.15,13.573
K07528.01,FALSE POSITIVE,0.59586463,1.5,,,931.51,,,,,,,14.343
K07529.01,FALSE POSITIVE,1.222127938,2.2613,2486.5,30.32,1107.41,1470.0,1.258,200.9,5157.0,4.465,0.87,14.73
K07530.01,FALSE POSITIVE,8.627475562,4.65505,36784.3,188.55,1031.92,1446.0,1.141,1157.5,5146.0,3.475,4.063,13.835
K07531.01,FALSE POSITIVE,0.589753355,0.606,216.0,1.03,2262.14,1760.0,0.318,12.4,5414.0,4.648,0.678,15.832
K07532.01,FALSE POSITIVE,2.751566365,5.2403,72609.0,42.98,445.35,1171.0,1.041,180.0,5461.0,4.497,0.861,15.311
K07533.01,FALSE POSITIVE,0.760935268,2.77023,370600.0,35.68,640.66,1285.0,0.527,1289.0,4675.0,4.74,0.511,12.402
K03019.02,CANDIDATE,2.012094,2.157,74.8,0.99,1274.27,1523.0,0.066,9.1,5633.0,4.296,1.162,14.927
K03051.02,FALSE POSITIVE,1.33258772,5.187,70.8,1.13,2625.26,1825.0,0.634,16.0,5576.0,4.201,1.289,15.276
K03053.02,CANDIDATE,9.4767057,3.893,230.5,1.38,118.13,841.0,0.003,8.6,5911.0,4.519,0.914,15.761
K03068.02,CANDIDATE,6.65171459,2.325,151.5,0.84,61.01,713.0,0.408,10.0,4889.0,4.637,0.686,14.976
K03344.03,CANDIDATE,208.54335,9.851,614.6,2.84,2.52,321.0,0.001,10.4,5533.0,4.275,1.166,15.254
K03348.02,CANDIDATE,17.7189786,4.102,176.8,1.44,61.01,713.0,0.05,9.7,5566.0,4.329,1.099,15.246
K03395.02,CANDIDATE,5.0395851,4.556,70.1,0.78,306.35,1067.0,0.1968,9.6,5912.0,4.453,0.924,14.634
K03425.03,CANDIDATE,7.64370363,2.738,70.9,1.85,748.7,1334.0,0.785,13.2,6120.0,3.934,2.0,13.266
K06345.01,FALSE POSITIVE,1.353414369,13.416,610.2,216.31,40561.5,3617.0,1.202,100.8,4850.0,2.865,8.586,12.318
K06346.01,FALSE POSITIVE,2.9590637,28.81,23.6,0.65,1415.74,1564.0,0.2957,6.4,6192.0,4.195,1.322,12.913
K06347.01,FALSE POSITIVE,1.806631432,1.102,217.5,1.05,297.98,1059.0,0.536,10.4,4606.0,4.591,0.699,15.278
K06348.01,FALSE POSITIVE,15.066491533,6.2852,106051.0,88.56,177.96,932.0,0.988,893.0,5751.0,4.028,1.626,14.213
K06349.01,FALSE POSITIVE,1.831829703,7.289,40509.0,49.38,4410.65,2078.0,0.788,140.4,5269.0,3.667,2.183,13.061
K06350.01,FALSE POSITIVE,0.738527259,1.2174,422.9,49.08,18549.81,2978.0,1.171,104.1,5869.0,3.825,2.313,12.997
K06351.01,FALSE POSITIVE,0.89627093,2.2033,66994.0,43.47,2129.33,1733.0,1.062,152.9,5551.0,4.493,0.861,15.261
K06352.01,CANDIDATE,5.11683678,3.119,161.4,1.16,275.15,1039.0,0.286,9.2,5955.0,4.52,0.91,15.221
K06480.01,FALSE POSITIVE,1.06100327,1.675,95.9,0.94,2443.69,1793.0,0.0834,9.7,5966.0,4.493,0.961,15.14
K06481.01,FALSE POSITIVE,0.922030594,4.367,13859.0,49.63,5474.27,2194.0,1.242,331.7,6484.0,4.386,1.153,14.351
K06482.01,FALSE POSITIVE,611.09299,15.22,270.0,1.53,0.51,215.0,0.2171,12.2,6032.0,4.508,0.929,13.604
K06483.01,FALSE POSITIVE,24.714790706,5.06776,208732.0,112.24,155.67,901.0,0.781,5148.8,6300.0,3.982,1.862,12.526
K06484.01,CANDIDATE,16.1191449,3.039,262.2,1.34,34.7,619.0,0.6704,8.2,5319.0,4.514,0.783,15.696
K06485.01,FALSE POSITIVE,3.6329347,2.3,,,10830.2,,,,,,,13.758
K06486.01,FALSE POSITIVE,1.161947482,4.46886,129896.0,68.69,5300.4,2174.0,0.815,2435.4,6225.0,4.204,1.457,13.14
K06487.01,FALSE POSITIVE,0.607191908,1.30166,17368.7,12.44,2251.28,1759.0,0.917,961.9,5370.0,4.598,0.671,15.428
K07881.01,FALSE POSITIVE,2.2502073,2.203,260.1,19.94,41377.92,3637.0,0.268,7.8,4507.0,2.391,12.787,11.946
K06601.01,CANDIDATE,17.9925973,2.762,198.5,1.62,73.97,748.0,0.678,8.7,5931.0,4.351,1.087,14.604
K06602.01,FALSE POSITIVE,0.648775795,4.34648,108824.0,41.58,2038.54,1714.0,0.961,6873.9,5143.0,4.559,0.776,10.201
K06603.01,FALSE POSITIVE,4.132521615,12.4949,156249.0,93.1,1660.29,1628.0,0.877,440.0,6567.0,4.045,1.636,13.894
K06604.01,FALSE POSITIVE,410.88527,24.1,2059.6,200346.0,84.63,774.0,100.196,21.5,5015.0,2.34,18.489,12.962
K06605.01,CANDIDATE,74.371666,12.59,102.8,2.39,81.88,767.0,0.6894,12.1,6865.0,3.742,2.211,11.319
K06606.01,FALSE POSITIVE,0.938905082,5.00453,358893.0,205.64,79148.54,4281.0,0.54,2584.7,8615.0,3.784,3.003,13.613
K06607.01,FALSE POSITIVE,0.93891532,2.134,39.1,1.13,11944.88,2667.0,0.069,8.2,6534.0,4.074,1.797,13.91
K06608.01,FALSE POSITIVE,16.294213708,6.01687,174006.0,68.05,176.22,929.0,0.612,7486.2,6237.0,4.145,1.508,14.203
K06609.01,FALSE POSITIVE,11.02520205,12.8097,429759.0,164.02,663.18,1294.0,0.439,2585.5,6047.0,3.724,2.3,12.113
K06737.01,FALSE POSITIVE,10.819169459,5.50262,437142.0,67.76,123.51,850.0,0.275,5258.2,5955.0,4.429,0.991,14.342
K06738.01,FALSE POSITIVE,2.680514453,3.21178,195748.0,48.86,989.89,1431.0,0.359,665.5,6038.0,4.356,1.076,14.746
K06739.01,CANDIDATE,19.164111,2.773,215.9,1.11,17.12,519.0,0.805,8.1,5103.0,4.65,0.674,15.455
K06740.01,FALSE POSITIVE,1.053573674,1.70116,3063.0,299.87,81969.77,4319.0,1.308,445.3,5838.0,3.038,7.385,12.97
K06741.01,FALSE POSITIVE,0.970085646,1.129,153.0,18.65,162048.58,5119.0,0.035,9.8,4555.0,2.346,15.63,12.026
K06742.01,FALSE POSITIVE,63.52017525,17.1759,32548.4,77.1,72.92,745.0,0.375,1708.1,4938.0,3.388,4.33,14.985
K06743.01,FALSE POSITIVE,11.300987626,10.5199,325703.0,97.12,254.84,1019.0,0.606,5027.8,6143.0,4.165,1.448,13.203
K06744.01,FALSE POSITIVE,0.92098747,2.04,,,27890.55,,,,,,,10.206
K06869.01,FALSE POSITIVE,2.182515126,6.8413,114931.0,128.15,12627.67,2703.0,0.968,861.6,8051.0,3.966,2.347,13.419
K06870.01,FALSE POSITIVE,2.659418888,6.98414,305233.0,61.52,789.69,1352.0,0.634,5776.1,6156.0,4.5,0.932,14.905
K06871.01,FALSE POSITIVE,2.31610674,3.347,33.6,0.7,1393.98,1559.0,0.404,13.0,6025.0,4.3,1.193,13.608
K06872.01,CANDIDATE,13.5164708,2.628,140.1,0.88,40.81,645.0,0.1593,7.1,5442.0,4.6,0.747,15.087
K06873.01,FALSE POSITIVE,0.948683571,1.676,150.9,1.12,1815.32,1665.0,0.691,13.8,5576.0,4.556,0.852,15.8
K06874.01,FALSE POSITIVE,1.65546056,3.52,125.1,0.9,743.75,1331.0,0.109,12.4,5438.0,4.574,0.82,15.876
K06875.01,FALSE POSITIVE,1.655472351,5.09197,174198.0,125.25,9914.08,2546.0,0.836,823.8,6725.0,3.86,2.171,11.471
K06876.01,FALSE POSITIVE,4.50279037,6.72,,,1017.15,,,,,,,11.606
K07000.01,FALSE POSITIVE,1.759276227,3.19585,32091.2,40.79,2828.82,1861.0,1.026,2857.7,6656.0,4.351,1.232,12.984
K07001.01,FALSE POSITIVE,1.09206792,1.646,105.9,0.74,715.46,1320.0,0.378,7.7,4856.0,4.609,0.728,15.924
K07002.01,CANDIDATE,4.83014159,0.957,192.0,1.3,275.02,1039.0,0.034,11.7,5693.0,4.467,0.939,14.991
K07003.01,CANDIDATE,2.41194057,1.787,67.3,1.35,1771.98,1654.0,0.579,10.6,5598.0,4.045,1.594,14.106
K07004.01,FALSE POSITIVE,1.613014741,4.39594,152120.0,157.33,23173.2,3145.0,0.882,1096.1,7832.0,3.836,2.779,12.146
K07005.01,FALSE POSITIVE,6.2089181,2.292,1664.0,9.2,853.5,1378.0,0.6977,8.4,5548.0,3.797,2.113,16.984
K07006.01,FALSE POSITIVE,0.77996263,3.369,25.7,0.83,10919.82,2607.0,0.0723,9.7,6002.0,4.032,1.629,13.417
K07007.01,CANDIDATE,0.800263219,0.729,170.5,0.77,561.84,1240.0,0.16,13.2,4336.0,4.656,0.59,15.695
K07135.01,FALSE POSITIVE,18.646323091,8.853,231000.0,213.31,480.54,1194.0,0.742,2895.8,5786.0,3.542,3.478,13.729
K07136.01,CANDIDATE,441.17369,14.82,702.0,2.27,0.52,217.0,0.3151,11.5,5610.0,4.551,0.858,15.632
K07137.01,FALSE POSITIVE,3.6673005,3.373,144.9,0.62,36.42,627.0,0.1985,9.1,3823.0,4.729,0.519,15.826
K07138.01,FALSE POSITIVE,3.044771557,11.0593,487818.0,231.93,14849.39,2816.0,0.295,3684.9,8199.0,3.747,3.163,12.146
K07139.01,FALSE POSITIVE,0.773144492,4.05643,215961.0,107.13,15791.97,2860.0,0.694,2947.8,6413.0,4.038,1.91,13.833
K07140.01,FALSE POSITIVE,2.66811113,22.49,48.3,1.53,2439.28,1792.0,0.9911,32.5,6593.0,4.164,1.561,13.688
K07141.01,FALSE POSITIVE,50.440285363,12.2001,85309.1,51.5,48.36,673.0,0.658,2499.7,6225.0,4.039,1.646,12.009
K07142.01,FALSE POSITIVE,3.255385289,5.9498,158913.0,40.58,550.68,1236.0,0.523,840.7,5806.0,4.425,0.975,15.091
K07266.01,FALSE POSITIVE,7.4185369,1.451,14.7,0.81,3511.86,1963.0,0.053,5.2,9763.0,4.179,2.045,11.364
K07267.01,FALSE POSITIVE,15.68434493,44.463,791.6,56.23,393.14,1136.0,1.206,256.3,6407.0,3.888,2.191,13.102
K07268.01,FALSE POSITIVE,5.357409918,4.28582,199157.0,124.05,1172.13,1492.0,0.804,936.1,5768.0,3.809,2.057,13.166
K07269.01,FALSE POSITIVE,1.400991827,4.8798,64104.0,98.13,8795.37,2468.0,1.093,669.6,6706.0,4.026,1.924,11.244
K07270.01,CANDIDATE,19.2532128,1.674,219.3,1.42,54.13,692.0,0.247,7.4,6060.0,4.495,0.953,15.362
K07271.01,FALSE POSITIVE,1.34062901,3.076,69.5,0.82,1876.57,1678.0,0.531,13.1,6045.0,4.494,0.955,15.13
K07272.01,CANDIDATE,14.1011023,4.513,108.2,1.26,157.56,904.0,0.071,8.1,6534.0,4.365,1.199,15.105
K07273.01,FALSE POSITIVE,7.448375935,4.23892,152666.0,34.37,136.18,871.0,0.35,1837.9,5636.0,4.489,0.867,15.178
K07401.01,FALSE POSITIVE,0.533628226,5.772,81.8,2.41,53849.23,3885.0,0.9385,35.3,7163.0,3.906,2.177,11.299
K07402.01,FALSE POSITIVE,0.678137665,1.00718,885.0,30.37,6364.7,2274.0,1.263,172.7,6429.0,4.449,0.942,14.291
K07403.01,FALSE POSITIVE,2.069415479,5.71941,16188.3,55.45,2310.53,1768.0,1.241,1148.3,6640.0,4.343,1.25,13.681
K07404.01,CANDIDATE,1.817079849,0.889,204.6,1.39,1056.39,1454.0,0.276,10.8,5808.0,4.503,0.963,15.591
K07405.01,FALSE POSITIVE,8.04963472,6.00488,279647.0,95.98,571.1,1247.0,0.671,5246.5,6698.0,4.171,1.485,13.831
K07406.01,FALSE POSITIVE,11.578946873,4.6373,299739.0,58.32,134.91,869.0,0.441,2456.3,6028.0,4.355,1.014,15.003
K07407.01,FALSE POSITIVE,1.47258471,4.76885,224011.0,123.25,12617.53,2705.0,0.75,741.5,7360.0,4.008,2.024,14.206
K07408.01,CANDIDATE,5.15998178,3.356,412.4,19.07,25.63,574.0,1.306,9.9,3900.0,4.727,0.534,15.949
K07409.01,FALSE POSITIVE,4.446459958,2.558,5663.8,36.15,265.42,1030.0,1.277,178.3,5615.0,4.504,0.893,14.735
K07534.01,CANDIDATE,23.3787733,6.76,76.0,0.92,54.98,694.0,0.2093,8.1,6210.0,4.424,1.054,13.853
K07535.01,CANDIDATE,15.09984259,0.222,484.8,4.11,25.98,576.0,0.9711,6.7,5191.0,4.615,0.65,15.37
K07536.01,FALSE POSITIVE,8.207257515,4.23835,391305.0,46.82,42.1,650.0,0.596,1748.3,4859.0,4.637,0.621,15.3
K07537.01,FALSE POSITIVE,498.68845,17.88,548.3,2.44,0.87,246.0,0.1119,9.4,6184.0,4.448,1.038,15.166
K07538.01,FALSE POSITIVE,1.22775105,1.602,327.6,1.0,340.64,1094.0,0.262,20.3,4551.0,4.713,0.56,15.715
K07539.01,CANDIDATE,15.3416245,2.126,269.6,1.3,31.63,605.0,0.0481,9.2,5061.0,4.504,0.814,14.813
K07540.01,CANDIDATE,21.980467,4.78,96.0,0.92,36.07,625.0,0.417,10.1,5573.0,4.418,0.936,13.852
K07541.01,FALSE POSITIVE,7.214721393,2.36464,46801.5,16.79,37.12,630.0,0.898,582.0,4705.0,4.696,0.552,14.853
K02704.03,CONFIRMED,8.15275885,1.746,16536.0,2.44,2.03,305.0,0.461,9.2,3327.0,5.113,0.189,17.475
K03461.02,FALSE POSITIVE,3.18740907,6.19,137.5,0.81,168.43,919.0,0.144,9.2,4808.0,4.589,0.715,16.153
K03716.02,FALSE POSITIVE,10.23273611,1.55,,,,,,,,,,11.614
K04006.02,FALSE POSITIVE,0.962815183,2.581,20.7,1.12,23331.88,3152.0,0.0916,12.1,6638.0,3.792,2.445,12.876
K04032.05,CANDIDATE,7.23524221,2.685,60.0,0.82,191.14,948.0,0.182,15.2,5574.0,4.354,1.065,12.639
K04084.02,CANDIDATE,10.72900793,0.696,404.3,1.78,64.33,722.0,0.2652,10.1,5375.0,4.541,0.876,15.188
K04084.03,CANDIDATE,8.19619768,2.109,197.4,1.55,123.81,851.0,0.781,9.3,5323.0,4.378,0.995,15.188
K04157.02,CANDIDATE,5.215752,1.13,46.8,0.83,422.67,1156.0,0.729,5.1,6202.0,4.422,1.122,12.692
K04211.02,FALSE POSITIVE,0.696290095,3.839,120.5,12.63,3537.89,1969.0,1.123,19.4,5904.0,4.543,0.867,15.034
K06353.01,CANDIDATE,10.0714369,6.891,49.5,1.98,814.46,1362.0,0.006,10.8,5768.0,3.633,2.81,13.472
K06354.01,FALSE POSITIVE,0.62240698,1.186,155.8,1.63,11894.49,2663.0,0.0908,10.2,6661.0,4.341,1.29,12.92
K06355.01,CANDIDATE,4.37198905,2.177,103.7,0.93,327.65,1085.0,0.177,9.9,5823.0,4.489,0.919,14.701
K06355.02,CANDIDATE,6.72876606,2.277,117.4,1.03,184.66,940.0,0.5757,7.8,5823.0,4.489,0.919,14.701
K06356.01,FALSE POSITIVE,24.09002065,11.0494,6782.2,9.39,21.85,551.0,0.946,252.3,5354.0,4.495,0.804,14.94
K06357.01,FALSE POSITIVE,4.4158933,1.155,191.1,1.42,395.82,1138.0,0.1672,5.8,5977.0,4.473,1.022,15.417
K06358.01,CANDIDATE,3.09383248,1.576,373.7,1.32,233.91,998.0,0.356,9.7,5327.0,4.646,0.681,15.896
K06359.01,FALSE POSITIVE,2.666961614,2.4774,7583.4,40.68,1104.26,1469.0,1.276,249.5,6609.0,4.484,0.974,13.968
K06488.01,FALSE POSITIVE,1.17430183,9.587,64.5,2.22,19656.66,3020.0,0.9744,13.5,7537.0,4.007,2.145,12.08
K06489.01,CANDIDATE,14.05652256,2.56,,,,,,,,,,13.697
K06490.01,FALSE POSITIVE,15.039464523,5.39796,66876.8,51.71,139.95,877.0,0.998,1133.5,6410.0,4.329,1.178,13.623
K06491.01,FALSE POSITIVE,3.693951168,2.2534,28290.0,20.88,411.07,1148.0,0.917,173.2,5968.0,4.534,0.881,15.286
K06492.01,FALSE POSITIVE,1.05680287,5.748,82.3,0.83,1686.88,1633.0,0.563,10.9,5584.0,4.532,0.885,15.87
K06493.01,FALSE POSITIVE,0.787122102,3.0999,596.8,20.76,1775.05,1655.0,1.211,57.4,5210.0,4.528,0.799,15.626
K06494.01,FALSE POSITIVE,2.15045295,4.453,169.1,24.27,83894.63,4340.0,0.3604,25.8,4899.0,2.356,18.92,11.359
K06495.01,FALSE POSITIVE,0.561524348,3.336,34.1,0.43,4173.47,2050.0,0.4172,15.7,5919.0,4.55,0.715,14.564
K06610.01,CANDIDATE,315.07717192,10.31,,,,,,,,,,15.341
K06611.01,FALSE POSITIVE,1.21607873,4.686,29.4,1.92,14545.24,2803.0,0.991,11.2,6234.0,3.741,2.5,13.333
K06612.01,FALSE POSITIVE,38.49536985,12.8716,93327.0,124.34,109.13,824.0,1.013,201.9,6050.0,3.823,2.345,13.173
K06613.01,FALSE POSITIVE,4.18224416,6.209,57.2,1.07,500.7,1206.0,0.99,13.8,6057.0,4.392,0.999,13.732
K06614.01,FALSE POSITIVE,0.643002821,1.02608,2671.5,36.82,5409.39,2188.0,1.261,295.6,5681.0,4.315,1.036,14.984
K06615.01,FALSE POSITIVE,1.95119541,1.907,59.7,0.47,287.41,1050.0,0.1533,7.7,4936.0,4.681,0.628,15.105
K06616.01,FALSE POSITIVE,53.220416998,17.7344,72895.3,55.22,43.63,655.0,0.248,4563.5,5653.0,3.905,2.057,13.613
K06617.01,CANDIDATE,8.0018897,3.425,102.7,0.9,131.75,864.0,0.442,9.8,5830.0,4.54,0.876,15.032
K06745.01,CANDIDATE,383.85362,9.76,422.9,2.78,2.29,314.0,0.5927,7.5,6675.0,4.341,1.293,15.232
K06746.01,CANDIDATE,2.564012541,0.9433,2551.9,7.27,2065.56,1720.0,0.166,5.3,6274.0,4.139,1.428,14.121
K06747.01,FALSE POSITIVE,0.71538172,5.0,,,7377.38,,,,,,,14.67
K06748.01,FALSE POSITIVE,2.264471713,7.1803,187430.0,102.12,4637.68,2103.0,0.81,873.7,6782.0,4.014,1.752,13.983
K06749.01,FALSE POSITIVE,18.3602239,2.352,574.6,2.04,38.9,637.0,0.1819,12.4,5713.0,4.551,0.856,15.703
K06750.01,CANDIDATE,5.21395046,3.188,78.5,1.24,492.29,1201.0,0.195,8.6,5529.0,4.123,1.412,14.43
K06751.01,CANDIDATE,24.996068,5.623,621.7,2.4,31.43,604.0,0.409,9.4,5761.0,4.492,0.956,15.183
K06752.01,CANDIDATE,8.9429645,1.803,233.5,0.89,19.51,536.0,0.088,7.2,4183.0,4.655,0.594,15.537
K06877.01,FALSE POSITIVE,281.509095,40.963,5948.7,85.77,52.05,685.0,0.626,182.5,4797.0,2.632,10.709,10.974
K06878.01,CANDIDATE,2.405625303,0.6283,163.5,1.11,459.66,1180.0,0.467,12.0,5450.0,4.573,0.83,14.709
K06879.01,FALSE POSITIVE,3.258249472,2.6358,1643.5,79.23,4234.38,2057.0,1.264,202.0,6712.0,3.859,2.361,13.059
K06880.01,FALSE POSITIVE,552.8295063,16.0851,266298.0,56.89,0.65,229.0,0.653,942.6,5956.0,4.403,0.929,14.973
K06881.01,FALSE POSITIVE,0.773595312,0.781,93.0,0.96,3613.97,1976.0,0.612,13.2,5973.0,4.506,0.935,14.882
K06882.01,CANDIDATE,0.7735301,1.335,185.4,1.87,8868.22,2474.0,0.336,14.2,6296.0,4.217,1.35,14.752
K06883.01,FALSE POSITIVE,533.6593,12.81,533.5,1.92,0.42,205.0,0.1083,7.8,5695.0,4.556,0.839,14.931
K06884.01,CANDIDATE,2.42186898,6.22,,,,,,,,,,13.583
K06885.01,FALSE POSITIVE,44.827323809,6.86103,237120.0,429.0,87.2,779.0,1.494,4484.5,5160.0,3.568,3.279,11.56
K07008.01,FALSE POSITIVE,7.535894184,8.3059,172126.0,24.64,40.28,642.0,0.644,1446.7,4969.0,4.736,0.537,15.398
K07009.01,FALSE POSITIVE,0.562498925,0.6743,420.1,2.88,4880.5,2129.0,0.971,44.1,5638.0,4.437,0.933,14.792
K07010.01,FALSE POSITIVE,0.755049082,2.09643,26067.9,30.47,1372.84,1551.0,1.225,683.7,5242.0,4.64,0.622,13.276
K07011.01,FALSE POSITIVE,1.012694226,3.6017,108504.0,42.51,5846.79,2230.0,0.534,185.1,6487.0,4.292,1.233,14.713
K07012.01,FALSE POSITIVE,10.303356001,5.98633,520067.0,69.66,90.76,787.0,0.364,2039.1,5497.0,4.423,0.9,15.177
K07013.01,FALSE POSITIVE,2.214029545,5.64264,349110.0,94.23,3041.8,1894.0,0.371,2680.5,6604.0,4.178,1.526,13.3
K07014.01,FALSE POSITIVE,2.441988077,3.94526,95343.5,90.39,3721.74,1993.0,0.888,1174.5,6078.0,3.874,2.059,11.535
K07015.01,FALSE POSITIVE,2.44200193,3.146,128.6,0.95,518.48,1217.0,0.124,9.6,5587.0,4.556,0.851,15.617
K07016.01,CONFIRMED,384.847556,9.969,189.9,1.09,0.56,220.0,0.059,12.3,5579.0,4.58,0.798,13.426
K07143.01,FALSE POSITIVE,2.131225773,5.4932,2337.1,35.68,1382.47,1555.0,1.264,215.6,6181.0,4.38,1.028,14.818
K07144.01,CANDIDATE,0.839907158,1.019,119.6,0.92,1705.12,1640.0,0.23,10.7,5120.0,4.478,0.853,15.695
K07145.01,FALSE POSITIVE,1.219736039,4.89465,611523.0,135.43,10982.55,2611.0,0.229,1037.2,7358.0,4.171,1.637,14.871
K07146.01,FALSE POSITIVE,2.015152464,8.17997,561687.0,132.05,4657.05,2107.0,0.308,4129.6,6988.0,4.163,1.649,13.705
K07147.01,FALSE POSITIVE,0.82820657,2.70353,118533.0,35.67,1109.75,1473.0,0.94,548.3,5033.0,4.611,0.655,13.221
K07148.01,CANDIDATE,1.7613778,1.355,359.3,2.32,2621.69,1824.0,0.159,10.5,6544.0,4.349,1.207,15.02
K07149.01,FALSE POSITIVE,2.537081943,4.80903,245319.0,67.96,2032.57,1712.0,0.451,2434.8,6735.0,4.307,1.309,13.04
K07150.01,FALSE POSITIVE,14.443127448,8.33598,41685.3,92.28,462.07,1182.0,0.98,2186.0,5757.0,3.672,2.736,12.732
K07151.01,FALSE POSITIVE,5.61386908,5.07753,57385.6,34.24,61.43,714.0,1.07,1253.6,4504.0,4.582,0.709,14.072
K07274.01,FALSE POSITIVE,9.080194398,8.18777,324573.0,76.4,248.49,1013.0,0.614,3481.8,6461.0,4.396,1.131,15.163
K07275.01,FALSE POSITIVE,9.93442075,7.8219,55965.0,34.03,50.35,679.0,1.117,529.0,5382.0,4.654,0.669,15.39
K07276.01,FALSE POSITIVE,2.071939672,4.45367,198766.0,75.64,1953.33,1696.0,0.806,2409.8,6140.0,4.247,1.254,13.553
K07277.01,FALSE POSITIVE,8.5893644,6.975,179.3,1.21,93.09,792.0,0.791,9.8,5602.0,4.571,0.817,15.687
K07278.01,FALSE POSITIVE,8.589644815,9.49469,269518.0,140.07,940.15,1412.0,0.686,5324.6,6331.0,3.813,2.194,9.557
K07279.01,CANDIDATE,11.7728146,4.132,77.1,0.93,90.86,788.0,0.407,9.9,5410.0,4.333,1.056,13.717
K07280.01,FALSE POSITIVE,1.009671584,4.37759,155117.0,125.31,27692.04,3287.0,0.864,1440.7,7652.0,3.974,2.242,13.918
K07281.01,CANDIDATE,2.46506501,6.218,39.8,1.14,3777.82,1999.0,0.6323,10.3,6881.0,4.101,1.714,12.446
K07282.01,CANDIDATE,1.758599866,0.2729,237.8,1.6,347.1,1101.0,0.035,11.9,4744.0,4.606,0.725,15.59
K07410.01,FALSE POSITIVE,1.260575815,2.36064,154278.0,29.91,935.7,1410.0,0.58,781.2,5388.0,4.576,0.715,14.864
K07411.01,FALSE POSITIVE,1.88912273,4.219,60.2,0.59,573.44,1248.0,0.477,15.5,5413.0,4.578,0.754,14.606
K07412.01,FALSE POSITIVE,0.609125246,0.655,139.2,0.96,3049.07,1896.0,0.242,10.9,5595.0,4.581,0.796,15.64
K00566.02,CANDIDATE,14.1573717,3.786,130.0,1.1,86.67,778.0,0.138,9.3,6122.0,4.487,0.964,14.718
K07413.01,FALSE POSITIVE,1.566528935,3.2593,92511.0,49.66,1371.7,1551.0,1.033,485.0,5883.0,4.471,0.905,13.984
K07414.01,FALSE POSITIVE,4.52977632,26.752,1582.2,12.22,6213.27,2264.0,0.968,55.2,8912.0,4.05,2.299,11.991
K07415.01,CANDIDATE,1.291964282,1.8378,28640.0,10.97,572.64,1249.0,0.461,45.8,4995.0,4.624,0.638,13.238
K07416.01,CANDIDATE,37.4646974,4.954,51.6,0.97,49.61,677.0,0.2,10.3,6266.0,4.209,1.342,12.052
K04288.03,FALSE POSITIVE,4.32744048,4.539,22.0,0.58,585.32,1254.0,0.2789,8.0,5888.0,4.275,1.227,12.4
K04298.02,FALSE POSITIVE,11.57958162,2.47,,,,,,,,,,13.458
K04301.02,CANDIDATE,6.31915999,3.465,34.4,1.04,829.72,1369.0,0.575,9.8,6254.0,4.019,1.706,13.096
K04383.02,CANDIDATE,2.58393841,2.169,49.4,0.77,1103.3,1470.0,0.229,8.5,6164.0,4.378,1.09,13.874
K04417.02,FALSE POSITIVE,0.87630504,1.11,170.9,22.24,3156.02,1911.0,1.207,25.2,6032.0,4.508,0.929,14.84
K04421.02,CANDIDATE,6.5595368,4.324,26.3,0.62,320.09,1079.0,0.378,10.1,5950.0,4.323,1.196,12.788
K00416.04,CANDIDATE,31.5322987,3.49,106.4,0.74,10.65,461.0,0.0671,7.8,5183.0,4.608,0.739,14.29
K04500.03,CANDIDATE,14.7510068,2.25,381.1,1.7,36.94,629.0,0.75,9.5,5295.0,4.548,0.8,15.85
K06360.01,FALSE POSITIVE,15.582794732,3.76683,52760.0,14.0,5.86,397.0,0.759,439.3,3849.0,4.703,0.546,15.368
K06361.01,FALSE POSITIVE,1.529283907,14.0075,54.8,2.26,9998.13,2550.0,0.981,41.5,6438.0,3.829,2.266,11.268
K06362.01,FALSE POSITIVE,2.908454772,2.6005,64325.0,40.85,416.75,1153.0,1.113,252.8,5631.0,4.518,0.764,14.661
K06363.01,FALSE POSITIVE,1.540396094,2.8044,55123.0,48.81,1455.18,1576.0,1.093,340.4,5780.0,4.438,1.0,13.76
K06364.01,FALSE POSITIVE,1.540395674,2.80168,70614.6,117.33,15595.35,2850.0,1.072,997.9,7394.0,3.897,2.283,7.57
K06365.01,FALSE POSITIVE,2.344138713,0.4495,110.8,2.43,2469.65,1797.0,0.104,8.6,5313.0,3.835,2.095,13.419
K06366.01,FALSE POSITIVE,0.91849333,2.399,58.7,0.93,5576.7,2205.0,0.276,13.0,6469.0,4.385,1.193,13.476
K06367.01,FALSE POSITIVE,1.341078755,3.86492,112151.0,41.8,3533.56,1968.0,0.309,1829.3,6368.0,4.323,1.225,13.682
K07604.01,FALSE POSITIVE,316.950146,5.33,,,,,,,,,,16.923
K07605.01,FALSE POSITIVE,589.74851,12.74,462.4,2.03,0.53,217.0,0.3597,11.5,6003.0,4.507,0.932,14.839
K07606.01,FALSE POSITIVE,235.2976173,87.013,23052.8,82.92,27.65,585.0,0.2758,210.7,4894.0,2.968,5.568,11.447
K07607.01,CANDIDATE,54.54312996,7.03,,,,,,,,,,11.642
K07608.01,FALSE POSITIVE,7.4539297,14.21,,,520.65,,,,,,,13.272
K07609.01,FALSE POSITIVE,36.136968,15.42,152.0,1.3,30.69,600.0,0.296,10.4,6258.0,4.442,1.046,15.44
K07610.01,FALSE POSITIVE,0.933746709,3.435,18.6,0.36,3026.99,1893.0,0.057,14.3,6302.0,4.535,0.815,13.087
K07611.01,FALSE POSITIVE,0.93376738,4.036,55.4,0.63,1879.0,1678.0,0.714,16.5,5611.0,4.53,0.787,14.985
K07612.01,FALSE POSITIVE,0.93374073,4.296,147.6,0.84,831.95,1371.0,0.009,13.4,4753.0,4.585,0.717,13.007
K07613.01,FALSE POSITIVE,0.93369659,4.444,81.4,0.78,1891.43,1680.0,0.57,10.8,5619.0,4.558,0.838,15.983
K07614.01,FALSE POSITIVE,0.9337473,3.446,64.6,0.6,1652.84,1625.0,0.385,9.5,5649.0,4.606,0.741,15.759
K07615.01,FALSE POSITIVE,677.35794,9.698,322.4,7.12,5.35,388.0,0.8359,11.2,6335.0,3.593,3.523,10.808
K07616.01,FALSE POSITIVE,4.0551242,12.0,148.7,3.13,3887.31,2013.0,0.008,9.3,7064.0,3.888,2.531,13.397
K07617.01,CANDIDATE,12.9284553,2.49,297.9,0.64,3.26,343.0,0.2446,8.2,3578.0,4.893,0.375,15.72
K07618.01,FALSE POSITIVE,21.6817115,7.18,73.5,0.89,60.99,713.0,0.27,6.9,6297.0,4.448,1.031,14.491
K07619.01,FALSE POSITIVE,466.08101,23.69,180.1,2.13,2.05,305.0,0.0964,14.1,6098.0,4.097,1.59,12.159
K07620.01,FALSE POSITIVE,0.66573903,1.27,,,,,,,,,,13.362
K03184.03,CANDIDATE,4.02018903,3.616,18.5,0.6,754.66,1337.0,0.505,14.4,5788.0,4.178,1.376,11.158
K03230.02,FALSE POSITIVE,3.796383639,8.6711,31.1,0.71,724.17,1323.0,0.649,24.5,6017.0,4.3,1.21,12.239
K04422.02,FALSE POSITIVE,0.71059239,4.92,280.6,3.92,28640.03,3318.0,0.9638,22.8,7454.0,4.107,1.853,13.362
K04524.03,CANDIDATE,3.33930957,2.597,91.3,1.2,498.37,1205.0,0.934,10.7,5700.0,4.434,1.006,14.955
K04676.02,FALSE POSITIVE,3.36379289,23.7,136.3,44.77,2712.28,1840.0,1.159,36.9,5947.0,3.814,2.407,13.931
K04782.02,CANDIDATE,4.29251656,4.254,249.5,3.66,403.88,1144.0,1.007,11.0,6032.0,4.485,0.973,15.85
K04957.02,CANDIDATE,4.98792404,1.618,346.2,0.73,13.07,485.0,0.069,9.7,3606.0,4.859,0.395,15.555
K05270.02,FALSE POSITIVE,0.907818056,1.679,29.5,0.55,3871.99,2012.0,0.037,13.2,6210.0,4.456,1.014,13.532
K05397.02,FALSE POSITIVE,297.71402,13.413,1374.5,45.69,58.76,706.0,0.8328,16.3,4916.0,2.572,10.801,12.218
K05447.02,CONFIRMED,3.87594316,2.314,58.6,0.68,323.21,1081.0,0.025,14.2,5713.0,4.541,0.893,12.75
K05475.02,CANDIDATE,5.68325648,1.778,44.6,0.97,589.92,1257.0,0.844,10.0,6072.0,4.133,1.286,13.093
K05801.02,FALSE POSITIVE,0.93373761,3.303,58.7,1.0,4359.29,2073.0,0.041,9.7,5534.0,4.17,1.326,15.609
K05900.02,FALSE POSITIVE,0.687739345,0.1866,37.6,1.53,15318.29,2837.0,0.4062,11.0,6823.0,4.212,1.493,13.127
K06117.01,FALSE POSITIVE,9.524076544,10.4891,198399.0,151.0,882.28,1390.0,0.313,1942.5,5180.0,3.428,3.371,15.145
K06140.01,FALSE POSITIVE,11.637858887,11.8851,427948.0,77.01,151.54,895.0,0.473,2637.0,6360.0,4.433,1.058,15.385
K06143.02,FALSE POSITIVE,50.900813,3.3,,,,,,,,,,9.666
K06447.02,CANDIDATE,91.649983,10.294,193.6,2.27,24.57,568.0,0.2136,8.7,6705.0,4.145,1.608,12.964
K06464.03,CANDIDATE,541.742985,10.47,1038.6,3.39,0.9,248.0,0.041,25.9,6373.0,4.438,1.047,13.718
K01636.02,FALSE POSITIVE,14.5862195,2.733,202.2,1.17,57.32,702.0,0.0133,9.3,5904.0,4.565,0.819,14.598
K06541.02,FALSE POSITIVE,0.938074536,1.9618,575.9,417.01,251840.36,5718.0,1.196,36.1,4697.0,2.204,17.032,13.094
K06751.02,FALSE POSITIVE,0.698359996,1.4959,774.1,28.97,3702.25,1990.0,1.247,26.1,5761.0,4.492,0.956,15.183
K07542.01,FALSE POSITIVE,563.94854,15.631,872.9,2.55,0.45,209.0,0.0504,16.3,5853.0,4.544,0.868,14.574
K07543.01,FALSE POSITIVE,0.98376204,10.052,55.0,12.44,73867.88,4203.0,1.01,25.2,6431.0,3.276,5.294,12.745
K07544.01,FALSE POSITIVE,2.403704619,0.8927,110.6,27.04,54903.0,3903.0,1.007,1.4,6244.0,2.897,10.105,13.151
K07545.01,FALSE POSITIVE,33.65766894,40.787,15379.5,78.44,508.66,1211.0,0.306,519.2,4774.0,2.759,6.447,13.547
K07546.01,CANDIDATE,44.113873,3.956,196.3,4.9,424.45,1158.0,0.032,6.6,7854.0,3.669,3.462,12.667
K07547.01,FALSE POSITIVE,0.892988877,2.4428,85.0,2.94,27545.43,3285.0,0.71,43.8,6228.0,3.668,2.975,13.013
K07548.01,FALSE POSITIVE,0.705816203,5.55,149.0,15.33,4650.24,2109.0,1.133,19.6,6106.0,4.487,0.966,15.062
K07549.01,FALSE POSITIVE,374.51648,6.088,907419.0,73.1,0.55,220.0,0.0139,105.8,5714.0,4.627,0.711,13.967
K01829.02,FALSE POSITIVE,10.3482112,2.089,255.1,1.29,64.97,724.0,0.093,8.4,5383.0,4.543,0.822,15.911
K07550.01,FALSE POSITIVE,1.7609276,5.189,57.3,1.53,15818.72,2860.0,0.29,26.1,8784.0,4.156,1.967,13.505
K07551.01,FALSE POSITIVE,321.24194284,10.16,,,,,,,,,,13.964
K07552.01,FALSE POSITIVE,1.463148937,11.04,168.0,15.82,7470.01,2371.0,1.0653,66.6,6525.0,3.993,1.805,11.614
K07553.01,FALSE POSITIVE,374.514471,6.629,440516.0,139.55,1.79,295.0,1.0492,130.3,6446.0,4.381,1.155,14.505
K07554.01,CANDIDATE,482.62011,12.86,324.0,1.98,1.12,263.0,0.1786,8.1,6315.0,4.389,1.095,14.519
K07555.01,FALSE POSITIVE,1.525924746,1.955,74.1,8.86,48691.77,3786.0,0.208,11.9,5000.0,2.81,10.533,12.705
K07556.01,FALSE POSITIVE,1.25383162,7.68,12.9,0.47,4677.63,2109.0,0.2204,9.7,6472.0,4.271,1.299,12.005
K07557.01,FALSE POSITIVE,12.82252496,18.8,19268.0,20.12,165.54,915.0,0.706,13.7,5845.0,4.178,1.352,11.863
K07558.01,CANDIDATE,10.1551587,1.802,141.6,0.94,63.73,721.0,0.2256,6.8,5275.0,4.505,0.796,15.413
K07559.01,CANDIDATE,0.708965461,3.946,87.2,1.13,8061.29,2417.0,0.6201,13.1,6528.0,4.384,1.155,12.798
K07560.01,FALSE POSITIVE,0.648772102,2.614,31.1,2.6,47393.05,3758.0,0.368,15.0,4973.0,3.208,4.708,11.693
K07561.01,FALSE POSITIVE,0.96391996,3.01,,,,,,,,,,14.002
K07562.01,CANDIDATE,11.76872507,1.11,,,,,,,,,,15.327
K07563.01,FALSE POSITIVE,0.93705132,4.808,51.5,6.09,159426.96,5094.0,0.773,17.3,6691.0,3.088,7.781,11.674
K07564.01,FALSE POSITIVE,451.86579,13.47,80.0,1.85,10.97,464.0,0.379,12.0,9024.0,4.154,2.005,11.02
K07565.01,FALSE POSITIVE,491.52571,12.43,457.3,1.43,0.15,159.0,0.4713,8.8,4541.0,4.608,0.669,15.043
K07566.01,FALSE POSITIVE,411.54039644,17.33,,,,,,,,,,15.352
K07567.01,CANDIDATE,608.20572,13.63,554.2,1.46,0.1,143.0,0.0082,11.3,4486.0,4.642,0.646,15.059
K07568.01,FALSE POSITIVE,480.03759,16.25,717.4,1.14,0.03,109.0,0.2596,9.0,3622.0,4.826,0.43,15.644
K07569.01,FALSE POSITIVE,0.87985197,1.3,,,,,,,,,,15.867
K02369.03,CANDIDATE,7.2274321,4.967,173.3,1.28,206.77,967.0,0.003,9.2,6075.0,4.486,0.969,15.832
K07570.01,FALSE POSITIVE,0.592618966,0.811,91.4,0.86,4626.58,2103.0,0.083,14.9,5926.0,4.532,0.887,14.973
K07571.01,FALSE POSITIVE,0.532854237,3.231,50.9,1.21,20292.47,3042.0,0.618,27.9,6266.0,4.067,1.613,13.644
K07572.01,CANDIDATE,91.069934,17.33,12.7,1.59,349.47,1103.0,0.5939,8.7,9051.0,3.623,4.232,9.748
K07573.01,FALSE POSITIVE,0.566802672,3.545,31.7,1.08,14458.31,2791.0,0.128,14.3,5102.0,3.787,1.961,13.945
K07574.01,FALSE POSITIVE,0.566796331,5.194,114.8,1.5,7979.99,2411.0,0.981,33.3,6319.0,4.447,1.032,15.322
K07575.01,FALSE POSITIVE,0.566785459,2.893,63.8,0.84,6410.46,2280.0,0.588,16.5,6063.0,4.476,1.012,15.329
K07576.01,FALSE POSITIVE,0.566792936,2.846,23.0,0.79,22251.32,3114.0,0.467,14.3,6432.0,4.018,1.603,13.831
K07577.01,FALSE POSITIVE,0.5668004,3.813,93.2,0.88,5739.87,2222.0,0.593,18.3,6215.0,4.543,0.872,15.77
K07578.01,FALSE POSITIVE,0.566793614,5.723,31.4,21.63,781981.98,7584.0,0.9476,79.8,3789.0,1.549,27.384,10.628
K07579.01,FALSE POSITIVE,0.566798676,2.777,59.9,0.68,4160.07,2051.0,0.01,12.8,5490.0,4.436,0.887,15.591
K07580.01,FALSE POSITIVE,0.5667638,1.73,64.5,0.75,5335.09,2178.0,0.158,2.4,5766.0,4.433,0.94,15.163
K07581.01,FALSE POSITIVE,38.51077573,38.8558,84633.4,18.68,3.64,352.0,0.467,3567.5,4374.0,4.626,0.635,13.035
K07582.01,FALSE POSITIVE,4.23965309,3.29,,,,,,,,,,14.125
K07583.01,FALSE POSITIVE,0.577910513,1.362,144.1,1.1,4429.84,2081.0,0.367,18.1,5730.0,4.503,0.908,15.733
K07584.01,FALSE POSITIVE,0.566807725,2.16,31.5,0.94,9645.51,2524.0,0.155,12.3,5018.0,3.953,1.734,13.903
K07585.01,FALSE POSITIVE,0.566807422,5.148,26.1,1.13,12227.82,2680.0,0.985,28.8,5616.0,4.04,1.547,12.9
K07586.01,FALSE POSITIVE,1.345078434,10.19,3025.0,12.16,6894.58,2324.0,0.9526,27.7,6664.0,4.141,1.675,12.583
K07587.01,CANDIDATE,366.088938,11.887,537.9,2.57,1.03,257.0,0.89,29.0,5941.0,4.464,0.945,11.616
K07588.01,FALSE POSITIVE,439.1076969,26.2259,69792.0,24.7,0.57,221.0,0.7777,884.9,5810.0,4.567,0.811,15.862
K07589.01,CANDIDATE,414.45008,19.15,729.5,7.01,4.17,364.0,0.9853,19.0,7037.0,4.136,1.683,13.913
K02859.05,CANDIDATE,5.43103616,2.469,66.8,0.66,137.1,873.0,0.816,10.8,5374.0,4.555,0.721,13.851
K07590.01,FALSE POSITIVE,0.594003994,5.557,25.4,1.55,142174.84,4952.0,0.4978,51.1,8596.0,3.793,2.968,11.548
K07591.01,CANDIDATE,328.32211,13.53,399.0,1.3,0.33,193.0,0.1169,8.2,4906.0,4.648,0.668,14.937
K07592.01,CANDIDATE,381.97977,15.7,900.0,1.55,0.07,132.0,0.2178,10.4,3761.0,4.724,0.526,15.494
K07593.01,CANDIDATE,67.412998,9.1,126.1,1.57,25.32,572.0,0.5109,6.2,6525.0,4.248,1.359,13.667
K07594.01,FALSE POSITIVE,2.08802799,24.017,70.8,1.93,3806.17,2003.0,0.9865,60.5,6593.0,4.117,1.67,12.579
K07595.01,FALSE POSITIVE,10.4212788,28.4832,148.0,36.9,549.92,1235.0,1.151,31.0,6183.0,3.908,2.073,12.556
K07596.01,CANDIDATE,359.8249913,5.22,,,,,,,,,,15.733
K07597.01,FALSE POSITIVE,0.778705577,6.445,54.5,59.33,75864.33,4233.0,1.1716,104.9,7846.0,3.743,3.066,10.152
K07598.01,FALSE POSITIVE,4.44709107,16.79,40.5,0.96,537.35,1228.0,0.988,22.6,6137.0,4.357,1.076,13.51
K07599.01,FALSE POSITIVE,293.70696,11.03,1575.0,6140.44,1.34,274.0,63.9417,11.2,6054.0,4.508,0.893,15.51
K02459.01,FALSE POSITIVE,27.795762425,15.5056,420329.0,81.48,43.51,655.0,0.483,1969.5,5915.0,4.329,1.13,14.875
K02937.01,FALSE POSITIVE,20.733748565,6.28773,417340.0,69.8,45.06,661.0,0.479,2236.7,5620.0,4.363,0.974,15.726
K02938.01,FALSE POSITIVE,24.238241803,4.16665,461962.0,102.31,93.68,793.0,0.426,1126.4,6457.0,4.259,1.365,10.816
K02939.01,FALSE POSITIVE,11.258825027,8.9592,196280.0,87.18,322.25,1080.0,0.805,6395.7,6217.0,4.052,1.464,13.545
K03152.01,FALSE POSITIVE,28.162612575,3.19576,37749.6,23.52,11.52,470.0,0.952,912.7,4936.0,4.54,0.761,14.216
K03153.01,FALSE POSITIVE,75.378956896,7.70352,539175.0,58.76,4.17,365.0,0.273,1886.6,5420.0,4.596,0.771,14.863
K00371.02,FALSE POSITIVE,9.0584662,6.376,61.8,2.46,695.41,1310.0,0.154,17.9,5198.0,3.614,3.207,12.193
K07600.01,FALSE POSITIVE,3.9169155,2.11,,,,,,,,,,12.94
K07601.01,FALSE POSITIVE,342.55315723,73.8068,192887.0,830.99,70.22,738.0,0.797,8248.4,4857.0,2.422,14.219,9.266
K07602.01,FALSE POSITIVE,362.747593,16.45,132.4,2.51,5.13,384.0,0.3185,13.0,6176.0,3.885,2.16,10.662
K07603.01,FALSE POSITIVE,0.536650344,2.878,25.8,1.57,30860.16,3380.0,0.7718,7.0,5490.0,3.681,2.825,13.921
K07903.01,CANDIDATE,0.694611128,1.115,98.8,0.64,945.45,1415.0,0.176,9.3,4612.0,4.646,0.662,15.7
K07905.01,CANDIDATE,7.4751841,5.166,28.1,0.85,439.51,1168.0,0.309,9.2,5616.0,3.98,1.602,13.075
K07911.01,FALSE POSITIVE,328.0485,13.75,398.0,2.22,1.72,292.0,0.329,6.9,6268.0,4.429,1.1,15.619
K07914.01,FALSE POSITIVE,1.72128752,2.366,58.5,0.65,944.49,1415.0,0.449,7.7,5813.0,4.561,0.833,15.178
K07916.01,FALSE POSITIVE,0.784294574,4.18831,212526.0,87.26,11702.6,2651.0,0.764,1751.1,6576.0,4.171,1.455,13.901
K07909.01,FALSE POSITIVE,361.51099,4.868,235.9,6.85,68.36,733.0,0.443,9.3,9492.0,3.619,4.298,12.973
K07917.01,FALSE POSITIVE,1.41435861,2.285,56.8,0.74,1458.2,1578.0,0.189,9.5,5470.0,4.366,0.994,14.842
K07906.01,FALSE POSITIVE,0.616343903,0.7656,161.4,1.72,9411.28,2513.0,0.042,77.8,6045.0,4.264,1.34,12.19
K07920.01,CANDIDATE,1.04347858,2.012,22.5,1.09,12313.82,2688.0,0.497,8.6,6014.0,3.843,2.246,13.292
K07921.01,FALSE POSITIVE,364.33929,13.486,1944.0,4.4,0.64,228.0,0.934,15.9,5606.0,4.557,0.8,15.616
K07907.01,FALSE POSITIVE,352.710091,2.901,1658.0,3.75,1.09,261.0,0.329,9.6,6112.0,4.513,0.908,15.672
K07900.01,FALSE POSITIVE,33.8938177,2.012,205.1,1.22,18.27,527.0,0.332,6.8,5818.0,4.554,0.848,14.517
K07912.01,FALSE POSITIVE,224.591055,3.232,125.2,2.17,5.56,392.0,0.768,8.2,5786.0,3.992,1.771,12.238
K07904.01,FALSE POSITIVE,374.93999098,17.0849,235.1,4.67,4.99,381.0,0.64,8.4,5382.0,3.645,2.909,13.917
K07913.01,CONFIRMED,24.2783801,4.564,714.4,2.03,8.27,432.0,0.717,13.6,4450.0,4.583,0.707,14.164
K07915.01,CANDIDATE,382.5891,11.7,298.2,2.15,2.05,305.0,0.042,10.5,6337.0,4.261,1.239,13.678
K07910.01,FALSE POSITIVE,11.9283194,6.69,182.5,0.98,37.8,632.0,0.052,10.6,5010.0,4.545,0.75,15.577
K07902.01,FALSE POSITIVE,0.603351522,0.8358,164.1,3.91,45493.51,3730.0,0.46,20.6,6240.0,3.679,2.948,12.959
K07919.01,FALSE POSITIVE,31.97280045,4.9,2236.4,5.88,36.33,626.0,0.935,44.8,6340.0,4.457,1.01,15.248
K07899.01,FALSE POSITIVE,8.39140024,1.193,134.4,1.1,169.89,921.0,0.342,9.2,5892.0,4.389,0.935,14.13
K07908.01,FALSE POSITIVE,0.532493086,2.145,19.9,1.87,135046.96,4893.0,0.558,8.9,6894.0,3.476,4.032,11.238
K07922.01,FALSE POSITIVE,0.812678859,0.841,39.3,0.83,7917.14,2403.0,0.664,7.4,6636.0,4.349,1.236,13.513
K08199.01,FALSE POSITIVE,183.836254,13.088,1046.2,51.64,124.46,852.0,0.956,15.7,4959.0,2.569,11.963,13.993
K08200.01,FALSE POSITIVE,5.959695593,1.8383,151.2,1.13,182.4,937.0,0.626,4.7,5717.0,4.538,0.884,14.331
K08201.01,CANDIDATE,392.601892,3.21,779.0,2.25,0.41,204.0,0.713,7.8,5307.0,4.605,0.753,14.382
K08202.01,FALSE POSITIVE,452.65206,19.87,175.1,2.41,3.33,345.0,0.646,17.0,6664.0,4.075,1.73,12.568
K08203.01,FALSE POSITIVE,234.66319186,7.627,243.5,1.68,2.73,328.0,0.029,5.0,6306.0,4.426,1.076,14.79
K08204.01,FALSE POSITIVE,351.204993,22.414,1257.9,3.57,1.04,258.0,0.777,21.3,5845.0,4.435,0.918,15.506
K08205.01,CANDIDATE,260.446151,9.314,713.9,25.39,32.37,608.0,0.896,16.8,4845.0,2.897,7.796,12.766
K07990.01,CANDIDATE,87.487573,5.881,528.7,1.87,4.79,377.0,0.127,8.4,5774.0,4.567,0.818,15.626
K07991.01,CANDIDATE,11.9451376,6.893,63.3,3.32,755.16,1337.0,0.443,12.4,5094.0,3.38,4.163,12.609
K07992.01,CANDIDATE,277.13367,9.67,321.2,1.84,2.09,307.0,0.662,8.7,6461.0,4.474,0.971,14.635
K07993.01,FALSE POSITIVE,3.381607,7.627,440.6,117.25,314164.85,6037.0,0.088,16.6,3974.0,1.056,59.437,12.798
K07994.01,FALSE POSITIVE,0.660655454,7.111,566.9,16.81,9210.84,2497.0,1.098,77.7,6520.0,4.375,1.215,15.666
K07995.01,FALSE POSITIVE,145.750554,13.999,385.6,15.34,74.07,748.0,0.017,17.0,5096.0,3.007,8.038,13.192
K07996.01,FALSE POSITIVE,2.17813954,2.063,28.6,1.0,4372.75,2073.0,0.054,9.7,6511.0,4.003,1.851,13.422
K08097.01,FALSE POSITIVE,384.09781,12.55,100.1,1.63,2.8,330.0,0.016,8.7,5884.0,3.979,1.628,12.578
K08098.01,FALSE POSITIVE,0.505322676,5.2727,77349.2,46.59,6291.87,2275.0,1.036,384.6,5941.0,4.49,0.924,14.457
K08099.01,FALSE POSITIVE,333.71634048,4.8236,420.2,3.53,4.05,362.0,0.093,3.1,6045.0,3.956,1.719,13.435
K08100.01,FALSE POSITIVE,322.50741,20.688,349.5,2.11,1.03,257.0,0.912,13.7,5708.0,4.465,0.933,14.013
K08101.01,FALSE POSITIVE,373.8716,16.78,382.7,2.19,1.44,279.0,0.246,10.3,5846.0,4.258,1.116,13.683
K08102.01,FALSE POSITIVE,171.046664,2.438,731.0,32.31,110.64,827.0,0.387,9.8,4932.0,2.697,12.048,12.769
K08103.01,FALSE POSITIVE,0.799868354,6.613,4928.8,34.7,2581.61,1816.0,1.274,251.4,5568.0,4.488,0.882,14.335
K08206.01,FALSE POSITIVE,345.7671,15.38,212.7,2.5,3.02,336.0,0.391,12.3,5845.0,4.024,1.702,11.153
K08207.01,FALSE POSITIVE,350.34114,16.97,1363.8,2.5,0.39,202.0,0.01,16.4,5188.0,4.642,0.69,15.901
K08208.01,FALSE POSITIVE,363.97165,5.702,1966.0,40.48,0.68,231.0,1.394,8.5,5648.0,4.559,0.841,14.977
K08208.02,FALSE POSITIVE,395.23753,18.494,1298.0,3.17,0.61,225.0,0.629,13.4,5648.0,4.559,0.841,14.977
K08209.01,FALSE POSITIVE,385.97241,12.167,162.0,1.72,2.65,325.0,0.444,10.8,6732.0,4.271,1.316,13.161
K08210.01,FALSE POSITIVE,89.667675,3.726,1415.0,78.77,818.91,1364.0,0.324,7.0,4742.0,2.099,21.291,12.393
K08211.01,CANDIDATE,5.0487451,4.007,67.6,0.67,170.39,922.0,0.133,7.7,5450.0,4.573,0.83,14.811
K07997.01,FALSE POSITIVE,321.02094,7.51,592.9,1.96,0.69,232.0,0.295,8.5,5334.0,4.492,0.81,15.238
K07998.01,CANDIDATE,122.11555,16.07,1104.0,2.96,3.6,351.0,0.23,12.2,5592.0,4.418,0.894,15.546
K07999.01,FALSE POSITIVE,1.213742728,3.596,31.7,1.18,10804.6,2599.0,0.627,20.3,6532.0,3.961,1.987,13.203
K08000.01,CANDIDATE,225.48805,19.46,379.9,1.7,1.2,267.0,0.817,11.6,5663.0,4.579,0.782,15.306
K08002.01,FALSE POSITIVE,366.74866,12.446,419.1,2.35,1.48,281.0,0.663,9.1,6136.0,4.368,1.087,15.216
K08003.01,FALSE POSITIVE,0.93374894,4.637,226.2,0.18,8.36,433.0,0.457,9.3,2661.0,5.283,0.116,13.81
K08004.01,FALSE POSITIVE,0.734548624,2.207,58.6,0.84,4454.22,2082.0,0.747,25.1,6046.0,4.478,1.007,13.594
K08104.01,FALSE POSITIVE,317.99484,7.28,719.0,2.22,0.79,241.0,0.405,8.4,5665.0,4.568,0.82,15.181
K08105.01,FALSE POSITIVE,432.96732,10.85,866.0,1.64,0.12,151.0,0.189,10.0,4403.0,4.7,0.576,15.848
K08106.01,FALSE POSITIVE,614.39054,9.312,289.1,2.43,1.24,269.0,0.11,10.2,6228.0,4.193,1.427,13.541
K08107.01,CANDIDATE,578.88761,18.521,76.8,1.69,2.32,315.0,0.24,15.1,6180.0,3.946,1.917,11.402
K08108.01,FALSE POSITIVE,238.561202,11.9,260.2,5.75,24.55,568.0,0.732,16.4,6565.0,3.573,3.308,12.995
K08109.01,CANDIDATE,218.771117,3.201,140.1,250.2,3757.91,1997.0,0.95,8.4,3297.0,0.236,151.184,12.429
K08110.01,FALSE POSITIVE,375.17737,20.52,1230.0,3.64,1.15,264.0,0.405,13.7,6089.0,4.468,1.024,15.92
K08212.01,FALSE POSITIVE,334.87402,35.42,387.8,47.48,6.52,408.0,1.165,19.1,6122.0,3.811,2.348,13.381
K08213.01,FALSE POSITIVE,370.2402,31.46,1272.6,29.24,1.26,270.0,1.239,20.5,6296.0,4.481,0.966,15.59
K08214.01,FALSE POSITIVE,1.6749812,2.707,94.0,79.51,1540745.8,8986.0,0.382,8.9,3940.0,0.76,84.461,11.709
K08215.01,FALSE POSITIVE,288.678554,9.197,242.5,0.96,0.21,172.0,0.717,10.8,4326.0,4.667,0.575,13.145
K08216.01,FALSE POSITIVE,307.94735718,15.0,11296.0,76.66,13.83,492.0,0.966,16.5,4878.0,3.08,4.461,14.092
K08217.01,CANDIDATE,277.25118,8.742,1517.4,5.02,2.02,304.0,0.932,15.3,6046.0,4.357,1.048,12.349
K08218.01,FALSE POSITIVE,264.63654,42.77,431.8,42.55,4.75,376.0,1.247,28.2,6564.0,4.198,1.461,13.328
K08005.01,FALSE POSITIVE,375.408923,11.438,87.3,4.48,128.15,858.0,0.529,15.3,11357.0,3.667,4.528,10.25
K08006.01,FALSE POSITIVE,2.17812769,1.645,61.7,0.78,963.16,1421.0,0.533,10.4,6014.0,4.494,0.958,14.358
K08007.01,CANDIDATE,67.176626864,3.1147,1689.9,9.66,0.24,179.0,1.236,5.9,3391.0,4.936,0.311,16.064
K08008.01,FALSE POSITIVE,0.93378068,3.706,72.7,0.63,985.2,1427.0,0.251,9.2,4938.0,4.601,0.753,15.89
K08009.01,FALSE POSITIVE,0.93373895,4.156,39.6,0.64,3723.37,1993.0,0.259,10.5,6223.0,4.459,1.006,15.194
K08010.01,FALSE POSITIVE,0.93373718,2.582,18.9,0.48,4570.22,2097.0,0.29,8.4,6367.0,4.419,1.087,13.685
K08011.01,CANDIDATE,0.93420696,3.5,,,,,,,,,,17.305
K08111.01,CANDIDATE,359.33831,18.566,977.9,2.33,0.52,216.0,0.176,15.8,5316.0,4.539,0.753,15.825
K08112.01,FALSE POSITIVE,213.201978,15.396,696.9,1.91,0.56,221.0,0.214,12.9,4594.0,4.557,0.752,15.599
K08113.01,FALSE POSITIVE,77.773042,2.285,432.6,15.03,196.5,955.0,0.558,7.7,4763.0,2.685,7.068,12.393
K08114.01,FALSE POSITIVE,381.782641,4.52,367.6,55.75,5.12,384.0,1.204,8.6,6056.0,3.816,2.29,12.428
K08115.01,FALSE POSITIVE,354.7897,12.62,81.0,0.47,0.08,134.0,0.449,9.2,3778.0,4.742,0.515,10.067
K08116.01,FALSE POSITIVE,235.544698,8.93,299.3,2.13,2.36,316.0,0.005,9.2,5533.0,4.244,1.255,14.489
K08117.01,CANDIDATE,0.933745798,6.447,613.8,3.45,4570.22,2097.0,0.961,75.3,6367.0,4.419,1.087,15.485
K08219.01,FALSE POSITIVE,115.28415,11.39,415.1,2.05,4.63,374.0,0.39,9.5,5780.0,4.438,1.0,13.652
K08220.01,FALSE POSITIVE,423.73074,19.4,834.9,2.48,0.6,225.0,0.37,12.1,5743.0,4.553,0.853,15.969
K08221.01,CANDIDATE,293.38641,15.23,94.9,1.35,3.43,347.0,0.537,13.4,6392.0,4.213,1.34,11.097
K08222.01,FALSE POSITIVE,677.56282,10.53,631.0,2.24,0.31,190.0,0.537,8.5,5511.0,4.477,0.872,15.721
K08223.01,CANDIDATE,66.716453,3.855,626.0,2.2,6.18,402.0,0.548,8.1,5447.0,4.506,0.859,15.968
K08224.01,FALSE POSITIVE,371.21205,19.95,719.9,2.55,1.07,259.0,0.357,12.9,6106.0,4.497,0.94,15.402
K08225.01,FALSE POSITIVE,190.783023,4.069,1385.0,71.66,226.51,989.0,0.088,9.5,5013.0,2.394,19.813,13.716
K08012.01,CANDIDATE,34.573718512,2.1742,399.0,0.42,0.37,199.0,0.22,5.7,3374.0,5.066,0.218,15.708
K08013.01,FALSE POSITIVE,0.85581563,10.27,,,,,,,,,,16.951
K08014.01,FALSE POSITIVE,0.9337491,3.842,98.1,0.79,1809.26,1662.0,0.084,12.6,5628.0,4.575,0.808,15.958
K08015.01,FALSE POSITIVE,0.93374417,3.385,31.3,0.64,4835.58,2126.0,0.277,9.9,6363.0,4.399,1.131,14.616
K08016.01,FALSE POSITIVE,0.93374635,3.074,34.3,0.63,3029.67,1895.0,0.096,7.3,5593.0,4.349,1.094,14.901
K08017.01,FALSE POSITIVE,0.9337465,3.629,49.9,0.63,2852.33,1863.0,0.167,11.6,6102.0,4.528,0.887,15.024
K08018.01,FALSE POSITIVE,0.93371631,4.344,61.3,0.7,2180.39,1743.0,0.401,10.3,5734.0,4.538,0.883,15.824
K08118.01,FALSE POSITIVE,260.02265,12.009,2060.7,3.13,0.53,217.0,0.842,25.7,5250.0,4.684,0.608,14.288
K08119.01,FALSE POSITIVE,443.66,7.99,360.7,33.2,2.85,331.0,1.194,6.3,6743.0,4.144,1.433,11.765
K08120.01,FALSE POSITIVE,366.28999,10.869,2568.0,68.39,46.47,666.0,0.654,11.9,5083.0,2.708,12.868,10.664
K08121.01,FALSE POSITIVE,72.6549842,5.503,389.3,34.52,56.33,699.0,1.141,22.1,6793.0,3.926,1.96,13.492
K08122.01,CANDIDATE,54.753883835,2.0865,442.3,2.21,17.47,521.0,0.009,0.9,6242.0,4.442,1.047,14.84
K08123.01,FALSE POSITIVE,379.42818,11.24,403.9,1.89,0.95,252.0,0.006,11.1,5947.0,4.487,0.945,13.782
K08124.01,FALSE POSITIVE,103.039788,14.197,1370.0,2.05,0.46,210.0,0.039,15.9,3749.0,4.674,0.581,15.084
K08226.01,FALSE POSITIVE,371.90464,25.36,519.1,2.88,1.28,271.0,0.922,14.4,6164.0,4.446,1.045,15.155
K08227.01,FALSE POSITIVE,362.85801,17.03,151.6,1.9,3.66,353.0,0.626,10.1,6740.0,4.165,1.471,13.503
K08228.01,FALSE POSITIVE,384.558321,4.76,1330.0,14.33,5.03,382.0,0.947,10.1,5078.0,3.479,3.0,13.822
K08229.01,FALSE POSITIVE,397.72733,11.683,232.8,1.48,0.97,253.0,0.013,9.0,6032.0,4.485,0.973,14.209
K08230.01,FALSE POSITIVE,504.88419,20.18,5058.0,25.19,0.14,157.0,1.26,15.9,4559.0,4.612,0.655,15.588
K08231.01,FALSE POSITIVE,384.92275,9.98,184.8,1.64,1.87,298.0,0.288,7.2,6070.0,4.186,1.191,13.889
K08232.01,CANDIDATE,189.183958,6.829,1014.0,3.31,2.23,312.0,0.68,11.2,5573.0,4.382,0.981,15.053
K08019.01,FALSE POSITIVE,0.93376131,3.747,55.6,0.61,1891.81,1682.0,0.312,10.5,5665.0,4.568,0.82,15.529
K08020.01,FALSE POSITIVE,0.93377253,2.544,30.0,0.43,1734.32,1644.0,0.004,8.4,5595.0,4.581,0.796,14.644
K08021.01,FALSE POSITIVE,0.93376021,3.182,56.5,0.4,253.97,1019.0,0.297,9.5,3885.0,4.71,0.54,15.446
K08022.01,FALSE POSITIVE,0.93372008,2.591,17.0,0.41,3704.01,1990.0,0.413,7.9,6221.0,4.452,0.983,13.793
K08023.01,FALSE POSITIVE,0.93373591,4.517,35.1,0.57,3116.05,1904.0,0.21,10.8,6028.0,4.47,0.95,14.92
K08024.01,FALSE POSITIVE,0.93374911,3.504,57.8,0.66,2442.7,1793.0,0.505,8.4,5978.0,4.554,0.846,15.767
K08025.01,FALSE POSITIVE,0.93372261,3.052,31.2,0.59,3430.76,1949.0,0.534,8.2,5984.0,4.419,1.017,14.862
K08125.01,FALSE POSITIVE,312.61007,14.85,438.7,2.01,1.05,258.0,0.601,11.9,5818.0,4.523,0.925,14.728
K08126.01,FALSE POSITIVE,429.60143,18.11,1001.4,2.74,0.58,223.0,0.025,12.2,5587.0,4.502,0.877,15.596
K08127.01,FALSE POSITIVE,499.88159,13.39,184.4,2.61,3.07,338.0,0.671,12.4,6486.0,3.992,1.812,12.968
K08128.01,FALSE POSITIVE,197.37704,18.71,226.2,84.37,104.45,815.0,1.277,15.1,10974.0,4.041,2.677,10.734
K08129.01,FALSE POSITIVE,1.65746034,4.572,22.9,0.54,1808.13,1663.0,0.193,9.1,5860.0,4.326,1.13,13.869
K08130.01,FALSE POSITIVE,0.566799395,1.5368,231.2,1.65,8550.93,2448.0,0.042,33.7,6322.0,4.426,1.075,15.557
K08131.01,FALSE POSITIVE,203.8406,9.33,227.4,2.41,5.21,385.0,0.04,8.6,5548.0,3.97,1.616,13.499
K08233.01,FALSE POSITIVE,14.395425,5.12,115.4,0.85,48.08,672.0,0.398,9.4,5715.0,4.586,0.782,13.686
K08234.01,FALSE POSITIVE,231.157554,8.489,845.6,37.37,91.65,789.0,0.749,17.4,5386.0,2.78,11.839,13.451
K08235.01,FALSE POSITIVE,495.06538,21.09,417.0,2.0,0.74,236.0,0.341,13.2,6075.0,4.486,0.969,14.116
K08236.01,FALSE POSITIVE,595.78152,15.97,84.9,1.18,0.85,245.0,0.164,10.6,5618.0,4.155,1.288,11.446
K08237.01,FALSE POSITIVE,365.709623,13.553,1033.4,26.93,31.42,604.0,0.338,15.1,4787.0,2.629,8.522,13.888
K08238.01,CANDIDATE,495.662346,4.428,675.7,2.73,0.43,207.0,0.949,10.2,5515.0,4.509,0.82,14.322
K08239.01,FALSE POSITIVE,655.25732,20.05,268.2,1.56,0.62,226.0,0.141,11.5,6420.0,4.492,0.941,13.892
K08026.01,CANDIDATE,7.7529342,5.072,72.1,0.93,238.09,1002.0,0.449,9.2,5975.0,4.335,1.072,14.751
K08027.01,FALSE POSITIVE,0.573762943,2.196,48.3,0.39,1331.17,1538.0,0.13,8.5,4891.0,4.683,0.571,14.028
K08028.01,FALSE POSITIVE,1.072934147,4.50475,96883.0,81.42,9590.04,2523.0,1.009,949.0,7031.0,4.222,1.523,13.96
K08029.01,FALSE POSITIVE,2.61854596,4.866,19.7,1.18,3846.53,2008.0,0.033,8.1,5657.0,3.721,2.682,13.133
K08030.01,FALSE POSITIVE,13.667809025,2.7993,127.7,0.91,58.32,705.0,0.212,2.6,5796.0,4.556,0.807,14.812
K08031.01,CANDIDATE,254.336707,8.585,398.4,13.97,27.88,586.0,0.728,11.3,5193.0,3.117,6.502,13.625
K08032.01,FALSE POSITIVE,1.105123883,3.001,66.7,0.83,2235.64,1755.0,0.685,20.7,5883.0,4.476,0.959,14.512
K08132.01,FALSE POSITIVE,381.85852,16.121,362.9,8.3,9.93,453.0,0.024,16.0,4959.0,3.155,4.486,12.883
K08133.01,FALSE POSITIVE,455.77076435,5.1149,341.1,5.34,7.28,419.0,0.802,11.6,6785.0,3.788,2.623,12.389
K08134.01,FALSE POSITIVE,212.760495,3.703,195.8,2.8,13.13,485.0,0.036,9.2,7021.0,4.031,1.976,12.946
K08135.01,FALSE POSITIVE,73.836858,19.722,231.2,25.09,403.37,1143.0,0.8,13.1,4769.0,2.583,14.706,10.996
K08136.01,FALSE POSITIVE,160.243128,5.393,556.4,15.72,52.5,686.0,0.258,10.2,5128.0,3.091,6.775,14.859
K08137.01,FALSE POSITIVE,402.41511,5.156,780.6,2.52,0.96,253.0,0.281,9.5,6251.0,4.53,0.889,12.987
K08138.01,FALSE POSITIVE,369.28177,26.96,1017.7,34.25,0.93,250.0,1.297,13.0,5900.0,4.509,0.951,15.478
K08240.01,FALSE POSITIVE,462.463589,5.007,1024.3,8.92,3.78,355.0,0.386,13.2,5059.0,3.466,2.799,13.993
K08241.01,CANDIDATE,490.63941,16.5,268.8,7.67,6.84,412.0,0.015,9.6,5037.0,3.252,4.817,13.227
K08242.01,CANDIDATE,331.55459,5.35,288.7,1.36,0.78,240.0,0.001,6.7,5762.0,4.576,0.801,14.066
K08243.01,FALSE POSITIVE,0.939375593,2.8424,100893.0,52.18,3333.58,1936.0,0.987,317.3,5826.0,4.345,0.978,14.904
K08244.01,FALSE POSITIVE,31.1911468,7.003,228.4,9.36,386.78,1131.0,0.019,11.4,4785.0,3.009,6.443,13.729
K08245.01,FALSE POSITIVE,30.9587224,4.411,342.0,2.34,52.49,686.0,0.765,13.1,6525.0,4.381,1.161,14.75
K08246.01,CANDIDATE,425.64971,11.07,171.2,1.58,1.48,281.0,0.303,7.6,6067.0,4.253,1.195,13.855
K07923.01,CANDIDATE,395.13138,21.291,126.4,0.97,0.44,208.0,0.45,14.4,5060.0,4.493,0.869,12.642
K07924.01,CANDIDATE,0.770658979,1.401,83.5,0.68,1348.87,1548.0,0.444,11.7,5058.0,4.61,0.739,15.132
K07925.01,CANDIDATE,4.6318914,3.88,50.9,0.64,297.79,1060.0,0.395,9.2,5926.0,4.532,0.887,14.272
K08033.01,CANDIDATE,362.13187,5.59,849.0,2.23,0.45,208.0,0.397,8.2,5176.0,4.567,0.766,15.313
K08034.01,FALSE POSITIVE,9.1447861,5.422,268.8,1.63,119.61,843.0,0.742,14.9,5849.0,4.517,0.919,15.884
K08035.01,CANDIDATE,29.4856392,4.27,105.0,1.46,93.27,793.0,0.103,9.3,6870.0,4.266,1.407,13.783
K08036.01,FALSE POSITIVE,0.786483923,7.035,233.3,21.66,7999.91,2408.0,1.139,104.2,6315.0,4.258,1.282,13.504
K08037.01,CANDIDATE,3.65034525,1.527,253.2,0.72,26.47,578.0,0.289,6.0,3704.0,4.797,0.45,15.519
K08038.01,FALSE POSITIVE,0.9438885,2.592,35.8,1.45,23572.82,3158.0,0.649,8.3,6947.0,3.895,2.297,12.521
K08039.01,CANDIDATE,43.9438891,5.26,154.8,1.12,15.41,505.0,0.523,9.7,6008.0,4.537,0.875,14.685
K08139.01,FALSE POSITIVE,40.244826,4.303,192.9,115.94,28103.18,3302.0,0.022,16.8,3674.0,0.452,89.878,12.314
K08140.01,FALSE POSITIVE,135.428746,7.394,381.1,1.83,3.29,343.0,0.498,7.9,5849.0,4.517,0.919,15.445
K08141.01,FALSE POSITIVE,380.03903,18.5,788.8,2.36,0.55,219.0,0.555,13.2,5477.0,4.568,0.818,15.198
K08142.01,FALSE POSITIVE,380.294204,12.351,730.5,2.27,0.65,229.0,0.519,15.0,5518.0,4.473,0.822,14.945
K08143.01,FALSE POSITIVE,373.74691,28.37,622.3,2.65,1.08,260.0,0.834,16.2,6131.0,4.497,0.945,15.193
K08144.01,FALSE POSITIVE,315.81065,23.66,541.6,1.82,0.47,212.0,0.094,11.6,4875.0,4.514,0.81,15.374
K08145.01,FALSE POSITIVE,16.9341628,3.94,207.8,1.71,95.78,798.0,0.662,7.2,6321.0,4.417,1.125,15.934
K08247.01,FALSE POSITIVE,527.68601,4.817,602.0,2.0,0.4,203.0,0.011,6.8,5657.0,4.567,0.824,15.031
K08248.01,FALSE POSITIVE,267.911652,4.124,695.0,2.38,1.03,257.0,0.016,7.7,5291.0,4.423,0.926,15.204
K08249.01,CANDIDATE,309.191789,11.392,122.8,1.96,5.08,383.0,0.155,10.5,6299.0,3.99,1.754,12.746
K08250.01,FALSE POSITIVE,99.299502,3.631,408.5,5.4,51.2,682.0,0.526,6.6,6832.0,3.851,2.578,13.293
K08251.01,FALSE POSITIVE,371.47786,12.3,264.9,1.2,0.4,203.0,0.128,8.6,5162.0,4.605,0.754,14.603
K08252.01,FALSE POSITIVE,1.99638423,2.4,29.4,0.59,1505.17,1590.0,0.223,6.2,6249.0,4.428,1.076,14.099
K08253.01,CANDIDATE,400.11482,12.37,113.4,0.95,0.62,226.0,0.066,6.7,5547.0,4.521,0.911,13.521
K07926.01,FALSE POSITIVE,29.3657204,8.7303,74936.0,51.33,51.92,685.0,0.954,808.9,6167.0,4.299,1.195,14.053
K07927.01,FALSE POSITIVE,1.035329922,3.8022,992.8,105.66,42120.85,3654.0,1.243,178.0,7030.0,3.65,3.512,13.632
K07928.01,CANDIDATE,1.12625975,3.62,,,,,,,,,,15.375
K07929.01,FALSE POSITIVE,3.04463691,6.656,47.0,0.68,721.48,1321.0,0.322,10.4,6181.0,4.474,0.98,14.886
K07930.01,CANDIDATE,377.67241,15.82,514.8,1.37,0.29,187.0,0.107,10.2,5031.0,4.644,0.615,15.18
K07931.01,CANDIDATE,242.0367,11.01,333.3,2.11,2.57,323.0,0.568,8.9,6086.0,4.36,1.116,15.055
K07932.01,CANDIDATE,502.25648,14.84,153.2,1.03,0.51,215.0,0.05,8.1,5637.0,4.46,0.833,13.339
K08041.01,FALSE POSITIVE,7.508818,6.5,70.1,1.02,354.74,1107.0,0.025,7.4,6293.0,4.291,1.213,11.878
K08042.01,FALSE POSITIVE,383.937324,2.884,627.7,7.9,5.43,389.0,0.011,10.8,5216.0,3.53,3.207,13.588
K08043.01,CANDIDATE,10.7781558,3.005,121.3,1.24,186.22,942.0,0.009,7.9,6386.0,4.402,1.123,15.267
K08044.01,FALSE POSITIVE,0.619618218,1.2517,50.3,3.34,50197.86,3818.0,0.389,4.4,5180.0,3.314,4.717,13.705
K08045.01,FALSE POSITIVE,4.17363793,2.738,49.7,2.52,5511.8,2197.0,0.597,10.5,6619.0,3.595,3.41,12.754
K08046.01,CANDIDATE,384.37706,15.139,1204.9,50.93,49.27,676.0,0.901,22.6,4859.0,2.481,12.023,12.656
K08047.01,CANDIDATE,302.34971,4.978,622.3,1.98,0.44,208.0,0.468,8.0,4829.0,4.564,0.794,15.222
K08145.02,FALSE POSITIVE,244.58323,12.822,408.3,2.33,2.72,328.0,0.483,7.1,6321.0,4.417,1.125,15.934
K08146.01,FALSE POSITIVE,185.83013,10.14,72.6,1.01,4.42,370.0,0.037,8.1,6137.0,4.286,1.187,12.218
K08147.01,FALSE POSITIVE,363.346158,4.911,896.0,22.36,19.65,537.0,0.29,10.7,4994.0,3.002,7.619,13.971
K08148.01,FALSE POSITIVE,303.91225,15.37,479.5,1.97,0.81,242.0,0.504,12.4,5412.0,4.513,0.887,15.264
K08149.01,FALSE POSITIVE,536.52197,4.458,293.9,3.0,1.31,273.0,0.14,9.7,5335.0,3.973,1.794,12.101
K08150.01,FALSE POSITIVE,350.514,19.53,213.5,2.22,3.37,346.0,0.259,12.0,6382.0,4.115,1.5,13.954
K08151.01,FALSE POSITIVE,431.51734,16.42,5332.7,10.28,1.6,287.0,0.718,206.2,6221.0,4.294,1.312,13.922
K08254.01,FALSE POSITIVE,0.638697833,5.1609,141454.0,162.15,8720.57,2464.0,1.757,206.3,6424.0,4.388,1.18,14.068
K08255.01,FALSE POSITIVE,539.214259,3.464,300.6,2.04,1.17,265.0,0.001,7.8,6469.0,4.359,1.171,13.803
K08256.01,FALSE POSITIVE,343.56446,18.94,179.6,1.8,1.87,298.0,0.433,8.4,5770.0,4.2,1.326,14.217
K08257.01,CANDIDATE,9.4609418,4.888,47.5,0.54,81.83,767.0,0.161,7.9,5485.0,4.5,0.788,13.413
K08258.01,FALSE POSITIVE,54.432903,3.554,307.6,1.41,6.29,404.0,0.099,7.7,5119.0,4.493,0.827,15.393
K08259.01,CANDIDATE,402.27493,15.67,294.5,1.73,1.11,262.0,0.668,11.1,6299.0,4.486,0.95,14.619
K08260.01,FALSE POSITIVE,235.20613,6.989,642.0,1.71,0.66,230.0,0.297,6.8,5205.0,4.648,0.679,15.917
K07933.01,FALSE POSITIVE,20.004714,2.952,115.7,0.89,26.19,577.0,0.18,6.7,5299.0,4.534,0.848,14.437
K07934.01,CANDIDATE,22.6432436,0.806,550.4,2.12,35.77,624.0,0.136,8.2,5880.0,4.516,0.891,15.581
K07935.01,FALSE POSITIVE,350.65158,7.976,248.1,1.31,0.83,243.0,0.004,8.2,5882.0,4.56,0.833,14.375
K07937.01,FALSE POSITIVE,4.18587282,1.998,99.4,0.89,295.17,1057.0,0.078,9.3,5455.0,4.421,0.909,14.525
K07938.01,CANDIDATE,275.5603,15.09,89.4,2.33,8.6,437.0,0.018,11.5,5989.0,3.764,2.467,11.663
K07939.01,FALSE POSITIVE,2.178142613,0.906,172.7,1.22,1050.06,1452.0,0.468,16.1,6290.0,4.527,0.898,14.652
K07940.01,CANDIDATE,188.881049,1.49,325.8,1.86,2.79,330.0,0.504,12.9,6077.0,4.471,0.999,12.85
K08048.01,CANDIDATE,379.67276,9.662,253.9,1.33,0.88,247.0,0.302,7.9,6156.0,4.563,0.824,14.44
K08049.01,FALSE POSITIVE,391.420272,3.84,236.7,1.61,1.01,256.0,0.797,10.3,6032.0,4.46,0.949,12.879
K08050.01,CANDIDATE,278.38935,10.43,262.8,6.81,10.93,464.0,0.12,11.2,4951.0,3.349,4.342,12.795
K08051.01,FALSE POSITIVE,185.243906,3.276,383.9,2.38,3.7,354.0,0.726,7.9,6218.0,4.417,1.131,14.652
K08052.01,CANDIDATE,7.8687123,3.739,89.1,1.73,722.44,1323.0,0.748,9.1,6738.0,4.109,1.692,13.41
K08053.01,CANDIDATE,9.9105786,5.945,99.5,1.19,170.47,922.0,0.813,9.2,6214.0,4.442,1.076,14.863
K08054.01,CANDIDATE,43.9088053,6.265,297.8,7.33,144.75,885.0,0.272,13.7,5216.0,3.402,4.303,13.589
K08152.01,FALSE POSITIVE,261.684363,3.892,817.0,1.46,0.22,175.0,0.037,8.3,4393.0,4.713,0.526,14.864
K08153.01,FALSE POSITIVE,0.808106001,3.9174,7676.4,39.59,3631.91,1978.0,1.269,73.3,6014.0,4.494,0.958,15.94
K08154.01,FALSE POSITIVE,391.33068,12.37,277.2,1.68,1.33,274.0,0.508,10.3,6428.0,4.457,0.977,14.056
K08155.01,FALSE POSITIVE,320.56794551,15.3614,898.9,2.43,0.71,234.0,0.331,7.5,5546.0,4.575,0.81,15.916
K08156.01,CANDIDATE,364.98242,12.346,533.0,3.12,1.73,293.0,0.926,13.1,6429.0,4.404,1.116,14.324
K08157.01,CANDIDATE,0.58730021,0.82,,,,,,,,,,14.01
K08158.01,FALSE POSITIVE,116.025744,3.539,1361.0,37.99,150.02,893.0,0.017,18.5,4575.0,2.592,10.788,12.184
K08261.01,FALSE POSITIVE,85.9770426,1.919,1064.0,1.46,0.4,202.0,0.042,8.0,3710.0,4.797,0.452,15.901
K08262.01,FALSE POSITIVE,370.94353,16.64,1071.3,27.77,0.64,228.0,1.294,14.6,5755.0,4.588,0.776,15.048
K08263.01,CANDIDATE,280.55544,12.757,401.4,2.17,2.13,308.0,0.031,9.3,6292.0,4.426,1.078,15.16
K08264.01,FALSE POSITIVE,30.6261927,1.107,162.6,1.55,43.61,655.0,0.386,6.6,5860.0,4.244,1.197,13.891
K08265.01,FALSE POSITIVE,364.42189,38.14,2498.0,36.37,1.14,264.0,1.276,28.5,6047.0,4.47,1.002,15.975
K08266.01,FALSE POSITIVE,440.584562,10.534,65.9,1.67,15.38,505.0,0.062,16.1,9935.0,4.205,1.996,9.397
K08267.01,FALSE POSITIVE,269.331027,4.891,515.7,2.54,2.02,304.0,0.679,7.9,6129.0,4.419,1.055,15.394
K07942.01,FALSE POSITIVE,25.3428696,1.51,230.5,1.85,58.81,706.0,0.554,7.5,6311.0,4.398,1.172,15.0
K07943.01,FALSE POSITIVE,0.66234265,1.049,2359.0,5.13,4499.32,2089.0,0.631,12.4,5780.0,4.438,1.0,17.332
K07944.01,FALSE POSITIVE,0.536654028,2.783,41.0,0.67,6574.04,2299.0,0.62,21.8,5887.0,4.421,1.001,13.805
K07945.01,FALSE POSITIVE,1.08908149,2.262,130.7,0.69,386.2,1131.0,0.31,9.9,4327.0,4.639,0.614,15.597
K07946.01,FALSE POSITIVE,77.97621155,2.0,,,,,,,,,,14.703
K07947.01,FALSE POSITIVE,0.609668222,2.836,287.6,1.35,2491.57,1805.0,0.135,15.7,5296.0,4.576,0.815,16.678
K07948.01,FALSE POSITIVE,3.55650403,6.862,132.3,0.56,26.66,580.0,0.846,11.8,3745.0,4.819,0.427,15.802
K08055.01,CANDIDATE,4.40660737,2.107,70.7,0.86,415.56,1152.0,0.433,8.1,6063.0,4.47,1.001,14.689
K08056.01,FALSE POSITIVE,0.527673051,1.631,28.3,1.43,63629.23,4056.0,0.216,13.5,6762.0,3.738,2.637,13.699
K08057.01,FALSE POSITIVE,117.140785,3.401,337.1,15.87,130.52,862.0,0.643,8.5,5282.0,2.932,8.243,13.015
K08058.01,FALSE POSITIVE,0.590281548,2.72,21.6,0.68,11597.35,2643.0,0.801,20.6,6124.0,4.196,1.315,12.174
K08059.01,FALSE POSITIVE,4.5647147,13.395,99.3,1.04,387.76,1131.0,0.647,18.0,5953.0,4.433,0.99,14.095
K08060.01,FALSE POSITIVE,372.086704,3.686,2494.0,38.4,1.51,283.0,1.266,18.0,6289.0,4.411,1.093,15.279
K08060.02,FALSE POSITIVE,363.448167,6.013,2124.0,37.03,1.56,285.0,1.259,19.4,6289.0,4.411,1.093,15.279
K08159.01,FALSE POSITIVE,348.68162,10.959,309.3,2.09,1.96,302.0,0.506,11.9,6450.0,4.386,1.155,13.971
K08159.02,CANDIDATE,353.01861,15.583,375.1,2.25,1.93,301.0,0.064,14.9,6450.0,4.386,1.155,13.971
K08160.01,FALSE POSITIVE,345.128277,15.925,324.4,1.94,1.5,282.0,0.175,11.4,6214.0,4.442,1.076,14.495
K08161.01,FALSE POSITIVE,370.38642,23.94,186.2,2.12,2.74,328.0,0.006,13.9,6179.0,4.134,1.555,13.732
K08162.01,FALSE POSITIVE,267.970682,11.48,357.7,1.7,1.45,280.0,0.008,10.4,6008.0,4.519,0.897,14.077
K08163.01,CANDIDATE,370.98253,17.84,552.3,119.96,3.07,338.0,1.655,15.7,6028.0,4.013,1.63,13.936
K08164.01,FALSE POSITIVE,417.829033,15.05,500.8,2.19,0.9,248.0,0.279,8.9,6018.0,4.485,0.975,15.499
K08268.01,FALSE POSITIVE,368.5224,36.29,1330.2,26.7,1.09,260.0,1.22,22.7,6063.0,4.473,0.941,15.564
K08269.01,FALSE POSITIVE,371.4589776,10.0734,456.6,2.22,1.51,283.0,0.037,10.8,6388.0,4.427,1.033,14.28
K08270.01,CANDIDATE,338.00692,16.745,544.3,2.09,0.91,249.0,0.184,15.3,5741.0,4.502,0.898,15.023
K08271.01,FALSE POSITIVE,34.9989085,1.764,427.1,1.65,4.74,376.0,0.896,7.5,4559.0,4.653,0.648,15.326
K08272.01,CANDIDATE,432.42787,19.63,110.3,1.14,1.07,259.0,0.716,6.0,6263.0,4.46,1.009,13.814
K08273.01,FALSE POSITIVE,386.78734,15.51,743.7,2.34,0.6,224.0,0.479,10.3,5425.0,4.484,0.847,15.876
K08274.01,FALSE POSITIVE,449.557346,17.227,1193.1,55.33,64.05,721.0,0.69,28.4,5323.0,2.51,15.075,13.81
K07949.01,CANDIDATE,1.001916708,1.256,70.9,0.62,1352.47,1545.0,0.074,8.3,5521.0,4.613,0.734,14.985
K07950.01,FALSE POSITIVE,2.21568076,1.515,43.6,0.57,550.44,1236.0,0.563,6.9,5349.0,4.478,0.836,13.805
K07951.01,CANDIDATE,0.862329309,1.044,140.9,1.09,2623.55,1825.0,0.421,10.8,5806.0,4.528,0.899,15.769
K07952.01,FALSE POSITIVE,3.850304552,1.5337,158.0,0.28,6.44,407.0,0.29,5.3,3274.0,5.044,0.224,15.61
K07953.01,CANDIDATE,432.96905,20.76,257.9,1.43,0.55,219.0,0.4,8.1,5580.0,4.538,0.886,14.942
K07954.01,CANDIDATE,372.15035,21.23,457.4,1.74,0.69,232.0,0.259,12.3,5769.0,4.57,0.812,15.138
K07955.01,FALSE POSITIVE,1.07383154,4.846,31355.0,137.54,48979.38,3791.0,1.198,137.3,8059.0,3.789,2.859,14.902
K08061.01,FALSE POSITIVE,0.719741,2.628,32.2,0.57,4398.76,2074.0,0.275,6.5,6014.0,4.486,0.993,8.777
K08063.01,CANDIDATE,405.35457,10.778,545.6,2.11,0.69,232.0,0.285,10.2,5650.0,4.487,0.906,15.328
K08064.01,FALSE POSITIVE,1.47623061,2.032,39.1,0.71,2484.49,1802.0,0.375,9.7,6325.0,4.409,1.112,14.063
K08065.01,FALSE POSITIVE,0.520227316,1.7939,68633.0,50.41,6193.15,2264.0,1.052,122.3,5780.0,4.438,1.0,19.174
K08066.01,FALSE POSITIVE,36.3192885,2.601,400.2,25.43,933.26,1410.0,0.571,8.6,5008.0,2.706,12.39,13.56
K08067.01,FALSE POSITIVE,1.901655058,4.6545,87321.0,89.89,5467.3,2192.0,1.032,190.6,6929.0,4.102,1.704,15.064
K08068.01,CANDIDATE,9.4640413,6.999,209.9,1.28,117.23,839.0,0.048,9.4,5968.0,4.534,0.881,15.807
K08165.01,FALSE POSITIVE,331.92622,10.84,809.0,2.25,0.72,235.0,0.026,8.7,5652.0,4.577,0.798,15.986
K08166.01,FALSE POSITIVE,346.31688,21.92,1435.0,5.21,1.42,278.0,0.954,17.0,6060.0,4.408,1.068,15.386
K08166.02,FALSE POSITIVE,365.61087,16.102,1116.0,4.42,1.32,273.0,0.935,12.3,6060.0,4.408,1.068,15.386
K08167.01,FALSE POSITIVE,259.85736,24.04,307.7,1.33,0.74,237.0,0.512,14.2,5374.0,4.61,0.744,14.458
K08168.01,FALSE POSITIVE,5.29731736,3.341,167.5,1.13,226.1,989.0,0.192,8.7,5815.0,4.54,0.877,15.654
K08169.01,FALSE POSITIVE,447.97028,10.857,512.7,2.0,0.67,230.0,0.021,9.2,5911.0,4.53,0.887,15.152
K08170.01,FALSE POSITIVE,374.80095,10.691,144.4,1.53,1.59,286.0,0.539,11.4,5804.0,4.214,1.234,12.283
K08275.01,CANDIDATE,389.875816,3.336,2134.0,3.76,0.44,207.0,0.576,8.9,5289.0,4.588,0.79,15.953
K08276.01,CANDIDATE,385.858683,12.071,548.4,3.23,1.92,300.0,0.877,21.2,6551.0,4.367,1.195,13.993
K08277.01,CANDIDATE,0.757261281,0.905,36.5,0.58,3119.75,1908.0,0.322,10.2,5651.0,4.479,0.953,14.024
K08278.01,FALSE POSITIVE,172.280975,12.24,313.8,1.6,1.95,301.0,0.602,10.2,5659.0,4.538,0.869,15.112
K08279.01,CANDIDATE,367.0896,28.02,2092.3,35.3,1.48,281.0,1.242,27.7,6268.0,4.429,1.1,15.267
K08280.01,CANDIDATE,66.67305,6.381,472.1,2.64,20.35,542.0,0.415,9.6,6592.0,4.369,1.19,14.634
K08281.01,FALSE POSITIVE,244.547128,3.59,587.0,1.74,0.64,228.0,0.003,6.4,5094.0,4.612,0.736,15.492
K07956.01,FALSE POSITIVE,1.27228771,2.099,82.9,0.63,624.11,1275.0,0.428,9.5,5044.0,4.64,0.686,15.457
K07957.01,FALSE POSITIVE,1.886002102,1.021,47.4,0.65,997.72,1433.0,0.361,7.6,5793.0,4.485,0.925,14.007
K07958.01,FALSE POSITIVE,386.35444,9.594,129.6,1.43,1.6,287.0,0.705,10.9,6165.0,4.319,1.177,12.458
K07959.01,FALSE POSITIVE,371.21454,19.4,1780.0,28.21,0.47,212.0,1.254,14.4,5189.0,4.557,0.85,15.713
K07960.01,FALSE POSITIVE,365.5435,14.78,753.1,3.04,1.51,283.0,0.518,13.4,6306.0,4.426,1.076,15.397
K07961.01,FALSE POSITIVE,7.02932339,2.853,81.6,0.92,212.66,974.0,0.098,8.7,5977.0,4.473,1.022,14.27
K07962.01,FALSE POSITIVE,19.229478,4.68,115.8,1.97,209.42,970.0,0.699,8.1,6654.0,4.113,1.712,14.429
K08069.01,FALSE POSITIVE,38.35312,2.9,3090.0,5.57,22.73,557.0,0.017,8.6,5979.0,4.449,1.004,15.457
K08070.01,FALSE POSITIVE,114.661733,2.784,281.8,1.38,2.37,316.0,0.863,7.3,5412.0,4.562,0.712,14.077
K08071.01,FALSE POSITIVE,313.19875,8.603,721.0,1.95,0.51,216.0,0.36,9.6,5254.0,4.618,0.73,15.693
K08072.01,FALSE POSITIVE,134.370692,8.73,432.6,1.95,3.58,351.0,0.174,8.1,5910.0,4.505,0.94,15.541
K08073.01,FALSE POSITIVE,2.52123022,4.739,145.9,9.68,65.58,726.0,1.158,8.9,3932.0,4.745,0.52,15.521
K08074.01,FALSE POSITIVE,47.4314857,4.511,172.8,8.83,265.1,1029.0,0.014,10.3,5166.0,3.12,6.891,11.765
K08075.01,FALSE POSITIVE,6.0962602,10.4,30.4,0.62,284.96,1048.0,0.787,10.0,6108.0,4.466,1.03,13.723
K08171.01,FALSE POSITIVE,472.6038,12.15,672.0,2.28,0.54,218.0,0.476,7.7,5764.0,4.548,0.863,15.975
K08172.01,FALSE POSITIVE,371.51852,30.94,263.0,2.28,1.53,284.0,0.962,17.0,6227.0,4.377,1.089,13.731
K08173.01,FALSE POSITIVE,323.66542,20.37,1178.0,1.58,0.07,133.0,0.031,9.1,3737.0,4.779,0.466,15.466
K08174.01,CANDIDATE,295.06066,16.18,72.2,0.64,0.7,233.0,0.052,10.4,5332.0,4.524,0.762,11.922
K08175.01,FALSE POSITIVE,367.01607,15.48,738.6,2.46,0.85,245.0,0.633,11.2,5931.0,4.545,0.863,15.168
K08176.01,FALSE POSITIVE,568.08251,13.608,508.3,2.14,0.42,205.0,0.4,18.1,5359.0,4.403,0.95,12.933
K08177.01,FALSE POSITIVE,3.0447752,7.35,74.9,0.68,299.07,1061.0,0.383,8.6,5390.0,4.591,0.78,15.964
K08282.01,FALSE POSITIVE,456.55308,4.435,116.2,1.48,1.26,270.0,0.673,7.3,5678.0,4.161,1.298,11.858
K08283.01,FALSE POSITIVE,209.941369,2.97,477.3,14.36,42.43,651.0,0.157,10.2,5125.0,2.988,6.69,13.066
K08284.01,FALSE POSITIVE,49.763624,2.749,412.0,2.43,28.31,588.0,0.02,6.8,6477.0,4.361,1.187,14.867
K08285.01,FALSE POSITIVE,320.347208,7.159,262.8,1.58,1.33,274.0,0.548,8.8,6146.0,4.497,0.943,13.996
K08286.01,CANDIDATE,191.03728,3.595,1607.0,3.54,1.58,286.0,0.091,7.0,5440.0,4.497,0.901,16.652
K08287.01,FALSE POSITIVE,358.74318,19.76,760.5,2.25,0.6,224.0,0.151,15.9,5482.0,4.566,0.826,14.806
K08288.01,FALSE POSITIVE,0.660663034,2.81,134.0,1.32,7605.89,2385.0,0.025,23.3,6353.0,4.397,1.134,14.784
K07963.01,FALSE POSITIVE,14.3400358,5.7,1706.0,0.68,0.89,248.0,0.006,8.0,3358.0,5.149,0.174,18.013
K07964.01,FALSE POSITIVE,0.505079006,1.36737,28077.9,86.41,19181.12,2997.0,1.184,665.5,5398.0,3.822,1.843,15.992
K07965.01,FALSE POSITIVE,7.19680984,1.683,50.5,1.2,625.53,1275.0,0.27,10.0,6325.0,4.112,1.676,13.118
K07966.01,FALSE POSITIVE,1.33257715,5.158,27.1,0.44,1378.01,1553.0,0.326,15.5,5852.0,4.559,0.837,13.454
K07967.01,FALSE POSITIVE,1.33254428,3.122,162.2,0.93,981.02,1427.0,0.021,18.1,5460.0,4.543,0.734,15.84
K07968.01,FALSE POSITIVE,424.623345,9.666,5132.1,8.13,1.17,265.0,0.819,60.2,6339.0,4.454,1.017,15.513
K07969.01,FALSE POSITIVE,1.456383399,11.838,212.2,52.87,12950.97,2721.0,1.169,94.0,6184.0,3.665,2.646,13.401
K08076.01,CANDIDATE,71.10684,6.933,128.4,1.42,17.68,523.0,0.466,10.5,6339.0,4.315,1.224,13.74
K08077.01,CANDIDATE,77.177672,2.312,318.6,1.29,2.7,327.0,0.026,8.0,4840.0,4.551,0.749,14.427
K08078.01,CANDIDATE,0.805941833,1.4432,3180.4,29.85,1189.65,1498.0,1.339,55.4,5022.0,4.597,0.672,14.169
K08079.01,FALSE POSITIVE,0.608074963,0.879,117.5,1.15,7350.47,2362.0,0.11,10.8,6309.0,4.441,1.044,15.326
K08080.01,FALSE POSITIVE,0.559643825,0.677,1812.6,27.21,2854.44,1860.0,1.264,130.7,5240.0,4.521,0.774,15.36
K08081.01,FALSE POSITIVE,0.502446098,1.803,11.4,0.43,12572.01,2705.0,0.636,10.1,6306.0,4.311,1.197,12.54
K08082.01,CANDIDATE,8.2766028,4.834,73.1,2.48,1639.28,1623.0,0.638,10.0,6787.0,3.762,2.753,12.43
K08178.01,FALSE POSITIVE,256.45616,35.35,17283.0,9.44,0.22,175.0,0.779,14.4,4070.0,4.628,0.646,15.745
K08179.01,FALSE POSITIVE,138.62902498,4.93,,,,,,,,,,10.555
K08180.01,CANDIDATE,185.97534,8.744,54.5,2.76,53.05,688.0,0.4,2.6,7365.0,3.628,3.638,10.554
K08181.01,FALSE POSITIVE,388.519605,10.613,151.2,2.3,3.56,350.0,0.478,15.1,6164.0,3.985,1.825,11.543
K08182.01,FALSE POSITIVE,60.049737,20.17,16650.0,28.92,2.47,320.0,1.217,17.5,4538.0,4.607,0.663,16.675
K08183.01,CANDIDATE,5.8877038,4.009,39.7,0.6,262.67,1026.0,0.185,9.3,6065.0,4.495,0.947,13.811
K08184.01,FALSE POSITIVE,237.26601,8.74,150.4,1.23,1.89,299.0,0.034,8.6,5786.0,4.402,1.007,11.594
K08289.01,FALSE POSITIVE,0.93371211,4.76,126.2,0.75,715.48,1318.0,0.119,14.3,4604.0,4.591,0.696,15.393
K08290.01,FALSE POSITIVE,461.13781,12.91,408.2,1.26,0.21,173.0,0.003,7.4,4988.0,4.663,0.636,15.69
K08291.01,FALSE POSITIVE,0.93376089,3.027,27.3,0.57,4286.78,2064.0,0.035,9.7,6292.0,4.426,1.078,14.388
K08292.01,FALSE POSITIVE,367.761848,4.891,428.0,20.06,35.55,623.0,0.025,9.8,5348.0,2.897,9.888,10.736
K08293.01,FALSE POSITIVE,378.65484,11.3,247.8,1.53,1.04,258.0,0.243,6.8,6000.0,4.463,0.97,14.872
K08294.01,FALSE POSITIVE,384.356448,3.872,715.7,3.03,1.0,255.0,0.848,13.2,5903.0,4.445,0.994,14.391
K08295.01,FALSE POSITIVE,1.75647084,2.538,69.5,0.69,924.14,1405.0,0.023,10.9,5813.0,4.561,0.833,14.723
K07970.01,CANDIDATE,1.98514635,1.625,233.4,1.28,675.28,1299.0,0.126,11.0,5581.0,4.559,0.845,15.988
K07971.01,FALSE POSITIVE,1.33259003,3.962,11.9,0.69,16962.04,2909.0,0.454,7.4,8133.0,4.146,1.935,10.886
K07972.01,FALSE POSITIVE,1.33254024,3.16,35.8,0.59,1777.13,1658.0,0.815,12.1,6071.0,4.511,0.887,14.282
K07973.01,CANDIDATE,1.33199285,4.33,,,,,,,,,,15.024
K07974.01,FALSE POSITIVE,1.33255492,3.63,66.6,0.92,2765.99,1850.0,0.462,10.1,6310.0,4.417,1.095,15.27
K07975.01,FALSE POSITIVE,1.33259095,4.947,105.5,1.14,2349.35,1776.0,0.711,13.6,6184.0,4.448,1.038,15.98
K07976.01,CANDIDATE,5.82561701,3.246,142.8,1.21,273.08,1037.0,0.635,9.2,5999.0,4.459,0.967,15.449
K08083.01,FALSE POSITIVE,234.524445,3.9,876.0,2.33,0.62,226.0,0.741,6.8,4987.0,4.613,0.727,15.8
K08084.01,FALSE POSITIVE,317.74527,17.54,206.6,2.1,3.03,336.0,0.787,13.6,6050.0,4.08,1.333,13.385
K08085.01,CANDIDATE,419.2615,21.53,287.8,1.7,1.02,256.0,0.5,10.1,5979.0,4.379,0.975,14.547
K08086.01,FALSE POSITIVE,18.384953,5.92,92.9,1.36,136.82,872.0,0.012,6.0,6335.0,4.214,1.401,11.871
K08087.01,FALSE POSITIVE,1.085965104,10.716,10578.7,29.66,371873.86,6297.0,0.916,675.9,15896.0,4.152,2.404,15.799
K08088.01,FALSE POSITIVE,308.185801,3.689,708.7,2.12,0.66,230.0,0.023,9.5,5380.0,4.581,0.813,14.664
K08089.01,CANDIDATE,141.400279,3.031,790.1,41.55,188.78,945.0,0.401,12.9,4936.0,2.609,14.907,12.783
K08185.01,FALSE POSITIVE,398.71694,21.6,893.9,21.25,0.42,205.0,1.219,13.7,5303.0,4.594,0.771,14.966
K08186.01,FALSE POSITIVE,241.8591,12.77,659.0,2.81,2.34,315.0,0.313,9.7,5790.0,4.283,1.088,13.243
K08187.01,FALSE POSITIVE,353.04037,14.102,239.6,1.04,0.35,196.0,0.431,11.2,5061.0,4.635,0.668,13.859
K08188.01,FALSE POSITIVE,522.33888,13.53,423.7,5.65,2.69,327.0,0.039,12.0,5103.0,3.606,2.816,13.902
K08189.01,FALSE POSITIVE,473.56314,5.087,327.4,5.39,9.65,449.0,0.158,8.7,7056.0,3.722,2.937,13.065
K08190.01,FALSE POSITIVE,1.332565736,6.0828,2319.8,33.69,1849.94,1674.0,1.268,301.7,6014.0,4.494,0.958,15.625
K08191.01,FALSE POSITIVE,385.39743,21.69,132.3,1.59,1.57,285.0,0.587,10.9,5676.0,4.175,1.336,13.114
K08296.01,FALSE POSITIVE,272.54288087,3.0246,807.2,2.35,1.0,255.0,0.287,5.7,5677.0,4.563,0.828,15.111
K08297.01,CANDIDATE,229.957537,7.59,400.0,43.78,9.22,444.0,1.175,10.2,6419.0,3.978,2.057,10.505
K07977.01,FALSE POSITIVE,0.9439372,7.27446,279437.0,88.91,6347.81,2273.0,0.681,6351.7,5959.0,4.126,1.365,13.726
K07978.01,CANDIDATE,7.2681817,4.985,46.7,1.66,1027.95,1444.0,0.78,9.7,6297.0,3.89,2.219,13.729
K07979.01,FALSE POSITIVE,1.075158342,1.295,30.2,20.09,565413.02,6988.0,0.157,8.0,4067.0,1.541,38.446,12.032
K07980.01,FALSE POSITIVE,1.33255801,4.74,48.7,0.62,1025.1,1443.0,0.397,8.7,5161.0,4.452,0.892,15.305
K07981.01,FALSE POSITIVE,1.33250451,4.143,27.4,0.62,3726.12,1993.0,0.295,11.6,6600.0,4.364,1.157,13.793
K07982.01,CANDIDATE,376.37989,13.99,1140.0,3.26,1.16,265.0,0.305,13.3,6231.0,4.488,0.955,15.632
K07983.01,FALSE POSITIVE,453.64875,18.34,523.4,2.18,0.77,239.0,0.519,9.0,6060.0,4.509,0.925,15.677
K08090.01,FALSE POSITIVE,0.594274521,2.162,4691.5,8.7,8367.99,2436.0,0.833,83.9,6321.0,4.417,1.125,15.676
K08091.01,FALSE POSITIVE,239.179477,2.93,750.9,18.27,27.38,583.0,0.165,12.1,4915.0,3.063,6.877,13.265
K08092.01,FALSE POSITIVE,405.65377,11.02,521.0,2.03,0.87,246.0,0.102,7.7,6102.0,4.528,0.887,15.24
K08093.01,FALSE POSITIVE,73.992267,5.692,225.6,2.86,20.98,546.0,0.446,7.9,5271.0,3.878,1.895,13.791
K08094.01,FALSE POSITIVE,361.901618,4.984,184.1,0.95,0.37,198.0,0.093,8.5,5053.0,4.603,0.717,12.673
K08095.01,FALSE POSITIVE,508.04103,5.398,371.7,1.89,0.53,217.0,0.476,9.9,5672.0,4.503,0.965,13.942
K08096.01,FALSE POSITIVE,309.933134,7.165,176.1,1.8,2.43,319.0,0.73,8.3,6299.0,4.325,1.262,13.147
K08192.01,FALSE POSITIVE,266.977677,8.59,389.6,7.86,21.53,549.0,0.895,16.0,6619.0,3.595,3.41,13.357
K08193.01,CANDIDATE,367.947848,4.249,1301.0,3.72,0.64,228.0,0.902,10.7,5570.0,4.561,0.855,15.719
K08194.01,FALSE POSITIVE,236.25776888,3.3549,168.4,2.69,10.61,460.0,0.085,5.3,6645.0,3.952,2.054,12.885
K08195.01,FALSE POSITIVE,330.80879,21.669,274.8,2.13,1.67,290.0,0.92,24.4,6158.0,4.382,1.066,11.976
K08196.01,FALSE POSITIVE,522.64613,17.77,648.1,0.8,0.02,92.0,0.007,10.5,3439.0,4.939,0.318,15.279
K08197.01,FALSE POSITIVE,392.94247,11.055,120.3,1.6,3.43,347.0,0.01,10.0,6596.0,4.073,1.44,12.152
K08198.01,FALSE POSITIVE,373.89398,27.66,730.0,2.51,0.42,206.0,0.963,18.5,5263.0,4.574,0.699,14.911
K07984.01,FALSE POSITIVE,8.5898708,4.806,87.7,1.11,176.4,929.0,0.765,8.4,5638.0,4.296,1.088,14.478
K07985.01,FALSE POSITIVE,0.527698548,3.2221,1579.2,29.35,4500.53,2088.0,1.252,453.3,5638.0,4.529,0.903,14.082
K07986.01,CANDIDATE,1.73984941,3.114,48.5,0.72,1585.81,1608.0,0.043,10.6,6119.0,4.444,1.031,14.757
K07987.01,FALSE POSITIVE,0.681401611,0.865,103.6,1.07,5713.41,2218.0,0.147,12.3,6173.0,4.447,1.041,15.385
K07988.01,CANDIDATE,333.486169,3.199,639.1,19.3,22.68,557.0,0.214,14.0,4989.0,2.992,7.824,10.998
K07989.01,FALSE POSITIVE,4.85603482,3.078,76.7,1.05,607.42,1266.0,0.134,8.2,6469.0,4.385,1.193,14.826
